	Lineage	Species	Graph	Taxid	Common_name	Order	Female_maturity_(yrs)	Mass_(g)	Notes_on_missing_life_history	Expected_lifespan	Highest_max	Curated_Q90	Curated_Q95	Curated_E90	Curated_E95	Curated_max	Curated_lq	Curated_females_max	Curated_males_max
0	Theria,Eutheria,Boreoeutheria,Laurasiatheria,Artiodactyla,Ruminantia,Pecora,Antilocapridae,Antilocapra,Antilocapra americana	Antilocapra americana		9891	Pronghorn	Artiodactyla	1.5	46100.0		25.91	17.0	no age record available	no age record available	no age record available	no age record available	17.0	0.66		
1	Theria,Eutheria,Boreoeutheria,Laurasiatheria,Artiodactyla,Ruminantia,Pecora,Bovidae,Hippotraginae,Addax,Addax nasomaculatus	Addax nasomaculatus		59515	Addax	Artiodactyla	2.92	92500.0		29.49	28.0	no age record available	no age record available	no age record available	no age record available	28.0	0.95		
2	Theria,Eutheria,Boreoeutheria,Laurasiatheria,Artiodactyla,Ruminantia,Pecora,Bovidae,Aepycerotinae,Aepyceros,Aepyceros melampus	Aepyceros melampus		9897	Impala	Artiodactyla	1.25	52500.0		26.54	25.6	no age record available	no age record available	no age record available	no age record available	25.6	0.96		
3	Theria,Eutheria,Boreoeutheria,Laurasiatheria,Artiodactyla,Ruminantia,Pecora,Bovidae,Alcelaphinae,Alcelaphus,Alcelaphus buselaphus	Alcelaphus buselaphus		59517	Hartebeest	Artiodactyla	2.0	159000.0		32.62	22.5	no age record available	no age record available	no age record available	no age record available	22.5	0.69		
4	Theria,Eutheria,Boreoeutheria,Laurasiatheria,Artiodactyla,Ruminantia,Pecora,Bovidae,Caprinae,Ammotragus,Ammotragus lervia	Ammotragus lervia		9899	Aoudad	Artiodactyla	0.92	92500.0		29.49	21.7	no age record available	no age record available	no age record available	no age record available	21.7	0.74		
5	Theria,Eutheria,Boreoeutheria,Laurasiatheria,Artiodactyla,Ruminantia,Pecora,Bovidae,Antilopinae,Antidorcas,Antidorcas marsupialis	Antidorcas marsupialis		59523	Springbok	Artiodactyla	0.58	39000.0		25.12	20.0	no age record available	no age record available	no age record available	no age record available	20.0	0.8		
6	Theria,Eutheria,Boreoeutheria,Laurasiatheria,Artiodactyla,Ruminantia,Pecora,Bovidae,Antilopinae,Antilope,Antilope cervicapra	Antilope cervicapra		59525	Blackbuck	Artiodactyla	1.28	37500.0		24.93	23.9	no age record available	no age record available	no age record available	no age record available	23.9	0.96	18.0	
7	Theria,Eutheria,Boreoeutheria,Laurasiatheria,Artiodactyla,Ruminantia,Pecora,Bovidae,Bovinae,Bison,Bison bison	Bison bison		9901	American bison	Artiodactyla	2.5	630000.0		42.14	33.5	18.0	19.0	no age record available	no age record available	33.5	0.8		
8	Theria,Eutheria,Boreoeutheria,Laurasiatheria,Artiodactyla,Ruminantia,Pecora,Bovidae,Bovinae,Bison,Bison bonasus	Bison bonasus		9902	European bison	Artiodactyla	2.0	610000.0		41.89	27.0	no age record available	no age record available	no age record available	no age record available	27.0	0.64		
9	Theria,Eutheria,Boreoeutheria,Laurasiatheria,Artiodactyla,Ruminantia,Pecora,Bovidae,Bovinae,Bos,Bos gaurus	Bos gaurus		9904	Seladang	Artiodactyla	1.89	1500000.0	Mass filled from web encyclopedia; 	49.52	26.2	no age record available	no age record available	no age record available	no age record available	26.2	0.53		
10	Theria,Eutheria,Boreoeutheria,Laurasiatheria,Artiodactyla,Ruminantia,Pecora,Bovidae,Bovinae,Bos,Bos grunniens	Bos grunniens		30521	Yak	Artiodactyla	2.02	667000.0		42.59	26.3	no age record available	no age record available	no age record available	no age record available	26.3	0.62	25.0	
11	Theria,Eutheria,Boreoeutheria,Laurasiatheria,Artiodactyla,Ruminantia,Pecora,Bovidae,Bovinae,Bos,Bos taurus	Bos taurus	Available	9913	Domestic cattle	Artiodactyla	1.5	750000.0		43.53	36.5	18.06	19.83	20.45	21.97	23.17	0.53	36.5	27.3
12	Theria,Eutheria,Boreoeutheria,Laurasiatheria,Artiodactyla,Ruminantia,Pecora,Bovidae,Bovinae,Boselaphus,Boselaphus tragocamelus	Boselaphus tragocamelus		9917	Nilgai	Artiodactyla	2.23	180000.0		33.38	21.7	no age record available	no age record available	no age record available	no age record available	21.7	0.65		
13	Theria,Eutheria,Boreoeutheria,Laurasiatheria,Artiodactyla,Ruminantia,Pecora,Bovidae,Bovinae,Bubalus,Bubalus arnee	Bubalus arnee		2866655	Wild water buffalo	Artiodactyla	1.88	1200000.0	Mass filled from web encyclopedia; Age at female sexual maturity filled using lineage; 	47.5	25.0	no age record available	no age record available	no age record available	no age record available	25.0	0.53		
14	Theria,Eutheria,Boreoeutheria,Laurasiatheria,Artiodactyla,Ruminantia,Pecora,Bovidae,Bovinae,Bubalus,Bubalus depressicornis	Bubalus depressicornis		27596	Anoa	Artiodactyla	2.0	155000.0		32.46	36.1	no age record available	no age record available	no age record available	no age record available	36.1	1.11		
15	Theria,Eutheria,Boreoeutheria,Laurasiatheria,Artiodactyla,Ruminantia,Pecora,Bovidae,Bovinae,Bubalus,Bubalus mindorensis	Bubalus mindorensis		56639	Tamaraw	Artiodactyla	2.07	240000.0		35.21	28.0	no age record available	no age record available	no age record available	no age record available	28.0	0.8		
16	Theria,Eutheria,Boreoeutheria,Laurasiatheria,Artiodactyla,Ruminantia,Pecora,Bovidae,Caprinae,Budorcas,Budorcas taxicolor	Budorcas taxicolor		37181	Takin	Artiodactyla	2.0	180000.0		33.38	21.9	no age record available	no age record available	no age record available	no age record available	21.9	0.66		
17	Theria,Eutheria,Boreoeutheria,Laurasiatheria,Artiodactyla,Ruminantia,Pecora,Bovidae,Caprinae,Capra,Capra aegagrus	Capra aegagrus		9923	Wild goat	Artiodactyla	1.57	95000.0	Mass filled from web encyclopedia; 	29.64	12.0	no age record available	no age record available	no age record available	no age record available	12.0	0.4		
18	Theria,Eutheria,Boreoeutheria,Laurasiatheria,Artiodactyla,Ruminantia,Pecora,Bovidae,Caprinae,Capra,Capra cylindricornis	Capra cylindricornis		72541	East Caucasian tur	Artiodactyla	2.79	50000.0		26.3	22.0	no age record available	no age record available	no age record available	no age record available	22.0	0.84		
19	Theria,Eutheria,Boreoeutheria,Laurasiatheria,Artiodactyla,Ruminantia,Pecora,Bovidae,Caprinae,Capra,Capra falconeri	Capra falconeri		48167	Markhor	Artiodactyla	2.04	41000.0		25.35	19.1	no age record available	no age record available	no age record available	no age record available	19.1	0.75		
20	Theria,Eutheria,Boreoeutheria,Laurasiatheria,Artiodactyla,Ruminantia,Pecora,Bovidae,Caprinae,Capra,Capra hircus	Capra hircus		9925	Domestic goat	Artiodactyla	1.11	61000.0		27.29	20.8	no age record available	no age record available	no age record available	no age record available	20.8	0.76		
21	Theria,Eutheria,Boreoeutheria,Laurasiatheria,Artiodactyla,Ruminantia,Pecora,Bovidae,Caprinae,Capra,Capra ibex	Capra ibex		72542	Ibex	Artiodactyla	2.18	82500.0		28.87	22.3	no age record available	no age record available	no age record available	no age record available	22.3	0.77		
22	Theria,Eutheria,Boreoeutheria,Laurasiatheria,Artiodactyla,Ruminantia,Pecora,Bovidae,Caprinae,Capra,Capra nubiana	Capra nubiana		72543	Nubian ibex	Artiodactyla	2.24	46250.0		25.92	22.4	no age record available	no age record available	no age record available	no age record available	22.4	0.86		
23	Theria,Eutheria,Boreoeutheria,Laurasiatheria,Artiodactyla,Ruminantia,Pecora,Bovidae,Caprinae,Capra,Capra sibirica	Capra sibirica		72544	Siberian ibex	Artiodactyla	2.18	130000.0		31.42	22.3	no age record available	no age record available	no age record available	no age record available	22.3	0.71		
24	Theria,Eutheria,Boreoeutheria,Laurasiatheria,Artiodactyla,Ruminantia,Pecora,Bovidae,Caprinae,Capra,Capra pyrenaica	Capra pyrenaica		80419	Spanish ibex	Artiodactyla	1.5	57500.0		27.0	16.0	no age record available	no age record available	no age record available	no age record available	16.0	0.59		
25	Theria,Eutheria,Boreoeutheria,Laurasiatheria,Artiodactyla,Ruminantia,Pecora,Bovidae,Caprinae,Capricornis,Capricornis crispus	Capricornis crispus		9966	Japanese serow	Artiodactyla	3.0	80000.0		28.71	24.0	no age record available	no age record available	no age record available	no age record available	24.0	0.84		
26	Theria,Eutheria,Boreoeutheria,Laurasiatheria,Artiodactyla,Ruminantia,Pecora,Bovidae,Caprinae,Capricornis,Capricornis sumatraensis	Capricornis sumatraensis		34865	Serow	Artiodactyla	2.5	95000.0		29.64	21.0	no age record available	no age record available	no age record available	no age record available	21.0	0.71		
27	Theria,Eutheria,Boreoeutheria,Laurasiatheria,Artiodactyla,Ruminantia,Pecora,Bovidae,Cephalophinae,Philantomba,Philantomba monticola	Philantomba monticola		907742	Blue duiker	Artiodactyla	1.33	6250.0		17.87	15.9	no age record available	no age record available	no age record available	no age record available	15.9	0.89		
28	Theria,Eutheria,Boreoeutheria,Laurasiatheria,Artiodactyla,Ruminantia,Pecora,Bovidae,Cephalophinae,Cephalophorus,Cephalophorus nigrifrons	Cephalophorus nigrifrons		129227	Black-fronted duiker	Artiodactyla	0.74	13900.0	Age at female sexual maturity filled using lineage; 	20.73	19.7	no age record available	no age record available	no age record available	no age record available	19.7	0.95		
29	Theria,Eutheria,Boreoeutheria,Laurasiatheria,Artiodactyla,Ruminantia,Pecora,Bovidae,Alcelaphinae,Connochaetes,Connochaetes gnou	Connochaetes gnou		59528	Black Malddaba_life_tableebeest	Artiodactyla	2.09	132250.0		31.52	21.8	no age record available	no age record available	no age record available	no age record available	21.8	0.69		
30	Theria,Eutheria,Boreoeutheria,Laurasiatheria,Artiodactyla,Ruminantia,Pecora,Bovidae,Alcelaphinae,Connochaetes,Connochaetes taurinus	Connochaetes taurinus		9927	Blue Malddaba_life_tableebeest	Artiodactyla	1.13	164500.0		32.83	24.3	no age record available	no age record available	no age record available	no age record available	24.3	0.74		
31	Theria,Eutheria,Boreoeutheria,Laurasiatheria,Artiodactyla,Ruminantia,Pecora,Bovidae,Alcelaphinae,Damaliscus,Damaliscus pygargus	Damaliscus pygargus		9931	Bontebok, or Sassaby, or Blesbok	Artiodactyla	1.94	84500.0		29.0	23.0	no age record available	no age record available	no age record available	no age record available	23.0	0.79		
32	Theria,Eutheria,Boreoeutheria,Laurasiatheria,Artiodactyla,Ruminantia,Pecora,Bovidae,Antilopinae,Gazella,Gazella dorcas	Gazella dorcas		37751	Dorcas gazelle	Artiodactyla	2.0	14500.0		20.89	23.7	no age record available	no age record available	no age record available	no age record available	23.7	1.13		
33	Theria,Eutheria,Boreoeutheria,Laurasiatheria,Artiodactyla,Ruminantia,Pecora,Bovidae,Antilopinae,Gazella,Gazella gazella	Gazella gazella		69302	Mountain gazelle	Artiodactyla	1.3	23250.0		22.81	18.3	no age record available	no age record available	no age record available	no age record available	18.3	0.8		
34	Theria,Eutheria,Boreoeutheria,Laurasiatheria,Artiodactyla,Ruminantia,Pecora,Bovidae,Antilopinae,Gazella,Gazella leptoceros	Gazella leptoceros		69303	Rhim gazelle	Artiodactyla	0.43	48500.0		26.15	14.6	no age record available	no age record available	no age record available	no age record available	14.6	0.56		
35	Theria,Eutheria,Boreoeutheria,Laurasiatheria,Artiodactyla,Ruminantia,Pecora,Bovidae,Antilopinae,Nanger,Nanger soemmerringii	Nanger soemmerringii		69306	Soemmerring's gazelle	Artiodactyla	1.75	48500.0		26.15	15.5	no age record available	no age record available	no age record available	no age record available	15.5	0.59		
36	Theria,Eutheria,Boreoeutheria,Laurasiatheria,Artiodactyla,Ruminantia,Pecora,Bovidae,Antilopinae,Gazella,Gazella subgutturosa	Gazella subgutturosa		59529	Goitered gazelle	Artiodactyla	1.77	48500.0		26.15	16.3	no age record available	no age record available	no age record available	no age record available	16.3	0.62		
37	Theria,Eutheria,Boreoeutheria,Laurasiatheria,Artiodactyla,Ruminantia,Pecora,Bovidae,Antilopinae,Eudorcas,Eudorcas thomsonii	Eudorcas thomsonii		69308	Thomson's gazelle	Artiodactyla	1.0	25000.0		23.12	20.0	no age record available	no age record available	no age record available	no age record available	20.0	0.86		
38	Theria,Eutheria,Boreoeutheria,Laurasiatheria,Artiodactyla,Ruminantia,Pecora,Bovidae,Caprinae,Nilgiritragus,Nilgiritragus hylocrius	Nilgiritragus hylocrius		3349691	Nilgiri tahr	Artiodactyla	1.83	75000.0		28.36	17.3	no age record available	no age record available	no age record available	no age record available	17.3	0.61		
39	Theria,Eutheria,Boreoeutheria,Laurasiatheria,Artiodactyla,Ruminantia,Pecora,Bovidae,Caprinae,Arabitragus,Arabitragus jayakari	Arabitragus jayakari		330465	Arabian tahr	Artiodactyla	2.0	23000.0	Age at female sexual maturity filled using lineage; 	22.77	14.0	no age record available	no age record available	no age record available	no age record available	14.0	0.61		
40	Theria,Eutheria,Boreoeutheria,Laurasiatheria,Artiodactyla,Ruminantia,Pecora,Bovidae,Caprinae,Hemitragus,Hemitragus jemlahicus	Hemitragus jemlahicus		37179	Himalayan tahr	Artiodactyla	1.5	35200.0		24.64	24.0	no age record available	no age record available	no age record available	no age record available	24.0	0.97		
41	Theria,Eutheria,Boreoeutheria,Laurasiatheria,Artiodactyla,Ruminantia,Pecora,Bovidae,Hippotraginae,Hippotragus,Hippotragus equinus	Hippotragus equinus		37186	Roan antelope	Artiodactyla	2.0	225000.0		34.79	25.9	no age record available	no age record available	no age record available	no age record available	25.9	0.74		
42	Theria,Eutheria,Boreoeutheria,Laurasiatheria,Artiodactyla,Ruminantia,Pecora,Bovidae,Hippotraginae,Hippotragus,Hippotragus niger	Hippotragus niger		37189	Sable antelope	Artiodactyla	2.1	225000.0		34.79	22.2	no age record available	no age record available	no age record available	no age record available	22.2	0.64		
43	Theria,Eutheria,Boreoeutheria,Laurasiatheria,Artiodactyla,Ruminantia,Pecora,Bovidae,Reduncinae,Kobus,Kobus ellipsiprymnus	Kobus ellipsiprymnus		9962	Waterbuck	Artiodactyla	2.11	175333.0		33.22	30.0	no age record available	no age record available	no age record available	no age record available	30.0	0.9	18.5	
44	Theria,Eutheria,Boreoeutheria,Laurasiatheria,Artiodactyla,Ruminantia,Pecora,Bovidae,Reduncinae,Kobus,Kobus kob	Kobus kob		59530	Kob	Artiodactyla	1.1	105000.0		30.2	21.9	no age record available	no age record available	no age record available	no age record available	21.9	0.73		
45	Theria,Eutheria,Boreoeutheria,Laurasiatheria,Artiodactyla,Ruminantia,Pecora,Bovidae,Reduncinae,Kobus,Kobus leche	Kobus leche		59531	Lechwe	Artiodactyla	2.46	94800.0		29.63	27.0	no age record available	no age record available	no age record available	no age record available	27.0	0.91		
46	Theria,Eutheria,Boreoeutheria,Laurasiatheria,Artiodactyla,Ruminantia,Pecora,Bovidae,Reduncinae,Kobus,Kobus megaceros	Kobus megaceros		59532	Nile lechwe	Artiodactyla	2.0	90000.0		29.34	21.1	no age record available	no age record available	no age record available	no age record available	21.1	0.72		
47	Theria,Eutheria,Boreoeutheria,Laurasiatheria,Artiodactyla,Ruminantia,Pecora,Bovidae,Antilopinae,Litocranius,Litocranius walleri	Litocranius walleri		69311	Gerenuk	Artiodactyla	0.98	43500.0		25.63	17.3	no age record available	no age record available	no age record available	no age record available	17.3	0.67		
48	Theria,Eutheria,Boreoeutheria,Laurasiatheria,Artiodactyla,Ruminantia,Pecora,Bovidae,Antilopinae,Madoqua,Madoqua kirkii	Madoqua kirkii		66434	Kirk's dik-dik	Artiodactyla	0.58	5000.0		17.14	17.3	no age record available	no age record available	no age record available	no age record available	17.3	1.01		
49	Theria,Eutheria,Boreoeutheria,Laurasiatheria,Artiodactyla,Ruminantia,Pecora,Bovidae,Caprinae,Naemorhedus,Naemorhedus goral	Naemorhedus goral		34871	Goral	Artiodactyla	1.37	31750.0		24.17	17.6	no age record available	no age record available	no age record available	no age record available	17.6	0.73		
50	Theria,Eutheria,Boreoeutheria,Laurasiatheria,Artiodactyla,Ruminantia,Pecora,Bovidae,Antilopinae,Neotragus,Neotragus moschatus	Neotragus moschatus		66442	Suni	Artiodactyla	0.5	6500.0		18.0	13.5	no age record available	no age record available	no age record available	no age record available	13.5	0.75		
51	Theria,Eutheria,Boreoeutheria,Laurasiatheria,Artiodactyla,Ruminantia,Pecora,Bovidae,Antilopinae,Neotragus,Neotragus pygmaeus	Neotragus pygmaeus		1027985	Royal antelope	Artiodactyla	1.33	2250.0		14.77	11.1	no age record available	no age record available	no age record available	no age record available	11.1	0.75		
52	Theria,Eutheria,Boreoeutheria,Laurasiatheria,Artiodactyla,Ruminantia,Pecora,Bovidae,Caprinae,Oreamnos,Oreamnos americanus	Oreamnos americanus		34873	Mountain goat	Artiodactyla	2.5	90000.0		29.34	20.8	15.0	17.0	no age record available	no age record available	20.8	0.71	18.0	14.0
53	Theria,Eutheria,Boreoeutheria,Laurasiatheria,Artiodactyla,Ruminantia,Pecora,Bovidae,Antilopinae,Oreotragus,Oreotragus oreotragus	Oreotragus oreotragus		66444	Klipspringer	Artiodactyla	1.0	12000.0		20.17	25.9	no age record available	no age record available	no age record available	no age record available	25.9	1.28		
54	Theria,Eutheria,Boreoeutheria,Laurasiatheria,Artiodactyla,Ruminantia,Pecora,Bovidae,Hippotraginae,Oryx,Oryx gazella	Oryx gazella		9958	Gemsbok	Artiodactyla	1.51	170000.0		33.03	23.8	no age record available	no age record available	no age record available	no age record available	23.8	0.72		
55	Theria,Eutheria,Boreoeutheria,Laurasiatheria,Artiodactyla,Ruminantia,Pecora,Bovidae,Antilopinae,Ourebia,Ourebia ourebi	Ourebia ourebi		59536	Oribi	Artiodactyla	0.83	17000.0		21.52	15.9	no age record available	no age record available	no age record available	no age record available	15.9	0.74		
56	Theria,Eutheria,Boreoeutheria,Laurasiatheria,Artiodactyla,Ruminantia,Pecora,Bovidae,Caprinae,Ovibos,Ovibos moschatus	Ovibos moschatus		37176	Muskox	Artiodactyla	3.0	315000.0		37.04	27.4	no age record available	no age record available	no age record available	no age record available	27.4	0.74		
57	Theria,Eutheria,Boreoeutheria,Laurasiatheria,Artiodactyla,Ruminantia,Pecora,Bovidae,Caprinae,Ovis,Ovis ammon	Ovis ammon		30527	Argali	Artiodactyla	1.1	160000.0		32.66	16.8	no age record available	no age record available	no age record available	no age record available	16.8	0.51		
58	Theria,Eutheria,Boreoeutheria,Laurasiatheria,Artiodactyla,Ruminantia,Pecora,Bovidae,Caprinae,Ovis,Ovis canadensis	Ovis canadensis		37174	Bighorn sheep	Artiodactyla	1.94	70275.0		28.02	24.0	13.0	15.0	no age record available	no age record available	24.0	0.86		
59	Theria,Eutheria,Boreoeutheria,Laurasiatheria,Artiodactyla,Ruminantia,Pecora,Bovidae,Caprinae,Ovis,Ovis orientalis	Ovis orientalis		469796	Asiatic mouflon	Artiodactyla	1.6	50000.0	Mass filled from web encyclopedia; Age at female sexual maturity filled using lineage; 	26.3	13.0	no age record available	no age record available	no age record available	no age record available	13.0	0.49		
60	Theria,Eutheria,Boreoeutheria,Laurasiatheria,Artiodactyla,Ruminantia,Pecora,Bovidae,Peleinae,Pelea,Pelea capreolus	Pelea capreolus		59552	Common rhebok	Artiodactyla	1.66	25000.0	Age at female sexual maturity filled using lineage; 	23.12	12.33	no age record available	no age record available	no age record available	no age record available	12.33	0.53		
61	Theria,Eutheria,Boreoeutheria,Laurasiatheria,Artiodactyla,Ruminantia,Pecora,Bovidae,Antilopinae,Procapra,Procapra gutturosa	Procapra gutturosa		157669	Mongolian gazelle	Artiodactyla	1.46	30000.0		23.92	12.0	no age record available	no age record available	no age record available	no age record available	12.0	0.5		
62	Theria,Eutheria,Boreoeutheria,Laurasiatheria,Artiodactyla,Ruminantia,Pecora,Bovidae,Caprinae,Pseudois,Pseudois nayaur	Pseudois nayaur		59542	Bharal	Artiodactyla	2.0	55000.0		26.77	24.0	no age record available	no age record available	no age record available	no age record available	24.0	0.9		
63	Theria,Eutheria,Boreoeutheria,Laurasiatheria,Artiodactyla,Ruminantia,Pecora,Bovidae,Reduncinae,Redunca,Redunca arundinum	Redunca arundinum		59554	Southern reedbuck	Artiodactyla	1.22	58000.0	Age at female sexual maturity filled using lineage; 	27.04	16.8	no age record available	no age record available	no age record available	no age record available	16.8	0.62		
64	Theria,Eutheria,Boreoeutheria,Laurasiatheria,Artiodactyla,Ruminantia,Pecora,Bovidae,Reduncinae,Redunca,Redunca fulvorufula	Redunca fulvorufula		59555	Mountain reedbuck	Artiodactyla	1.06	30000.0		23.92	15.0	no age record available	no age record available	no age record available	no age record available	15.0	0.63		
65	Theria,Eutheria,Boreoeutheria,Laurasiatheria,Artiodactyla,Ruminantia,Pecora,Bovidae,Reduncinae,Redunca,Redunca redunca	Redunca redunca		59556	Bohar reedbuck	Artiodactyla	1.37	45500.0		25.85	18.0	no age record available	no age record available	no age record available	no age record available	18.0	0.7		
66	Theria,Eutheria,Boreoeutheria,Laurasiatheria,Artiodactyla,Ruminantia,Pecora,Bovidae,Caprinae,Rupicapra,Rupicapra rupicapra	Rupicapra rupicapra		34869	Chamois	Artiodactyla	1.85	37500.0	Curated max observed in Malddaba_life_table, determined from living animals, modeled from existing data, or determined from live individuals using methylation clock, likely underestimation;	24.93	26.0	20.0	22.0	no age record available	no age record available	26.0	1.04		
67	Theria,Eutheria,Boreoeutheria,Laurasiatheria,Artiodactyla,Ruminantia,Pecora,Bovidae,Antilopinae,Saiga,Saiga tatarica	Saiga tatarica		34875	Saiga	Artiodactyla	0.91	37500.0		24.93	12.0	no age record available	no age record available	no age record available	no age record available	12.0	0.48		
68	Theria,Eutheria,Boreoeutheria,Laurasiatheria,Artiodactyla,Ruminantia,Pecora,Bovidae,Cephalophinae,Sylvicapra,Sylvicapra grimmia	Sylvicapra grimmia		119562	Bush duiker	Artiodactyla	0.7	18500.0		21.86	15.4	no age record available	no age record available	no age record available	no age record available	15.4	0.7		
69	Theria,Eutheria,Boreoeutheria,Laurasiatheria,Artiodactyla,Ruminantia,Pecora,Bovidae,Bovinae,Syncerus,Syncerus caffer	Syncerus caffer		9970	African buffalo	Artiodactyla	4.04	700000.0		42.97	32.8	no age record available	no age record available	no age record available	no age record available	32.8	0.76		
70	Theria,Eutheria,Boreoeutheria,Laurasiatheria,Artiodactyla,Ruminantia,Pecora,Bovidae,Bovinae,Tragelaphus,Tragelaphus oryx	Tragelaphus oryx		9945	Eland	Artiodactyla	1.61	500000.0		40.37	26.1	no age record available	no age record available	no age record available	no age record available	26.1	0.65	23.6	
71	Theria,Eutheria,Boreoeutheria,Laurasiatheria,Artiodactyla,Ruminantia,Pecora,Bovidae,Bovinae,Tetracerus,Tetracerus quadricornis	Tetracerus quadricornis		73823	Four-horned antelope	Artiodactyla	1.0	19000.0		21.97	17.4	no age record available	no age record available	no age record available	no age record available	17.4	0.79		
72	Theria,Eutheria,Boreoeutheria,Laurasiatheria,Artiodactyla,Ruminantia,Pecora,Bovidae,Bovinae,Tragelaphus,Tragelaphus angasii	Tragelaphus angasii		66437	Nyala	Artiodactyla	1.24	120000.0		30.95	23.0	no age record available	no age record available	no age record available	no age record available	23.0	0.74		
73	Theria,Eutheria,Boreoeutheria,Laurasiatheria,Artiodactyla,Ruminantia,Pecora,Bovidae,Bovinae,Tragelaphus,Tragelaphus eurycerus	Tragelaphus eurycerus		69297	Bongo	Artiodactyla	2.21	307500.0		36.88	22.0	no age record available	no age record available	no age record available	no age record available	22.0	0.6	19.4	
74	Theria,Eutheria,Boreoeutheria,Laurasiatheria,Artiodactyla,Ruminantia,Pecora,Bovidae,Bovinae,Tragelaphus,Tragelaphus imberbis	Tragelaphus imberbis		9947	Lesser kudu	Artiodactyla	1.38	82500.0		28.87	19.8	no age record available	no age record available	no age record available	no age record available	19.8	0.69		
75	Theria,Eutheria,Boreoeutheria,Laurasiatheria,Artiodactyla,Ruminantia,Pecora,Bovidae,Bovinae,Tragelaphus,Tragelaphus spekii	Tragelaphus spekii		69298	Sitatunga	Artiodactyla	1.1	87500.0		29.19	22.6	no age record available	no age record available	no age record available	no age record available	22.6	0.77		
76	Theria,Eutheria,Boreoeutheria,Laurasiatheria,Artiodactyla,Ruminantia,Pecora,Bovidae,Bovinae,Tragelaphus,Tragelaphus strepsiceros	Tragelaphus strepsiceros		9946	Greater kudu	Artiodactyla	1.42	217500.0		34.58	23.5	no age record available	no age record available	no age record available	no age record available	23.5	0.68		
77	Theria,Eutheria,Boreoeutheria,Laurasiatheria,Artiodactyla,Tylopoda,Camelidae,Camelus,Camelus dromedarius	Camelus dromedarius	Available	9838	Dromedary	Artiodactyla	3.0	434000.0		39.32	40.0	24.02	25.91	26.96	29.07	30.66	0.78	34.88	36.33
78	Theria,Eutheria,Boreoeutheria,Laurasiatheria,Artiodactyla,Tylopoda,Camelidae,Camelus,Camelus ferus	Camelus ferus		419612	Bactrian camel	Artiodactyla	2.33	1000000.0	Mass filled from web encyclopedia; 	45.92	40.0	no age record available	no age record available	no age record available	no age record available	40.0	0.87		
79	Theria,Eutheria,Boreoeutheria,Laurasiatheria,Artiodactyla,Tylopoda,Camelidae,Lama,Lama guanicoe	Lama guanicoe		9840	Guanaco	Artiodactyla	1.0	127500.0		31.31	33.7	no age record available	no age record available	no age record available	no age record available	33.7	1.08		
80	Theria,Eutheria,Boreoeutheria,Laurasiatheria,Artiodactyla,Tylopoda,Camelidae,Vicugna,Vicugna vicugna	Vicugna vicugna		9843	Vicugna	Artiodactyla	2.0	50000.0		26.3	31.6	no age record available	no age record available	no age record available	no age record available	31.6	1.2		
81	Theria,Eutheria,Boreoeutheria,Laurasiatheria,Artiodactyla,Ruminantia,Pecora,Cervidae,Odocoileinae,Alces,Alces alces	Alces alces		9852	Moose	Artiodactyla	2.06	386000.0		38.47	27.0	13.0	14.0	no age record available	no age record available	27.0	0.7		
82	Theria,Eutheria,Boreoeutheria,Laurasiatheria,Artiodactyla,Ruminantia,Pecora,Cervidae,Cervinae,Axis,Axis axis	Axis axis		30531	Chital	Artiodactyla	2.1	36000.0		24.74	20.8	no age record available	no age record available	no age record available	no age record available	20.8	0.84		
83	Theria,Eutheria,Boreoeutheria,Laurasiatheria,Artiodactyla,Ruminantia,Pecora,Cervidae,Cervinae,Axis,Axis porcinus	Axis porcinus		57737	Hog deer	Artiodactyla	0.83	43000.0		25.58	22.9	no age record available	no age record available	no age record available	no age record available	22.9	0.9		
84	Theria,Eutheria,Boreoeutheria,Laurasiatheria,Artiodactyla,Ruminantia,Pecora,Cervidae,Odocoileinae,Capreolus,Capreolus capreolus	Capreolus capreolus		9858	Western roe deer	Artiodactyla	1.13	21666.7		22.51	17.5	13.0	13.0	no age record available	no age record available	17.5	0.78		
85	Theria,Eutheria,Boreoeutheria,Laurasiatheria,Artiodactyla,Ruminantia,Pecora,Cervidae,Cervinae,Cervus,Cervus elaphus	Cervus elaphus	Available	9860	Red deer	Artiodactyla	2.33	200000.0		34.04	35.73	17.56	20.06	21.09	23.33	25.01	0.73	35.73	27.96
86	Theria,Eutheria,Boreoeutheria,Laurasiatheria,Artiodactyla,Ruminantia,Pecora,Cervidae,Cervinae,Rucervus,Rucervus eldii	Rucervus eldii		1088090	Eld's deer	Artiodactyla	1.39	122500.0		31.07	20.5	9.0	10.0	no age record available	no age record available	20.5	0.66	19.4	
87	Theria,Eutheria,Boreoeutheria,Laurasiatheria,Artiodactyla,Ruminantia,Pecora,Cervidae,Cervinae,Cervus,Cervus albirostris	Cervus albirostris		1088058	Thorold's deer	Artiodactyla	2.0	135000.0		31.64	21.3	no age record available	no age record available	no age record available	no age record available	21.3	0.67		
88	Theria,Eutheria,Boreoeutheria,Laurasiatheria,Artiodactyla,Ruminantia,Pecora,Cervidae,Cervinae,Dama,Dama dama	Dama dama		30532	Fallow deer	Artiodactyla	1.33	70000.0		28.0	27.0	no age record available	no age record available	no age record available	no age record available	27.0	0.96		
89	Theria,Eutheria,Boreoeutheria,Laurasiatheria,Artiodactyla,Ruminantia,Pecora,Cervidae,Cervinae,Elaphurus,Elaphurus davidianus	Elaphurus davidianus		43332	Pere David's deer	Artiodactyla	2.25	186500.0		33.6	27.5	no age record available	no age record available	no age record available	no age record available	27.5	0.82		
90	Theria,Eutheria,Boreoeutheria,Laurasiatheria,Artiodactyla,Ruminantia,Pecora,Cervidae,Odocoileinae,Hippocamelus,Hippocamelus antisensis	Hippocamelus antisensis		371035	Taruca, or Guemals	Artiodactyla	1.22	45000.0	Age at female sexual maturity filled using lineage; 	25.79	10.6	no age record available	no age record available	no age record available	no age record available	10.6	0.41		
91	Theria,Eutheria,Boreoeutheria,Laurasiatheria,Artiodactyla,Ruminantia,Pecora,Cervidae,Hydropotinae,Hydropotes,Hydropotes inermis	Hydropotes inermis		9883	Chinese water deer	Artiodactyla	0.5	11500.0		20.01	13.92	no age record available	no age record available	no age record available	no age record available	13.92	0.7		
92	Theria,Eutheria,Boreoeutheria,Laurasiatheria,Artiodactyla,Ruminantia,Pecora,Cervidae,Odocoileinae,Mazama,Mazama americana	Mazama americana		43334	Red brocket	Artiodactyla	1.08	33000.0		24.35	17.1	no age record available	no age record available	no age record available	no age record available	17.1	0.7		
93	Theria,Eutheria,Boreoeutheria,Laurasiatheria,Artiodactyla,Ruminantia,Pecora,Cervidae,Odocoileinae,Subulo,Subulo gouazoubira	Subulo gouazoubira		52407	Gray brocket	Artiodactyla	1.08	17000.0		21.52	14.8	no age record available	no age record available	no age record available	no age record available	14.8	0.69		
94	Theria,Eutheria,Boreoeutheria,Laurasiatheria,Artiodactyla,Ruminantia,Pecora,Cervidae,Muntiacinae,Muntiacus,Muntiacus muntjak	Muntiacus muntjak		9888	Indian muntjac	Artiodactyla	0.74	21000.0		22.38	18.8	no age record available	no age record available	no age record available	no age record available	18.8	0.84		
95	Theria,Eutheria,Boreoeutheria,Laurasiatheria,Artiodactyla,Ruminantia,Pecora,Cervidae,Odocoileinae,Odocoileus,Odocoileus virginianus	Odocoileus virginianus	Available	9874	White-tailed deer	Artiodactyla	0.85	87000.0		29.16	33.23	15.86	18.34	19.31	21.72	23.14	0.79	33.23	31.73
96	Theria,Eutheria,Boreoeutheria,Laurasiatheria,Artiodactyla,Ruminantia,Pecora,Cervidae,Odocoileinae,Pudu,Pudu mephistophiles	Pudu mephistophiles		1088059	Northern pudu	Artiodactyla	0.75	6000.0	Mass filled from web encyclopedia; Age at female sexual maturity filled using lineage; 	17.73	10.0	no age record available	no age record available	no age record available	no age record available	10.0	0.56		
97	Theria,Eutheria,Boreoeutheria,Laurasiatheria,Artiodactyla,Ruminantia,Pecora,Cervidae,Odocoileinae,Pudu,Pudu puda	Pudu puda		163861	Southern pudu	Artiodactyla	0.75	10000.0		19.5	18.3	no age record available	no age record available	no age record available	no age record available	18.3	0.94		
98	Theria,Eutheria,Boreoeutheria,Laurasiatheria,Artiodactyla,Ruminantia,Pecora,Cervidae,Odocoileinae,Rangifer,Rangifer tarandus	Rangifer tarandus		9870	Caribou, or Reindeer	Artiodactyla	1.81	101250.0		29.99	21.8	no age record available	no age record available	no age record available	no age record available	21.8	0.73	10.0	8.0
99	Theria,Eutheria,Boreoeutheria,Laurasiatheria,Artiodactyla,Ruminantia,Pecora,Giraffidae,Giraffa,Giraffa camelopardalis	Giraffa camelopardalis		9894	Giraffe	Artiodactyla	3.5	800000.0		44.05	39.5	no age record available	no age record available	no age record available	no age record available	39.5	0.9	26.0	
100	Theria,Eutheria,Boreoeutheria,Laurasiatheria,Artiodactyla,Ruminantia,Pecora,Giraffidae,Okapia,Okapia johnstoni	Okapia johnstoni		86973	Okapi	Artiodactyla	1.58	225000.0		34.79	33.5	no age record available	no age record available	no age record available	no age record available	33.5	0.96		
101	Theria,Eutheria,Boreoeutheria,Laurasiatheria,Artiodactyla,Whippomorpha,Ancodonta,Hippopotamidae,Hexaprotodon,Hexaprotodon liberiensis	Hexaprotodon liberiensis		56798	Pygmy hippopotamus	Artiodactyla	3.5	215000.0		34.5	43.83	no age record available	no age record available	no age record available	no age record available	43.83	1.27		
102	Theria,Eutheria,Boreoeutheria,Laurasiatheria,Artiodactyla,Whippomorpha,Ancodonta,Hippopotamidae,Hippopotamus,Hippopotamus amphibius	Hippopotamus amphibius	Available	9833	Hippopotamus	Artiodactyla	3.5	3750000.0		58.72	61.21	48.34	50.98	51.98	54.17	55.43	0.94	61.21	59.23
103	Theria,Eutheria,Boreoeutheria,Laurasiatheria,Artiodactyla,Suina,Suidae,Babyrousa,Babyrousa babyrussa	Babyrousa babyrussa		41806	Babirusa	Artiodactyla	1.5	71500.0		28.11	24.0	no age record available	no age record available	no age record available	no age record available	24.0	0.85		
104	Theria,Eutheria,Boreoeutheria,Laurasiatheria,Artiodactyla,Suina,Suidae,Phacochoerus,Phacochoerus aethiopicus	Phacochoerus aethiopicus		85517	Desert Warthog	Artiodactyla	1.55	71000.0	Mass filled from web encyclopedia; 	28.08	18.8	no age record available	no age record available	no age record available	no age record available	18.8	0.67		
105	Theria,Eutheria,Boreoeutheria,Laurasiatheria,Artiodactyla,Suina,Suidae,Potamochoerus,Potamochoerus porcus	Potamochoerus porcus		273791	Red river hog	Artiodactyla	3.0	88000.0		29.22	22.0	no age record available	no age record available	no age record available	no age record available	22.0	0.75		
106	Theria,Eutheria,Boreoeutheria,Laurasiatheria,Artiodactyla,Suina,Suidae,Porcula,Porcula salvania	Porcula salvania		476284	Pygmy hog	Artiodactyla	1.92	8000.0		18.71	14.0	no age record available	no age record available	no age record available	no age record available	14.0	0.75		
107	Theria,Eutheria,Boreoeutheria,Laurasiatheria,Artiodactyla,Suina,Suidae,Sus,Sus scrofa	Sus scrofa	Available	9823	Wild boar	Artiodactyla	0.91	130000.0		31.42	27.0	14.97	16.44	17.03	18.46	19.32	0.61	25.4	24.1
108	Theria,Eutheria,Boreoeutheria,Laurasiatheria,Artiodactyla,Suina,Suidae,Sus,Sus verrucosus	Sus verrucosus		159856	Javan pig	Artiodactyla	0.75	76000.0		28.43	17.0	no age record available	no age record available	no age record available	no age record available	17.0	0.6		
109	Theria,Eutheria,Boreoeutheria,Laurasiatheria,Artiodactyla,Suina,Tayassuidae,Tayassu,Tayassu pecari	Tayassu pecari		30535	White-lipped peccary	Artiodactyla	1.5	22000.0		22.58	28.5	no age record available	no age record available	no age record available	no age record available	28.5	1.26		
110	Theria,Eutheria,Boreoeutheria,Laurasiatheria,Artiodactyla,Suina,Tayassuidae,Dicotyles,Dicotyles tajacu	Dicotyles tajacu		9829	Collared peccary	Artiodactyla	0.9	20200.0		22.22	31.5	no age record available	no age record available	no age record available	no age record available	31.5	1.42		
111	Theria,Eutheria,Boreoeutheria,Laurasiatheria,Artiodactyla,Ruminantia,Tragulina,Tragulidae,Hyemoschus,Hyemoschus aquaticus	Hyemoschus aquaticus		666915	Water chevrotain	Artiodactyla	1.1	11000.0		19.85	14.0	no age record available	no age record available	no age record available	no age record available	14.0	0.71		
112	Theria,Eutheria,Boreoeutheria,Laurasiatheria,Artiodactyla,Ruminantia,Tragulina,Tragulidae,Tragulus,Tragulus javanicus	Tragulus javanicus		9849	Lesser mouse-deer	Artiodactyla	0.46	2850.0		15.44	14.0	no age record available	no age record available	no age record available	no age record available	14.0	0.91		
113	Theria,Eutheria,Boreoeutheria,Laurasiatheria,Artiodactyla,Ruminantia,Tragulina,Tragulidae,Tragulus,Tragulus napu	Tragulus napu		9848	Greater mouse-deer	Artiodactyla	0.38	6500.0		18.0	16.7	no age record available	no age record available	no age record available	no age record available	16.7	0.93		
114	Theria,Eutheria,Boreoeutheria,Laurasiatheria,Carnivora,Caniformia,Musteloidea,Ailuridae,Ailurus,Ailurus fulgens	Ailurus fulgens		9649	Red panda	Carnivora	1.51	4325.0		16.68	19.0	no age record available	no age record available	no age record available	no age record available	19.0	1.14		
115	Theria,Eutheria,Boreoeutheria,Laurasiatheria,Carnivora,Caniformia,Ursidae,Ailuropoda,Ailuropoda melanoleuca	Ailuropoda melanoleuca		9646	Giant panda	Carnivora	6.0	117500.0		30.83	36.8	no age record available	no age record available	no age record available	no age record available	36.8	1.19		
116	Theria,Eutheria,Boreoeutheria,Laurasiatheria,Carnivora,Caniformia,Canidae,Vulpes,Vulpes lagopus	Vulpes lagopus		494514	Arctic fox	Carnivora	0.83	5200.0		17.27	16.3	no age record available	no age record available	no age record available	no age record available	16.3	0.94		
117	Theria,Eutheria,Boreoeutheria,Laurasiatheria,Carnivora,Caniformia,Canidae,Atelocynus,Atelocynus microtis	Atelocynus microtis		68722	Short-eared dog	Carnivora	1.01	9500.0	Age at female sexual maturity filled using lineage; 	19.31	11.9	no age record available	no age record available	no age record available	no age record available	11.9	0.62		
118	Theria,Eutheria,Boreoeutheria,Laurasiatheria,Carnivora,Caniformia,Canidae,Canis,Canis adustus	Canis adustus		68723	Side-striped jackal	Carnivora	0.75	10250.0		19.59	13.7	no age record available	no age record available	no age record available	no age record available	13.7	0.7		
119	Theria,Eutheria,Boreoeutheria,Laurasiatheria,Carnivora,Caniformia,Canidae,Canis,Canis aureus	Canis aureus		68724	Golden jackal	Carnivora	0.91	11000.0		19.85	18.8	no age record available	no age record available	no age record available	no age record available	18.8	0.95		
120	Theria,Eutheria,Boreoeutheria,Laurasiatheria,Carnivora,Caniformia,Canidae,Canis,Canis lupus	Canis lupus 		9612	Domestic dog	Carnivora	1.4	40000.0		25.23	29.5	no age record available	no age record available	no age record available	no age record available	29.5	1.17		
121	Theria,Eutheria,Boreoeutheria,Laurasiatheria,Carnivora,Caniformia,Canidae,Canis,Canis latrans	Canis latrans	Available	9614	Coyote	Carnivora	0.75	13250.0		20.55	22.6	16.32	17.14	17.77	18.8	19.69	0.96	20.16	22.6
122	Theria,Eutheria,Boreoeutheria,Laurasiatheria,Carnivora,Caniformia,Canidae,Canis,Canis lupus	Canis lupus	Available	9612	Gray wolf	Carnivora	1.83	26625.0		23.39	20.6	14.83	15.84	16.1	17.01	17.57	0.75	16.36	19.44
123	Theria,Eutheria,Boreoeutheria,Laurasiatheria,Carnivora,Caniformia,Canidae,Canis,Canis mesomelas	Canis mesomelas		68725	Black-backed jackal	Carnivora	0.85	10250.0		19.59	16.7	no age record available	no age record available	no age record available	no age record available	16.7	0.85		
124	Theria,Eutheria,Boreoeutheria,Laurasiatheria,Carnivora,Caniformia,Canidae,Canis,Canis rufus	Canis rufus		45781	Red wolf	Carnivora	1.08	39000.0	Mass filled from web encyclopedia; Age at female sexual maturity filled using lineage; 	25.12	20.0	no age record available	no age record available	no age record available	no age record available	20.0	0.8		
125	Theria,Eutheria,Boreoeutheria,Laurasiatheria,Carnivora,Caniformia,Canidae,Cerdocyon,Cerdocyon thous	Cerdocyon thous		9620	Crab-eating fox	Carnivora	0.75	6500.0		18.0	12.7	no age record available	no age record available	no age record available	no age record available	12.7	0.71		
126	Theria,Eutheria,Boreoeutheria,Laurasiatheria,Carnivora,Caniformia,Canidae,Chrysocyon,Chrysocyon brachyurus	Chrysocyon brachyurus		68728	Maned wolf	Carnivora	2.0	21500.0		22.48	16.8	no age record available	no age record available	no age record available	no age record available	16.8	0.75		
127	Theria,Eutheria,Boreoeutheria,Laurasiatheria,Carnivora,Caniformia,Canidae,Cuon,Cuon alpinus	Cuon alpinus		68730	Dhole	Carnivora	1.0	15750.0		21.22	16.1	no age record available	no age record available	no age record available	no age record available	16.1	0.76		
128	Theria,Eutheria,Boreoeutheria,Laurasiatheria,Carnivora,Caniformia,Canidae,Vulpes,Vulpes zerda	Vulpes zerda		68732	Fennec	Carnivora	0.75	1250.0		13.24	16.3	no age record available	no age record available	no age record available	no age record available	16.3	1.23		
129	Theria,Eutheria,Boreoeutheria,Laurasiatheria,Carnivora,Caniformia,Canidae,Lycaon,Lycaon pictus	Lycaon pictus		9622	African Malddaba_life_table dog	Carnivora	1.75	26500.0		23.37	17.0	7.0	10.0	no age record available	no age record available	17.0	0.73		
130	Theria,Eutheria,Boreoeutheria,Laurasiatheria,Carnivora,Caniformia,Canidae,Nyctereutes,Nyctereutes procyonoides	Nyctereutes procyonoides		34880	Raccoon dog	Carnivora	0.83	6500.0		18.0	16.6	no age record available	no age record available	no age record available	no age record available	16.6	0.92		
131	Theria,Eutheria,Boreoeutheria,Laurasiatheria,Carnivora,Caniformia,Canidae,Otocyon,Otocyon megalotis	Otocyon megalotis		9624	Bat-eared fox	Carnivora	1.0	4150.0		16.56	17.0	no age record available	no age record available	no age record available	no age record available	17.0	1.03		
132	Theria,Eutheria,Boreoeutheria,Laurasiatheria,Carnivora,Caniformia,Canidae,Lycalopex,Lycalopex gymnocercus	Lycalopex gymnocercus		425201	Pampas fox	Carnivora	0.83	8500.0		18.92	13.7	no age record available	no age record available	no age record available	no age record available	13.7	0.72		
133	Theria,Eutheria,Boreoeutheria,Laurasiatheria,Carnivora,Caniformia,Canidae,Speothos,Speothos venaticus	Speothos venaticus		68741	Bush dog	Carnivora	0.83	6000.0		17.73	14.1	no age record available	no age record available	no age record available	no age record available	14.1	0.8		
134	Theria,Eutheria,Boreoeutheria,Laurasiatheria,Carnivora,Caniformia,Canidae,Urocyon,Urocyon cinereoargenteus	Urocyon cinereoargenteus	Available	55040	Gray fox	Carnivora	0.94	4750.0		16.98	22.86	14.89	15.65	16.5	17.67	18.73	1.1	22.86	19.72
135	Theria,Eutheria,Boreoeutheria,Laurasiatheria,Carnivora,Caniformia,Canidae,Vulpes,Vulpes bengalensis	Vulpes bengalensis		2494276	Indian fox	Carnivora	0.92	2375.0	Age at female sexual maturity filled using lineage; 	14.92	10.0	no age record available	no age record available	no age record available	no age record available	10.0	0.67		
136	Theria,Eutheria,Boreoeutheria,Laurasiatheria,Carnivora,Caniformia,Canidae,Vulpes,Vulpes cana	Vulpes cana		354190	Blanford's fox	Carnivora	0.83	1000.0		12.71	10.0	no age record available	no age record available	no age record available	no age record available	10.0	0.79		
137	Theria,Eutheria,Boreoeutheria,Laurasiatheria,Carnivora,Caniformia,Canidae,Vulpes,Vulpes chama	Vulpes chama		9626	Cape fox	Carnivora	0.75	4000.0		16.44	10.0	no age record available	no age record available	no age record available	no age record available	10.0	0.61		
138	Theria,Eutheria,Boreoeutheria,Laurasiatheria,Carnivora,Caniformia,Canidae,Vulpes,Vulpes macrotis	Vulpes macrotis		9630	Kit fox	Carnivora	1.0	2500.0		15.07	20.0	no age record available	no age record available	no age record available	no age record available	20.0	1.33		
139	Theria,Eutheria,Boreoeutheria,Laurasiatheria,Carnivora,Caniformia,Canidae,Vulpes,Vulpes pallida	Vulpes pallida		1224817	Pale fox	Carnivora	0.86	2800.0		15.39	16.0	no age record available	no age record available	no age record available	no age record available	16.0	1.04		
140	Theria,Eutheria,Boreoeutheria,Laurasiatheria,Carnivora,Caniformia,Canidae,Vulpes,Vulpes velox	Vulpes velox		9631	Swift fox	Carnivora	1.0	2400.0		14.95	15.9	no age record available	no age record available	no age record available	no age record available	15.9	1.06		
141	Theria,Eutheria,Boreoeutheria,Laurasiatheria,Carnivora,Caniformia,Canidae,Vulpes,Vulpes vulpes	Vulpes vulpes	Available	9627	Red fox	Carnivora	0.83	4131.7		16.54	25.02	13.54	14.52	15.3	16.59	17.99	1.09	25.02	24.33
142	Theria,Eutheria,Boreoeutheria,Laurasiatheria,Carnivora,Feliformia,Felidae,Felinae,Acinonyx,Acinonyx jubatus	Acinonyx jubatus		32536	Cheetah	Carnivora	1.25	53500.0		26.64	20.5	no age record available	no age record available	no age record available	no age record available	20.5	0.77		
143	Theria,Eutheria,Boreoeutheria,Laurasiatheria,Carnivora,Feliformia,Felidae,Felinae,Caracal,Caracal caracal	Caracal caracal		61394	Caracal	Carnivora	1.25	16000.0		21.28	20.3	no age record available	no age record available	no age record available	no age record available	20.3	0.95		
144	Theria,Eutheria,Boreoeutheria,Laurasiatheria,Carnivora,Feliformia,Felidae,Felinae,Felis,Felis catus	Felis catus	Available	9685	Domestic cat	Carnivora	0.79	3900.0		16.37	34.0	15.67	17.04	17.47	18.59	19.15	1.17		
145	Theria,Eutheria,Boreoeutheria,Laurasiatheria,Carnivora,Feliformia,Felidae,Felinae,Puma,Puma concolor	Puma concolor	Available	9696	Cougar	Carnivora	2.5	63000.0		27.46	34.95	19.1	20.39	21.28	22.89	24.32	0.89	34.95	29.88
146	Theria,Eutheria,Boreoeutheria,Laurasiatheria,Carnivora,Feliformia,Felidae,Felinae,Lynx,Lynx lynx	Lynx lynx		13125	Eurasian lynx	Carnivora	1.75	23000.0		22.77	26.8	no age record available	no age record available	no age record available	no age record available	26.8	1.18		
147	Theria,Eutheria,Boreoeutheria,Laurasiatheria,Carnivora,Feliformia,Felidae,Felinae,Felis,Felis nigripes	Felis nigripes		61379	Black-footed cat	Carnivora	1.22	2125.0		14.62	15.6	no age record available	no age record available	no age record available	no age record available	15.6	1.07		
148	Theria,Eutheria,Boreoeutheria,Laurasiatheria,Carnivora,Feliformia,Felidae,Felinae,Leopardus,Leopardus pardalis	Leopardus pardalis		32538	Ocelot	Carnivora	1.64	8800.0		19.04	28.2	no age record available	no age record available	no age record available	no age record available	28.2	1.48		
149	Theria,Eutheria,Boreoeutheria,Laurasiatheria,Carnivora,Feliformia,Felidae,Felinae,Lynx,Lynx rufus	Lynx rufus	Available	61384	Bobcat	Carnivora	1.0	8600.0		18.96	32.33	22.31	23.36	23.79	24.82	25.46	1.34	26.77	29.59
150	Theria,Eutheria,Boreoeutheria,Laurasiatheria,Carnivora,Feliformia,Felidae,Felinae,Leptailurus,Leptailurus serval	Leptailurus serval		61405	Serval	Carnivora	2.25	13350.0		20.57	23.0	no age record available	no age record available	no age record available	no age record available	23.0	1.12	19.8	
151	Theria,Eutheria,Boreoeutheria,Laurasiatheria,Carnivora,Feliformia,Felidae,Felinae,Felis,Felis silvestris	Felis silvestris		9683	Wild cat	Carnivora	0.83	5500.0		17.45	19.0	no age record available	no age record available	no age record available	no age record available	19.0	1.09		
152	Theria,Eutheria,Boreoeutheria,Laurasiatheria,Carnivora,Feliformia,Felidae,Felinae,Catopuma,Catopuma temminckii	Catopuma temminckii		61455	Asiatic golden cat	Carnivora	1.75	13500.0		20.62	23.0	no age record available	no age record available	no age record available	no age record available	23.0	1.12		
153	Theria,Eutheria,Boreoeutheria,Laurasiatheria,Carnivora,Feliformia,Felidae,Felinae,Leopardus,Leopardus wiedii	Leopardus wiedii		61382	Margay	Carnivora	1.8	3666.7		16.18	24.0	no age record available	no age record available	no age record available	no age record available	24.0	1.48		
154	Theria,Eutheria,Boreoeutheria,Laurasiatheria,Carnivora,Feliformia,Felidae,Felinae,Leopardus,Leopardus tigrinus	Leopardus tigrinus		46842	Little spotted cat	Carnivora	1.59	2250.0	Age at female sexual maturity filled using lineage; 	14.77	21.9	no age record available	no age record available	no age record available	no age record available	21.9	1.48		
155	Theria,Eutheria,Boreoeutheria,Laurasiatheria,Carnivora,Feliformia,Felidae,Pantherinae,Neofelis,Neofelis nebulosa	Neofelis nebulosa	Available	61452	Clouded leopard	Carnivora	2.0	19500.0		22.08	25.58	17.72	18.74	19.14	20.01	20.76	0.94	24.65	25.58
156	Theria,Eutheria,Boreoeutheria,Laurasiatheria,Carnivora,Feliformia,Felidae,Pantherinae,Panthera,Panthera tigris	Panthera tigris		9694	Tiger	Carnivora	3.47	119700.0		30.94	26.3	no age record available	no age record available	no age record available	no age record available	26.3	0.85		
157	Theria,Eutheria,Boreoeutheria,Laurasiatheria,Carnivora,Feliformia,Felidae,Pantherinae,Panthera,Panthera leo	Panthera leo		9689	Lion	Carnivora	3.0	175000.0		33.21	30.0	13.0	15.0	no age record available	no age record available	30.0	0.9		
158	Theria,Eutheria,Boreoeutheria,Laurasiatheria,Carnivora,Feliformia,Felidae,Pantherinae,Panthera,Panthera onca	Panthera onca		9690	Jaguar	Carnivora	2.0	81150.0		28.78	28.0	no age record available	no age record available	no age record available	no age record available	28.0	0.97		
159	Theria,Eutheria,Boreoeutheria,Laurasiatheria,Carnivora,Feliformia,Felidae,Pantherinae,Panthera,Panthera pardus	Panthera pardus		9691	Leopard	Carnivora	2.57	53750.0		26.66	27.3	17.0	17.0	no age record available	no age record available	27.3	1.02		
160	Theria,Eutheria,Boreoeutheria,Laurasiatheria,Carnivora,Feliformia,Felidae,Pantherinae,Panthera,Panthera uncia	Panthera uncia		29064	Snow leopard	Carnivora	2.0	50000.0		26.3	21.2	no age record available	no age record available	no age record available	no age record available	21.2	0.81		
161	Theria,Eutheria,Boreoeutheria,Laurasiatheria,Carnivora,Feliformia,Felidae,Felinae,Prionailurus,Prionailurus bengalensis	Prionailurus bengalensis		37029	Leopard cat	Carnivora	1.0	5000.0		17.14	17.0	no age record available	no age record available	no age record available	no age record available	17.0	0.99		
162	Theria,Eutheria,Boreoeutheria,Laurasiatheria,Carnivora,Feliformia,Hyaenidae,Crocuta,Crocuta crocuta	Crocuta crocuta		9678	Spotted hyena	Carnivora	3.0	63000.0		27.46	41.1	no age record available	no age record available	no age record available	no age record available	41.1	1.5		
163	Theria,Eutheria,Boreoeutheria,Laurasiatheria,Carnivora,Feliformia,Hyaenidae,Parahyaena,Parahyaena brunnea	Parahyaena brunnea		172271	Brown hyena	Carnivora	2.74	42250.0		25.49	31.9	no age record available	no age record available	no age record available	no age record available	31.9	1.25		
164	Theria,Eutheria,Boreoeutheria,Laurasiatheria,Carnivora,Feliformia,Hyaenidae,Hyaena,Hyaena hyaena	Hyaena hyaena		95912	Striped hyena	Carnivora	2.19	40000.0		25.23	25.0	no age record available	no age record available	no age record available	no age record available	25.0	0.99		
165	Theria,Eutheria,Boreoeutheria,Laurasiatheria,Carnivora,Feliformia,Hyaenidae,Proteles,Proteles cristata	Proteles cristata		9680	Aardwolf	Carnivora	1.73	10000.0		19.5	20.0	no age record available	no age record available	no age record available	no age record available	20.0	1.03		
166	Theria,Eutheria,Boreoeutheria,Laurasiatheria,Carnivora,Caniformia,Musteloidea,Mustelidae,Lutrinae,Aonyx,Aonyx capensis	Aonyx capensis		76722	African clawless otter	Carnivora	1.0	23500.0		22.86	14.2	no age record available	no age record available	no age record available	no age record available	14.2	0.62		
167	Theria,Eutheria,Boreoeutheria,Laurasiatheria,Carnivora,Caniformia,Musteloidea,Mustelidae,Melinae,Arctonyx,Arctonyx collaris	Arctonyx collaris		139309	Hog badger	Carnivora	1.0	10500.0	Age at female sexual maturity filled using lineage; 	19.68	15.8	no age record available	no age record available	no age record available	no age record available	15.8	0.8		
168	Theria,Eutheria,Boreoeutheria,Laurasiatheria,Carnivora,Caniformia,Musteloidea,Mephitidae,Conepatus,Conepatus chinga	Conepatus chinga		30542	Molina's hog-nosed skunk	Carnivora	0.87	3400.0	Age at female sexual maturity filled using lineage; 	15.95	10.0	no age record available	no age record available	no age record available	no age record available	10.0	0.63		
169	Theria,Eutheria,Boreoeutheria,Laurasiatheria,Carnivora,Caniformia,Musteloidea,Mephitidae,Conepatus,Conepatus leuconotus	Conepatus leuconotus		30543	American hog-nosed skunk, or Hog-nosed skunk	Carnivora	0.87	1900.0		14.32	10.2	no age record available	no age record available	no age record available	no age record available	10.2	0.71		
170	Theria,Eutheria,Boreoeutheria,Laurasiatheria,Carnivora,Caniformia,Musteloidea,Mustelidae,Guloninae,Eira,Eira barbara	Eira barbara		204263	Tayra	Carnivora	1.92	4500.0		16.81	22.3	no age record available	no age record available	no age record available	no age record available	22.3	1.33		
171	Theria,Eutheria,Boreoeutheria,Laurasiatheria,Carnivora,Caniformia,Musteloidea,Mustelidae,Lutrinae,Enhydra,Enhydra lutris	Enhydra lutris		34882	Sea otter	Carnivora	2.67	25850.0		23.27	30.0	13.0	14.0	no age record available	no age record available	30.0	1.29	23.0	19.0
172	Theria,Eutheria,Boreoeutheria,Laurasiatheria,Carnivora,Caniformia,Musteloidea,Mustelidae,Galictinae,Galictis,Galictis vittata	Galictis vittata		204265	Greater grison	Carnivora	0.76	2300.0	Age at female sexual maturity filled using lineage; 	14.83	12.5	no age record available	no age record available	no age record available	no age record available	12.5	0.84		
173	Theria,Eutheria,Boreoeutheria,Laurasiatheria,Carnivora,Caniformia,Musteloidea,Mustelidae,Guloninae,Gulo,Gulo gulo	Gulo gulo		48420	Wolverine	Carnivora	1.94	16333.3		21.36	19.5	no age record available	no age record available	no age record available	no age record available	19.5	0.91		
174	Theria,Eutheria,Boreoeutheria,Laurasiatheria,Carnivora,Caniformia,Musteloidea,Mustelidae,Galictinae,Ictonyx,Ictonyx striatus	Ictonyx striatus		55050	Striped polecat	Carnivora	0.83	910.0		12.48	14.0	no age record available	no age record available	no age record available	no age record available	14.0	1.12		
175	Theria,Eutheria,Boreoeutheria,Laurasiatheria,Carnivora,Caniformia,Musteloidea,Mustelidae,Lutrinae,Lontra,Lontra canadensis	Lontra canadensis	Available	76717	Northern river otter	Carnivora	2.0	9000.0		19.12	30.11	18.99	20.13	20.79	22.08	23.38	1.22	28.72	30.11
176	Theria,Eutheria,Boreoeutheria,Laurasiatheria,Carnivora,Caniformia,Musteloidea,Mustelidae,Lutrinae,Lutra,Lutra lutra	Lutra lutra	Available	9657	European otter	Carnivora	1.5	6750.0		18.12	29.28	14.99	16.45	16.99	18.36	19.45	1.07	29.28	25.47
177	Theria,Eutheria,Boreoeutheria,Laurasiatheria,Carnivora,Caniformia,Musteloidea,Mustelidae,Guloninae,Martes,Martes americana	Martes americana		9660	American marten	Carnivora	1.0	884.0		12.42	17.8	no age record available	no age record available	no age record available	no age record available	17.8	1.43		
178	Theria,Eutheria,Boreoeutheria,Laurasiatheria,Carnivora,Caniformia,Musteloidea,Mustelidae,Guloninae,Martes,Martes flavigula	Martes flavigula		74864	Yellow-throated marten	Carnivora	3.46	2500.0		15.07	16.0	no age record available	no age record available	no age record available	no age record available	16.0	1.06		
179	Theria,Eutheria,Boreoeutheria,Laurasiatheria,Carnivora,Caniformia,Musteloidea,Mustelidae,Guloninae,Martes,Martes foina	Martes foina		9659	Beech marten	Carnivora	1.5	1700.0		14.02	18.2	no age record available	no age record available	no age record available	no age record available	18.2	1.3		
180	Theria,Eutheria,Boreoeutheria,Laurasiatheria,Carnivora,Caniformia,Musteloidea,Mustelidae,Guloninae,Martes,Martes martes	Martes martes	Available	29065	European pine marten	Carnivora	1.25	1300.0		13.34	23.4	17.9	19.26	19.66	20.76	21.54	1.61	22.01	23.4
181	Theria,Eutheria,Boreoeutheria,Laurasiatheria,Carnivora,Caniformia,Musteloidea,Mustelidae,Guloninae,Pekania,Pekania pennanti	Pekania pennanti		76720	Fisher	Carnivora	1.0	3175.0		15.75	14.3	no age record available	no age record available	no age record available	no age record available	14.3	0.91		
182	Theria,Eutheria,Boreoeutheria,Laurasiatheria,Carnivora,Caniformia,Musteloidea,Mustelidae,Guloninae,Martes,Martes zibellina	Martes zibellina		36722	Sable	Carnivora	1.25	1066.7		12.86	22.0	no age record available	no age record available	no age record available	no age record available	22.0	1.71		
183	Theria,Eutheria,Boreoeutheria,Laurasiatheria,Carnivora,Caniformia,Musteloidea,Mustelidae,Melinae,Meles,Meles meles	Meles meles	Available	9662	European badger, or Old World badger	Carnivora	1.0	13000.0		20.47	21.44	16.26	17.09	17.77	18.81	19.74	0.96	20.52	21.44
184	Theria,Eutheria,Boreoeutheria,Laurasiatheria,Carnivora,Caniformia,Musteloidea,Mustelidae,Mellivoriane,Mellivora,Mellivora capensis	Mellivora capensis		9664	Honey badger	Carnivora	1.82	10000.0		19.5	31.3	no age record available	no age record available	no age record available	no age record available	31.3	1.61		
185	Theria,Eutheria,Boreoeutheria,Laurasiatheria,Carnivora,Caniformia,Musteloidea,Mustelidae,Helictidinae,Melogale,Melogale moschata	Melogale moschata		204267	Chinese ferret-badger	Carnivora	1.35	672.0	Age at female sexual maturity filled using lineage; 	11.8	19.0	no age record available	no age record available	no age record available	no age record available	19.0	1.61		
186	Theria,Eutheria,Boreoeutheria,Laurasiatheria,Carnivora,Caniformia,Musteloidea,Mephitidae,Mephitis,Mephitis mephitis	Mephitis mephitis	Available	30548	Striped skunk	Carnivora	0.92	3500.0		16.04	17.51	9.05	9.97	10.47	11.49	12.42	0.77	17.51	17.0
187	Theria,Eutheria,Boreoeutheria,Laurasiatheria,Carnivora,Caniformia,Musteloidea,Mustelidae,Mustelinae,Mustela,Mustela lutreola	Mustela lutreola	Available	9666	European mink	Carnivora	0.88	590.0		11.52	13.38	8.85	9.6	9.92	10.57	11.08	0.96	11.99	13.38
188	Theria,Eutheria,Boreoeutheria,Laurasiatheria,Carnivora,Caniformia,Musteloidea,Mustelidae,Mustelinae,Mustela,Mustela nigripes	Mustela nigripes		77151	Black-footed ferret	Carnivora	1.0	1021.0		12.75	12.0	no age record available	no age record available	no age record available	no age record available	12.0	0.94		
189	Theria,Eutheria,Boreoeutheria,Laurasiatheria,Carnivora,Caniformia,Musteloidea,Mustelidae,Mustelinae,Mustela,Mustela putorius	Mustela putorius		9668	European polecat	Carnivora	0.85	809.0		12.21	14.0	no age record available	no age record available	no age record available	no age record available	14.0	1.15		
190	Theria,Eutheria,Boreoeutheria,Laurasiatheria,Carnivora,Caniformia,Musteloidea,Mustelidae,Mustelinae,Mustela,Mustela sibirica	Mustela sibirica		36240	Siberian weasel	Carnivora	0.7	565.0	Age at female sexual maturity filled using lineage; 	11.43	8.8	no age record available	no age record available	no age record available	no age record available	8.8	0.77		
191	Theria,Eutheria,Boreoeutheria,Laurasiatheria,Carnivora,Caniformia,Musteloidea,Mustelidae,Mustelinae,Neogale,Neogale vison	Neogale vison		452646	American mink	Carnivora	0.91	925.0		12.52	11.4	no age record available	no age record available	no age record available	no age record available	11.4	0.91		
192	Theria,Eutheria,Boreoeutheria,Laurasiatheria,Carnivora,Caniformia,Musteloidea,Mustelidae,Galictinae,Ictonyx,Ictonyx libycus	Ictonyx libycus		470560	Saharan striped polecat	Carnivora	0.83	425.0	Age at female sexual maturity filled using lineage; Curated max low relative to order, likely underestimation;	10.84	5.0	no age record available	no age record available	no age record available	no age record available	5.0	0.46		
193	Theria,Eutheria,Boreoeutheria,Laurasiatheria,Carnivora,Caniformia,Musteloidea,Mustelidae,Galictinae,Poecilogale,Poecilogale albinucha	Poecilogale albinucha		311562	African striped weasel	Carnivora	1.2	280.0	Curated max low relative to order, likely underestimation;	10.03	5.2	no age record available	no age record available	no age record available	no age record available	5.2	0.52		
194	Theria,Eutheria,Boreoeutheria,Laurasiatheria,Carnivora,Caniformia,Musteloidea,Mustelidae,Lutrinae,Pteronura,Pteronura brasiliensis	Pteronura brasiliensis		9672	Giant otter	Carnivora	2.0	24000.0		22.95	17.3	no age record available	no age record available	no age record available	no age record available	17.3	0.75		
195	Theria,Eutheria,Boreoeutheria,Laurasiatheria,Carnivora,Caniformia,Musteloidea,Mephitidae,Spilogale,Spilogale putorius	Spilogale putorius		30552	Eastern spotted skunk	Carnivora	0.42	600.0		11.55	10.5	no age record available	no age record available	no age record available	no age record available	10.5	0.91		
196	Theria,Eutheria,Boreoeutheria,Laurasiatheria,Carnivora,Caniformia,Musteloidea,Mustelidae,Taxidiinae,Taxidea,Taxidea taxus	Taxidea taxus		30554	American badger	Carnivora	0.5	8000.0		18.71	26.0	no age record available	no age record available	no age record available	no age record available	26.0	1.39		
197	Theria,Eutheria,Boreoeutheria,Laurasiatheria,Carnivora,Caniformia,Musteloidea,Mustelidae,Galictinae,Vormela,Vormela peregusna	Vormela peregusna		300627	Marbled polecat	Carnivora	0.25	542.5		11.34	8.92	no age record available	no age record available	no age record available	no age record available	8.92	0.79		
198	Theria,Eutheria,Boreoeutheria,Laurasiatheria,Carnivora,Caniformia,Musteloidea,Procyonidae,Bassaricyon,Bassaricyon gabbii	Bassaricyon gabbii		48422	Olingo	Carnivora	1.88	1235.0		13.21	24.0	no age record available	no age record available	no age record available	no age record available	24.0	1.82		
199	Theria,Eutheria,Boreoeutheria,Laurasiatheria,Carnivora,Caniformia,Musteloidea,Procyonidae,Bassariscus,Bassariscus astutus	Bassariscus astutus		55047	Ringtail	Carnivora	0.82	1015.0		12.74	19.0	no age record available	no age record available	no age record available	no age record available	19.0	1.49		
200	Theria,Eutheria,Boreoeutheria,Laurasiatheria,Carnivora,Caniformia,Musteloidea,Procyonidae,Bassariscus,Bassariscus sumichrasti	Bassariscus sumichrasti		392507	Cacomistle	Carnivora	0.82	900.0		12.46	24.0	no age record available	no age record available	no age record available	no age record available	24.0	1.93		
201	Theria,Eutheria,Boreoeutheria,Laurasiatheria,Carnivora,Caniformia,Musteloidea,Procyonidae,Nasua,Nasua nasua	Nasua nasua		9651	South american coati	Carnivora	2.0	4750.0		16.98	23.7	no age record available	no age record available	no age record available	no age record available	23.7	1.4		
202	Theria,Eutheria,Boreoeutheria,Laurasiatheria,Carnivora,Caniformia,Musteloidea,Procyonidae,Potos,Potos flavus	Potos flavus		29067	Kinkajou	Carnivora	2.25	3000.0		15.59	38.4	no age record available	no age record available	no age record available	no age record available	38.4	2.46		
203	Theria,Eutheria,Boreoeutheria,Laurasiatheria,Carnivora,Caniformia,Musteloidea,Procyonidae,Procyon,Procyon cancrivorus	Procyon cancrivorus		92522	Crab-eating raccoon	Carnivora	1.0	6270.0		17.88	19.0	no age record available	no age record available	no age record available	no age record available	19.0	1.06		
204	Theria,Eutheria,Boreoeutheria,Laurasiatheria,Carnivora,Caniformia,Musteloidea,Procyonidae,Procyon,Procyon lotor	Procyon lotor	Available	9654	Common raccoon	Carnivora	1.0	6000.0		17.73	29.9	15.54	16.94	17.74	19.31	20.61	1.16	24.53	29.9
205	Theria,Eutheria,Boreoeutheria,Laurasiatheria,Carnivora,Caniformia,Ursidae,Melursus,Melursus ursinus	Melursus ursinus		9636	Sloth bear	Carnivora	3.0	100000.0		29.92	40.0	no age record available	no age record available	no age record available	no age record available	40.0	1.34		
206	Theria,Eutheria,Boreoeutheria,Laurasiatheria,Carnivora,Caniformia,Ursidae,Tremarctos,Tremarctos ornatus	Tremarctos ornatus		9638	Spectacled bear	Carnivora	4.0	109250.0		30.42	39.0	no age record available	no age record available	no age record available	no age record available	39.0	1.28		
207	Theria,Eutheria,Boreoeutheria,Laurasiatheria,Carnivora,Caniformia,Ursidae,Ursus,Ursus americanus	Ursus americanus	Available	9643	American black bear	Carnivora	3.5	154250.0		32.43	43.86	27.96	30.18	31.17	33.22	34.71	1.07	37.51	43.86
208	Theria,Eutheria,Boreoeutheria,Laurasiatheria,Carnivora,Caniformia,Ursidae,Ursus,Ursus arctos	Ursus arctos		9644	Brown bear	Carnivora	3.59	277500.0		36.18	50.0	no age record available	no age record available	no age record available	no age record available	50.0	1.38		
209	Theria,Eutheria,Boreoeutheria,Laurasiatheria,Carnivora,Caniformia,Ursidae,Helarctos,Helarctos malayanus	Helarctos malayanus		9634	Sun bear	Carnivora	6.49	46000.0		25.9	35.9	no age record available	no age record available	no age record available	no age record available	35.9	1.39		
210	Theria,Eutheria,Boreoeutheria,Laurasiatheria,Carnivora,Caniformia,Ursidae,Ursus,Ursus maritimus	Ursus maritimus		29073	Polar bear	Carnivora	4.75	475000.0		39.98	45.0	no age record available	no age record available	no age record available	no age record available	45.0	1.13		
211	Theria,Eutheria,Boreoeutheria,Laurasiatheria,Carnivora,Caniformia,Ursidae,Ursus,Ursus thibetanus	Ursus thibetanus		9642	Asiatic black bear	Carnivora	3.0	103750.0		30.13	39.2	no age record available	no age record available	no age record available	no age record available	39.2	1.3		
212	Theria,Eutheria,Boreoeutheria,Laurasiatheria,Carnivora,Feliformia,Viverridae,Paradoxurinae,Arctictis,Arctictis binturong	Arctictis binturong		94180	Binturong	Carnivora	2.53	12250.0		20.25	27.0	no age record available	no age record available	no age record available	no age record available	27.0	1.33		
213	Theria,Eutheria,Boreoeutheria,Laurasiatheria,Carnivora,Feliformia,Viverridae,Paradoxurinae,Arctogalidia,Arctogalidia trivirgata	Arctogalidia trivirgata		94182	Small-toothed palm civet	Carnivora	3.0	2250.0		14.77	16.1	no age record available	no age record available	no age record available	no age record available	16.1	1.09		
214	Theria,Eutheria,Boreoeutheria,Laurasiatheria,Carnivora,Feliformia,Herpestidae,Atilax,Atilax paludinosus	Atilax paludinosus		210642	Marsh mongoose	Carnivora	0.64	3300.0		15.87	20.8	no age record available	no age record available	no age record available	no age record available	20.8	1.31		
215	Theria,Eutheria,Boreoeutheria,Laurasiatheria,Carnivora,Feliformia,Herpestidae,Bdeogale,Bdeogale nigripes	Bdeogale nigripes		326577	Black-footed mongoose	Carnivora	1.2	2000.0	Age at female sexual maturity filled using lineage; 	14.45	15.8	no age record available	no age record available	no age record available	no age record available	15.8	1.09		
216	Theria,Eutheria,Boreoeutheria,Laurasiatheria,Carnivora,Feliformia,Viverridae,Viverrinae,Civettictis,Civettictis civetta	Civettictis civetta		94186	African civet	Carnivora	1.0	13666.7		20.66	28.0	no age record available	no age record available	no age record available	no age record available	28.0	1.35		
217	Theria,Eutheria,Boreoeutheria,Laurasiatheria,Carnivora,Feliformia,Herpestidae,Crossarchus,Crossarchus obscurus	Crossarchus obscurus		71111	Long-nosed cusimanse	Carnivora	0.75	790.0		12.16	13.3	no age record available	no age record available	no age record available	no age record available	13.3	1.09		
218	Theria,Eutheria,Boreoeutheria,Laurasiatheria,Carnivora,Feliformia,Eupleridae,Euplerinae,Cryptoprocta,Cryptoprocta ferox	Cryptoprocta ferox		94188	Fossa	Carnivora	4.1	9500.0		19.31	23.1	no age record available	no age record available	no age record available	no age record available	23.1	1.2		
219	Theria,Eutheria,Boreoeutheria,Laurasiatheria,Carnivora,Feliformia,Viverridae,Hemigalinae,Cynogale,Cynogale bennetti	Cynogale bennetti		395839	Otter civet	Carnivora	2.47	4000.0	Age at female sexual maturity filled using lineage; Curated max low relative to order, likely underestimation;	16.44	5.0	no age record available	no age record available	no age record available	no age record available	5.0	0.3		
220	Theria,Eutheria,Boreoeutheria,Laurasiatheria,Carnivora,Feliformia,Herpestidae,Cynictis,Cynictis penicillata	Cynictis penicillata		41010	Yellow mongoose	Carnivora	2.0	598.5		11.55	15.2	no age record available	no age record available	no age record available	no age record available	15.2	1.32		
221	Theria,Eutheria,Boreoeutheria,Laurasiatheria,Carnivora,Feliformia,Eupleridae,Euplerinae,Fossa,Fossa fossana	Fossa fossana		143320	Malagasy civet	Carnivora	1.99	1540.0		13.77	21.4	no age record available	no age record available	no age record available	no age record available	21.4	1.55		
222	Theria,Eutheria,Boreoeutheria,Laurasiatheria,Carnivora,Feliformia,Eupleridae,Galidiinae,Galidia,Galidia elegans	Galidia elegans		61400	Ring-tailed mongoose	Carnivora	2.02	800.0		12.19	26.0	no age record available	no age record available	no age record available	no age record available	26.0	2.13		
223	Theria,Eutheria,Boreoeutheria,Laurasiatheria,Carnivora,Feliformia,Viverridae,Viverrinae,Genetta,Genetta genetta	Genetta genetta		94190	Small-spotted genet	Carnivora	4.05	1866.7		14.27	34.0	no age record available	no age record available	no age record available	no age record available	34.0	2.38	13.0	
224	Theria,Eutheria,Boreoeutheria,Laurasiatheria,Carnivora,Feliformia,Viverridae,Viverrinae,Genetta,Genetta tigrina	Genetta tigrina		220101	Large-spotted genet	Carnivora	4.0	1820.0		14.2	21.3	no age record available	no age record available	no age record available	no age record available	21.3	1.5		
225	Theria,Eutheria,Boreoeutheria,Laurasiatheria,Carnivora,Feliformia,Herpestidae,Helogale,Helogale parvula	Helogale parvula		210647	Dwarf mongoose	Carnivora	1.25	274.8		9.99	20.0	6.0	7.0	no age record available	no age record available	20.0	2.0		
226	Theria,Eutheria,Boreoeutheria,Laurasiatheria,Carnivora,Feliformia,Viverridae,Hemigalinae,Hemigalus,Hemigalus derbyanus	Hemigalus derbyanus		94192	Banded palm civet	Carnivora	2.47	2400.0	Age at female sexual maturity filled using lineage; 	14.95	16.0	no age record available	no age record available	no age record available	no age record available	16.0	1.07		
227	Theria,Eutheria,Boreoeutheria,Laurasiatheria,Carnivora,Feliformia,Herpestidae,Herpestes,Herpestes ichneumon	Herpestes ichneumon		9700	Egyptian mongoose	Carnivora	2.0	2200.0		14.71	20.0	no age record available	no age record available	no age record available	no age record available	20.0	1.36		
228	Theria,Eutheria,Boreoeutheria,Laurasiatheria,Carnivora,Feliformia,Herpestidae,Urva,Urva javanica	Urva javanica		140016	Javan mongoose	Carnivora	0.82	800.0		12.19	16.6	no age record available	no age record available	no age record available	no age record available	16.6	1.36		
229	Theria,Eutheria,Boreoeutheria,Laurasiatheria,Carnivora,Feliformia,Herpestidae,Herpestes,Herpestes sanguineus	Galerella sanguinea		210644	Slender mongoose	Carnivora	1.0	500.0		11.17	12.6	no age record available	no age record available	no age record available	no age record available	12.6	1.13		
230	Theria,Eutheria,Boreoeutheria,Laurasiatheria,Carnivora,Feliformia,Herpestidae,Ichneumia,Ichneumia albicauda	Ichneumia albicauda		205599	White-tailed mongoose	Carnivora	2.07	3500.0		16.04	14.8	no age record available	no age record available	no age record available	no age record available	14.8	0.92		
231	Theria,Eutheria,Boreoeutheria,Laurasiatheria,Carnivora,Feliformia,Herpestidae,Mungos,Mungos mungo	Mungos mungo		210652	Banded mongoose	Carnivora	0.79	1331.5		13.4	17.4	no age record available	no age record available	no age record available	no age record available	17.4	1.3		
232	Theria,Eutheria,Boreoeutheria,Laurasiatheria,Carnivora,Feliformia,Nandiniidae,Nandinia,Nandinia binotata	Nandinia binotata		71115	African palm civet	Carnivora	3.0	1900.0		14.32	21.0	no age record available	no age record available	no age record available	no age record available	21.0	1.47		
233	Theria,Eutheria,Boreoeutheria,Laurasiatheria,Carnivora,Feliformia,Viverridae,Paradoxurinae,Paguma,Paguma larvata	Paguma larvata		9675	Masked palm civet	Carnivora	1.74	4300.0		16.67	27.4	no age record available	no age record available	no age record available	no age record available	27.4	1.64		
234	Theria,Eutheria,Boreoeutheria,Laurasiatheria,Carnivora,Feliformia,Viverridae,Paradoxurinae,Paradoxurus,Paradoxurus hermaphroditus	Paradoxurus hermaphroditus		71117	Asian palm civet	Carnivora	0.93	3100.0		15.68	24.5	no age record available	no age record available	no age record available	no age record available	24.5	1.56		
235	Theria,Eutheria,Boreoeutheria,Laurasiatheria,Carnivora,Feliformia,Viverridae,Viverrinae,Poiana,Poiana richardsonii	Poiana richardsonii		205654	African linsang	Carnivora	2.81	7000.0	Mass filled from web encyclopedia; Age at female sexual maturity filled using lineage; Curated max low relative to order, likely underestimation;	18.25	5.3	no age record available	no age record available	no age record available	no age record available	5.3	0.29		
236	Theria,Eutheria,Boreoeutheria,Laurasiatheria,Carnivora,Feliformia,Viverridae,Prionodontinae,Prionodon,Prionodon linsang	Prionodon linsang		94194	Banded linsang	Carnivora	2.47	700.0	Age at female sexual maturity filled using lineage; 	11.89	10.7	no age record available	no age record available	no age record available	no age record available	10.7	0.9		
237	Theria,Eutheria,Boreoeutheria,Laurasiatheria,Carnivora,Feliformia,Eupleridae,Galidiinae,Salanoia,Salanoia concolor	Salanoia concolor		219105	Salano	Carnivora	2.02	780.0	Mass filled from web encyclopedia; Age at female sexual maturity filled using lineage; Curated max low relative to order, likely underestimation;	12.13	4.8	no age record available	no age record available	no age record available	no age record available	4.8	0.4		
238	Theria,Eutheria,Boreoeutheria,Laurasiatheria,Carnivora,Feliformia,Herpestidae,Suricata,Suricata suricatta	Suricata suricatta		37032	Meerkat	Carnivora	1.0	776.0		12.12	20.6	3.0	4.0	no age record available	no age record available	20.6	1.7		
239	Theria,Eutheria,Boreoeutheria,Laurasiatheria,Carnivora,Feliformia,Viverridae,Viverrinae,Viverra,Viverra tangalunga	Viverra tangalunga		71121	Malayan civet	Carnivora	1.0	7350.0	Age at female sexual maturity filled using lineage; 	18.41	15.0	no age record available	no age record available	no age record available	no age record available	15.0	0.81		
240	Theria,Eutheria,Boreoeutheria,Laurasiatheria,Carnivora,Feliformia,Viverridae,Viverrinae,Viverra,Viverra zibetha	Viverra zibetha		94178	Large indian civet	Carnivora	1.0	10000.0	Age at female sexual maturity filled using lineage; 	19.5	21.7	no age record available	no age record available	no age record available	no age record available	21.7	1.11		
241	Theria,Eutheria,Boreoeutheria,Laurasiatheria,Carnivora,Feliformia,Viverridae,Viverrinae,Viverricula,Viverricula indica	Viverricula indica		94196	Small Indian civet	Carnivora	2.81	3000.0	Age at female sexual maturity filled using lineage; 	15.59	10.5	no age record available	no age record available	no age record available	no age record available	10.5	0.67		
242	Theria,Eutheria,Boreoeutheria,Laurasiatheria,Artiodactyla,Whippomorpha,Cetacea,Mysticeti,Balaenidae,Balaena,Balaena mysticetus	Balaena mysticetus		27602	Bowhead whale	Artiodactyla	22.48	100000000.0		108.14	211.0	no age record available	no age record available	no age record available	no age record available	211.0	1.95		
243	Theria,Eutheria,Boreoeutheria,Laurasiatheria,Artiodactyla,Whippomorpha,Cetacea,Mysticeti,Balaenopteridae,Balaenoptera,Balaenoptera acutorostrata	Balaenoptera acutorostrata		9767	Common minke whale	Artiodactyla	7.5	7500000.0		66.8	50.0	no age record available	no age record available	no age record available	no age record available	50.0	0.75		
244	Theria,Eutheria,Boreoeutheria,Laurasiatheria,Artiodactyla,Whippomorpha,Cetacea,Mysticeti,Balaenopteridae,Balaenoptera,Balaenoptera borealis	Balaenoptera borealis		9768	Sei whale	Artiodactyla	10.0	20000000.0		80.17	74.0	no age record available	no age record available	no age record available	no age record available	74.0	0.92		
245	Theria,Eutheria,Boreoeutheria,Laurasiatheria,Artiodactyla,Whippomorpha,Cetacea,Mysticeti,Balaenopteridae,Balaenoptera,Balaenoptera edeni	Balaenoptera edeni		9769	Bryde's whale	Artiodactyla	8.5	16000000.0		76.91	72.0	no age record available	no age record available	no age record available	no age record available	72.0	0.94		
246	Theria,Eutheria,Boreoeutheria,Laurasiatheria,Artiodactyla,Whippomorpha,Cetacea,Mysticeti,Balaenopteridae,Balaenoptera,Balaenoptera musculus	Balaenoptera musculus		9771	Blue whale	Artiodactyla	5.0	136000000.0		114.51	110.0	no age record available	no age record available	no age record available	no age record available	110.0	0.96		
247	Theria,Eutheria,Boreoeutheria,Laurasiatheria,Artiodactyla,Whippomorpha,Cetacea,Mysticeti,Balaenopteridae,Balaenoptera,Balaenoptera physalus	Balaenoptera physalus		9770	Fin whale	Artiodactyla	7.39	70000000.0		101.2	116.0	no age record available	no age record available	no age record available	no age record available	116.0	1.15		
248	Theria,Eutheria,Boreoeutheria,Laurasiatheria,Artiodactyla,Whippomorpha,Cetacea,Mysticeti,Balaenopteridae,Megaptera,Megaptera novaeangliae	Megaptera novaeangliae		9773	Humpback whale	Artiodactyla	4.5	30000000.0		86.45	95.0	no age record available	no age record available	no age record available	no age record available	95.0	1.1		
249	Theria,Eutheria,Boreoeutheria,Laurasiatheria,Artiodactyla,Whippomorpha,Cetacea,Odontoceti,Delphinidae,Cephalorhynchus,Cephalorhynchus commersonii	Cephalorhynchus commersonii		103582	Commerson's dolphin	Artiodactyla	5.5	50000.0		26.3	18.0	no age record available	no age record available	no age record available	no age record available	18.0	0.68		
250	Theria,Eutheria,Boreoeutheria,Laurasiatheria,Artiodactyla,Whippomorpha,Cetacea,Odontoceti,Delphinidae,Delphinus,Delphinus delphis	Delphinus delphis		9728	Short-beaked saddleback dolphin	Artiodactyla	4.8	80000.0		28.71	25.0	no q90 record available	no q95 record available	no e90 record available	no e95 record available	25.0	0.87	8.28	
251	Theria,Eutheria,Boreoeutheria,Laurasiatheria,Artiodactyla,Whippomorpha,Cetacea,Odontoceti,Delphinidae,Globicephala,Globicephala macrorhynchus	Globicephala macrorhynchus	Available	38241	Short-finned pilot whale	Artiodactyla	9.5	2200000.0	Curated max observed in Malddaba_life_table, determined from living animals, modeled from existing data, or determined from live individuals using methylation clock, likely underestimation;	53.17	73.0	47.0	53.0	52.59	57.11	59.43	1.12	63.0	46.0
252	Theria,Eutheria,Boreoeutheria,Laurasiatheria,Artiodactyla,Whippomorpha,Cetacea,Odontoceti,Delphinidae,Grampus,Grampus griseus	Grampus griseus		83653	Risso's dolphin	Artiodactyla	10.0	425000.0		39.16	42.5	no age record available	no age record available	no age record available	no age record available	42.5	1.09		
253	Theria,Eutheria,Boreoeutheria,Laurasiatheria,Artiodactyla,Whippomorpha,Cetacea,Odontoceti,Delphinidae,Leucopleurus,Leucopleurus acutus	Leucopleurus acutus		3371109	Atlantic white-sided dolphin	Artiodactyla	6.11	208000.0		34.29	27.0	no age record available	no age record available	no age record available	no age record available	27.0	0.79	27.0	22.0
254	Theria,Eutheria,Boreoeutheria,Laurasiatheria,Artiodactyla,Whippomorpha,Cetacea,Odontoceti,Delphinidae,Sagmatias,Sagmatias obliquidens	Sagmatias obliquidens		3371155	Pacific white-sided dolphin	Artiodactyla	10.49	103000.0		30.09	46.0	no age record available	no age record available	no age record available	no age record available	46.0	1.53		
255	Theria,Eutheria,Boreoeutheria,Laurasiatheria,Artiodactyla,Whippomorpha,Cetacea,Odontoceti,Delphinidae,Orcinus,Orcinus orca	Orcinus orca	Available	9733	Killer whale	Artiodactyla	10.35	3987500.0	Curated max observed in Malddaba_life_table, determined from living animals, modeled from existing data, or determined from live individuals using methylation clock, likely underestimation;	59.39	100.0	79.0	89.0	no e90 record available	no e95 record available	90.0	1.52	23.01	32.58
256	Theria,Eutheria,Boreoeutheria,Laurasiatheria,Artiodactyla,Whippomorpha,Cetacea,Odontoceti,Delphinidae,Peponocephala,Peponocephala electra	Peponocephala electra		103596	Melon-headed whale	Artiodactyla	11.75	206000.0		34.23	47.0	no age record available	no age record available	no age record available	no age record available	47.0	1.37		
257	Theria,Eutheria,Boreoeutheria,Laurasiatheria,Artiodactyla,Whippomorpha,Cetacea,Odontoceti,Delphinidae,Pseudorca,Pseudorca crassidens	Pseudorca crassidens	Available	82174	False killer whale	Artiodactyla	9.49	748000.0	Curated max observed in Malddaba_life_table, determined from living animals, modeled from existing data, or determined from live individuals using methylation clock, likely underestimation;	43.51	65.0	55.0	60.0	60.5	62.0	63.02	1.45		
258	Theria,Eutheria,Boreoeutheria,Laurasiatheria,Artiodactyla,Whippomorpha,Cetacea,Odontoceti,Delphinidae,Stenella,Stenella attenuata	Stenella attenuata		9735	Pantropical spotted dolphin	Artiodactyla	8.17	112500.0		30.59	46.0	no age record available	no age record available	no age record available	no age record available	46.0	1.5		
259	Theria,Eutheria,Boreoeutheria,Laurasiatheria,Artiodactyla,Whippomorpha,Cetacea,Odontoceti,Delphinidae,Stenella,Stenella coeruleoalba	Stenella coeruleoalba		9737	Striped dolphin	Artiodactyla	7.76	112500.0		30.59	57.5	no age record available	no age record available	no age record available	no age record available	57.5	1.88		
260	Theria,Eutheria,Boreoeutheria,Laurasiatheria,Artiodactyla,Whippomorpha,Cetacea,Odontoceti,Delphinidae,Steno,Steno bredanensis	Steno bredanensis		46167	Rough-toothed dolphin	Artiodactyla	9.99	114000.0		30.66	48.0	no age record available	no age record available	no age record available	no age record available	48.0	1.57		
261	Theria,Eutheria,Boreoeutheria,Laurasiatheria,Artiodactyla,Whippomorpha,Cetacea,Odontoceti,Delphinidae,Tursiops,Tursiops aduncus	Tursiops aduncus	Available	79784	Indo-pacific bottlenose dolphin	Artiodactyla	9.7	230000.0	Mass filled from web encyclopedia; Curated max observed in Malddaba_life_table, determined from living animals, modeled from existing data, or determined from live individuals using methylation clock, likely underestimation;	34.94	43.0	31.0	34.0	34.02	35.86	37.02	1.06		
262	Theria,Eutheria,Boreoeutheria,Laurasiatheria,Artiodactyla,Whippomorpha,Cetacea,Odontoceti,Delphinidae,Tursiops,Tursiops truncatus	Tursiops truncatus	Available	9739	Bottlenosed dolphin	Artiodactyla	7.75	200000.0		34.04	67.0	36.25	43.59	44.62	49.39	50.37	1.48	54.65	51.12
263	Theria,Eutheria,Boreoeutheria,Laurasiatheria,Artiodactyla,Whippomorpha,Cetacea,Mysticeti,Eschrichtiidae,Eschrichtius,Eschrichtius robustus	Eschrichtius robustus		9764	Gray whale	Artiodactyla	8.0	28500000.0		85.63	77.0	no age record available	no age record available	no age record available	no age record available	77.0	0.9		
264	Theria,Eutheria,Boreoeutheria,Laurasiatheria,Artiodactyla,Whippomorpha,Cetacea,Odontoceti,Iniidae,Inia,Inia geoffrensis	Inia geoffrensis		9725	Amazon river dolphin, or Amazon dolphin	Artiodactyla	5.0	84000.0		28.97	31.3	no age record available	no age record available	no age record available	no age record available	31.3	1.08		
265	Theria,Eutheria,Boreoeutheria,Laurasiatheria,Artiodactyla,Whippomorpha,Cetacea,Odontoceti,Monodontidae,Delphinapterus,Delphinapterus leucas	Delphinapterus leucas	Available	9749	Beluga	Artiodactyla	4.5	1430000.0	Curated max observed in Malddaba_life_table, determined from living animals, modeled from existing data, or determined from live individuals using methylation clock, likely underestimation;	49.08	100.0	28.0	31.0	31.77	34.19	35.28	0.72		
266	Theria,Eutheria,Boreoeutheria,Laurasiatheria,Artiodactyla,Whippomorpha,Cetacea,Odontoceti,Monodontidae,Monodon,Monodon monoceros	Monodon monoceros		40151	Narwhal	Artiodactyla	6.0	1250000.0	Curated max observed in Malddaba_life_table, determined from living animals, modeled from existing data, or determined from live individuals using methylation clock, likely underestimation;	47.87	114.0	no age record available	no age record available	no age record available	no age record available	114.0	2.38		
267	Theria,Eutheria,Boreoeutheria,Laurasiatheria,Artiodactyla,Whippomorpha,Cetacea,Odontoceti,Phocoenidae,Neophocaena,Neophocaena phocaenoides	Neophocaena phocaenoides		34892	Finless porpoise	Artiodactyla	6.0	32500.0		24.28	33.0	no age record available	no age record available	no age record available	no age record available	33.0	1.36		
268	Theria,Eutheria,Boreoeutheria,Laurasiatheria,Artiodactyla,Whippomorpha,Cetacea,Odontoceti,Phocoenidae,Phocoena,Phocoena phocoena	Phocoena phocoena		9742	Harbor porpoise	Artiodactyla	2.89	52500.0		26.54	20.4	no age record available	no age record available	no age record available	no age record available	20.4	0.77		
269	Theria,Eutheria,Boreoeutheria,Laurasiatheria,Artiodactyla,Whippomorpha,Cetacea,Odontoceti,Phocoenidae,Phocoenoides,Phocoenoides dalli	Phocoenoides dalli	Available	9744	Dall's porpoise	Artiodactyla	5.0	120000.0	Curated max observed in Malddaba_life_table, determined from living animals, modeled from existing data, or determined from live individuals using methylation clock, likely underestimation;	30.95	22.0	10.0	11.0	11.62	12.71	13.22	0.43		
270	Theria,Eutheria,Boreoeutheria,Laurasiatheria,Artiodactyla,Whippomorpha,Cetacea,Odontoceti,Physeteridae,Kogia,Kogia breviceps	Kogia breviceps		27615	Pygmy sperm whale	Artiodactyla	3.67	424600.0		39.16	17.0	no age record available	no age record available	no age record available	no age record available	17.0	0.43	12.37	
271	Theria,Eutheria,Boreoeutheria,Laurasiatheria,Artiodactyla,Whippomorpha,Cetacea,Odontoceti,Physeteridae,Physeter,Physeter macrocephalus	Physeter macrocephalus	Available	9755	Sperm whale	Artiodactyla	8.0	28500000.0	Curated max observed in Malddaba_life_table, determined from living animals, modeled from existing data, or determined from live individuals using methylation clock, likely underestimation;	85.63	77.0	52.0	54.0	56.12	60.0	61.19	0.71		
272	Theria,Eutheria,Boreoeutheria,Laurasiatheria,Artiodactyla,Whippomorpha,Cetacea,Odontoceti,Platanistidae,Platanista,Platanista gangetica	Platanista gangetica		118798	Ganges dolphin	Artiodactyla	10.0	70000.0		28.0	28.0	no age record available	no age record available	no age record available	no age record available	28.0	1.0		28.0
273	Theria,Eutheria,Boreoeutheria,Laurasiatheria,Artiodactyla,Whippomorpha,Cetacea,Odontoceti,Platanistidae,Platanista,Platanista minor	Platanista minor		48752	Indus dolphin	Artiodactyla	10.0	22500.0	Mass filled from web encyclopedia; 	22.67	28.0	no age record available	no age record available	no age record available	no age record available	28.0	1.23		
274	Theria,Eutheria,Boreoeutheria,Laurasiatheria,Artiodactyla,Whippomorpha,Cetacea,Odontoceti,Pontoporiidae,Pontoporia,Pontoporia blainvillei	Pontoporia blainvillei	Available	48723	Franciscana	Artiodactyla	2.5	40500.0	Curated max observed in Malddaba_life_table, determined from living animals, modeled from existing data, or determined from live individuals using methylation clock, likely underestimation;	25.29	16.0	8.0	9.0	9.92	11.5	11.78	0.47		
275	Theria,Eutheria,Boreoeutheria,Laurasiatheria,Artiodactyla,Whippomorpha,Cetacea,Odontoceti,Ziphiidae,Berardius,Berardius bairdii	Berardius bairdii		48742	Baird's beaked whale	Artiodactyla	12.0	11380000.0		72.18	84.0	no age record available	no age record available	no age record available	no age record available	84.0	1.16		
276	Theria,Eutheria,Boreoeutheria,Laurasiatheria,Artiodactyla,Whippomorpha,Cetacea,Odontoceti,Ziphiidae,Hyperoodon,Hyperoodon ampullatus	Hyperoodon ampullatus		48744	Northern bottlenose whale	Artiodactyla	10.0	6500000.0		65.04	37.0	no age record available	no age record available	no age record available	no age record available	37.0	0.57		
277	Theria,Eutheria,Boreoeutheria,Laurasiatheria,Artiodactyla,Whippomorpha,Cetacea,Odontoceti,Ziphiidae,Mesoplodon,Mesoplodon densirostris	Mesoplodon densirostris		48708	Blainville's beaked whale	Artiodactyla	9.0	1088000.0		46.65	27.0	no age record available	no age record available	no age record available	no age record available	27.0	0.58	27.0	
278	Theria,Eutheria,Boreoeutheria,Laurasiatheria,Artiodactyla,Whippomorpha,Cetacea,Odontoceti,Ziphiidae,Ziphius,Ziphius cavirostris	Ziphius cavirostris		9760	Cuvier's beaked whale	Artiodactyla	5.94	2701000.0		55.24	62.0	no age record available	no age record available	no age record available	no age record available	62.0	1.12		
279	Theria,Eutheria,Boreoeutheria,Laurasiatheria,Chiroptera,Yinpterochiroptera,Rhinolophoidea,Hipposideridae,Hipposideros,Hipposideros fulvus	Hipposideros fulvus		599854	Fulvus roundleaf bat	Chiroptera	1.54	7.0		5.05	13.0	no age record available	no age record available	no age record available	no age record available	13.0	2.57		
280	Theria,Eutheria,Boreoeutheria,Laurasiatheria,Chiroptera,Yangochiroptera,Molossidae,Tadarida,Tadarida brasiliensis	Tadarida brasiliensis		9438	Brazilian free-tailed bat	Chiroptera	0.75	12.5	Curated max observed in Malddaba_life_table, determined from living animals, modeled from existing data, or determined from live individuals using methylation clock, likely underestimation;	5.62	15.0	no age record available	no age record available	no age record available	no age record available	15.0	2.67		
281	Theria,Eutheria,Boreoeutheria,Laurasiatheria,Chiroptera,Yangochiroptera,Noctilionidae,Noctilio,Noctilio leporinus	Noctilio leporinus		94963	Greater bulldog bat	Chiroptera	1.0	50.0		7.28	11.8	no age record available	no age record available	no age record available	no age record available	11.8	1.62		
282	Theria,Eutheria,Boreoeutheria,Laurasiatheria,Chiroptera,Yangochiroptera,Phyllostomidae,Glossophaginae,Anoura,Anoura geoffroyi	Anoura geoffroyi		148021	Geoffroy's tailless bat	Chiroptera	0.84	15.2	Age at female sexual maturity filled using lineage; 	5.83	10.0	no age record available	no age record available	no age record available	no age record available	10.0	1.71		
283	Theria,Eutheria,Boreoeutheria,Laurasiatheria,Chiroptera,Yangochiroptera,Phyllostomidae,Stenodermatinae,Artibeus,Artibeus jamaicensis	Artibeus jamaicensis		9417	Jamaican fruit-eating bat	Chiroptera	0.79	42.2		7.05	19.2	no age record available	no age record available	no age record available	no age record available	19.2	2.72		
284	Theria,Eutheria,Boreoeutheria,Laurasiatheria,Chiroptera,Yangochiroptera,Phyllostomidae,Carolliinae,Carollia,Carollia perspicillata	Carollia perspicillata	Available	40233	Seba's short-tailed bat	Chiroptera	0.71	15.0	Curated max observed in Malddaba_life_table, determined from living animals, modeled from existing data, or determined from live individuals using methylation clock, likely underestimation;	5.82	17.0	10.0	10.75	11.18	11.76	12.08	2.08		
285	Theria,Eutheria,Boreoeutheria,Laurasiatheria,Chiroptera,Yangochiroptera,Phyllostomidae,Desmodontinae,Desmodus,Desmodus rotundus	Desmodus rotundus	Available	9430	Vampire bat	Chiroptera	0.78	33.2		6.74	29.2	16.8	18.77	18.64	19.29	29.2	4.33	19.5	
286	Theria,Eutheria,Boreoeutheria,Laurasiatheria,Chiroptera,Yangochiroptera,Phyllostomidae,Glossophaginae,Glossophaga,Glossophaga soricina	Glossophaga soricina	Available	27638	Pallas's long-tongued bat	Chiroptera	0.84	10.0	Age at female sexual maturity filled using lineage; 	5.4	16.64	12.3	16.1	15.53	16.64	16.5	3.06	16.64	16.64
287	Theria,Eutheria,Boreoeutheria,Laurasiatheria,Chiroptera,Yangochiroptera,Phyllostomidae,Phyllostominae,Macrotus,Macrotus californicus	Macrotus californicus		9419	California leaf-nosed bat	Chiroptera	0.33	11.6		5.55	17.0	no age record available	no age record available	no age record available	no age record available	17.0	3.07		
288	Theria,Eutheria,Boreoeutheria,Laurasiatheria,Chiroptera,Yangochiroptera,Phyllostomidae,Stenodermatinae,Platyrrhinus,Platyrrhinus lineatus	Platyrrhinus lineatus		410852	White-lined broad-nosed bat	Chiroptera	0.79	22.0	Age at female sexual maturity filled using lineage; 	6.25	13.0	no age record available	no age record available	no age record available	no age record available	13.0	2.08		
289	Theria,Eutheria,Boreoeutheria,Laurasiatheria,Chiroptera,Yinpterochiroptera,Pteropodoidea,Pteropodidae,Pteropodinae,Eidolon,Eidolon helvum	Eidolon helvum		77214	Straw-colored fruit bat	Chiroptera	1.18	306.25		10.2	21.8	no age record available	no age record available	no age record available	no age record available	21.8	2.14		
290	Theria,Eutheria,Boreoeutheria,Laurasiatheria,Chiroptera,Yinpterochiroptera,Pteropodoidea,Pteropodidae,Pteropodinae,Pteropus,Pteropus vampyrus	Pteropus vampyrus		132908	Large flying fox	Chiroptera	1.0	1175.0		13.09	44.0	no age record available	no age record available	no age record available	no age record available	44.0	3.36		
291	Theria,Eutheria,Boreoeutheria,Laurasiatheria,Chiroptera,Yinpterochiroptera,Pteropodoidea,Pteropodidae,Rousettinae,Rousettus,Rousettus aegyptiacus	Rousettus aegyptiacus	Available	9407	Egyptian rousette	Chiroptera	1.0	125.0		8.63	26.25	12.76	14.85	15.73	17.84	18.95	2.2	23.16	26.25
292	Theria,Eutheria,Boreoeutheria,Laurasiatheria,Chiroptera,Yinpterochiroptera,Rhinolophoidea,Rhinolophidae,Rhinolophinae,Rhinolophus,Rhinolophus ferrumequinum	Rhinolophus ferrumequinum		59479	Greater horseshoe bat	Chiroptera	2.0	22.88		6.29	30.5	no age record available	no age record available	no age record available	no age record available	30.5	4.85		
293	Theria,Eutheria,Boreoeutheria,Laurasiatheria,Chiroptera,Yinpterochiroptera,Rhinolophoidea,Rhinolophidae,Rhinolophinae,Rhinolophus,Rhinolophus hipposideros	Rhinolophus hipposideros		77218	Lesser horseshoe bat	Chiroptera	1.37	4.6		4.67	29.4	no age record available	no age record available	no age record available	no age record available	29.4	6.3		
294	Theria,Eutheria,Boreoeutheria,Laurasiatheria,Chiroptera,Yangochiroptera,Vespertilionidae,Antrozous,Antrozous pallidus	Antrozous pallidus		9440	Pallid bat	Chiroptera	1.0	20.8		6.18	14.8	no age record available	no age record available	no age record available	no age record available	14.8	2.39		
295	Theria,Eutheria,Boreoeutheria,Laurasiatheria,Chiroptera,Yangochiroptera,Vespertilionidae,Barbastella,Barbastella barbastellus	Barbastella barbastellus		59449	Western barbastelle	Chiroptera	1.5	10.25		5.42	23.0	no age record available	no age record available	no age record available	no age record available	23.0	4.24		
296	Theria,Eutheria,Boreoeutheria,Laurasiatheria,Chiroptera,Yangochiroptera,Vespertilionidae,Eptesicus,Eptesicus fuscus	Eptesicus fuscus	Available	29078	Big brown bat	Chiroptera	1.5	23.0		6.3	20.17	12.21	15.76	15.5	17.49	18.26	2.9	20.17	19.66
297	Theria,Eutheria,Boreoeutheria,Laurasiatheria,Chiroptera,Yangochiroptera,Vespertilionidae,Cnephaeus,Cnephaeus serotinus	Cnephaeus serotinus		3371021	Serotine	Chiroptera	0.96	18.2	Age at female sexual maturity filled using lineage; 	6.03	21.0	no age record available	no age record available	no age record available	no age record available	21.0	3.48		
298	Theria,Eutheria,Boreoeutheria,Laurasiatheria,Chiroptera,Yangochiroptera,Vespertilionidae,Lasionycteris,Lasionycteris noctivagans	Lasionycteris noctivagans		27667	Silver-haired bat	Chiroptera	0.42	10.0		5.4	12.0	no age record available	no age record available	no age record available	no age record available	12.0	2.22		
299	Theria,Eutheria,Boreoeutheria,Laurasiatheria,Chiroptera,Yangochiroptera,Vespertilionidae,Lasiurus,Lasiurus cinereus	Lasiurus cinereus		257879	Hoary bat	Chiroptera	0.96	24.0	Age at female sexual maturity filled using lineage; 	6.35	14.0	no age record available	no age record available	no age record available	no age record available	14.0	2.21		2.1
300	Theria,Eutheria,Boreoeutheria,Laurasiatheria,Chiroptera,Yangochiroptera,Miniopteridae,Miniopterus,Miniopterus schreibersii	Miniopterus schreibersii		9433	Schreibers's long-fingered bat	Chiroptera	1.58	13.0		5.66	22.0	no age record available	no age record available	no age record available	no age record available	22.0	3.88		
301	Theria,Eutheria,Boreoeutheria,Laurasiatheria,Chiroptera,Yangochiroptera,Vespertilionidae,Myotis,Myotis bechsteinii	Myotis bechsteinii	Available	59462	Bechstein's bat	Chiroptera	0.98	10.5	Age at female sexual maturity filled using lineage; 	5.44	21.0	11.0	13.0	12.87	13.91	14.5	2.66		
302	Theria,Eutheria,Boreoeutheria,Laurasiatheria,Chiroptera,Yangochiroptera,Vespertilionidae,Myotis,Myotis dasycneme	Myotis dasycneme		159324	Pond bat	Chiroptera	0.98	15.0	Age at female sexual maturity filled using lineage; 	5.82	20.5	no age record available	no age record available	no age record available	no age record available	20.5	3.52		
303	Theria,Eutheria,Boreoeutheria,Laurasiatheria,Chiroptera,Yangochiroptera,Vespertilionidae,Myotis,Myotis daubentonii	Myotis daubentonii	Available	98922	Daubenton's bat	Chiroptera	2.0	8.5	Curated max observed in Malddaba_life_table, determined from living animals, modeled from existing data, or determined from live individuals using methylation clock, likely underestimation;	5.23	28.0	9.0	11.0	11.45	12.86	13.59	2.6		
304	Theria,Eutheria,Boreoeutheria,Laurasiatheria,Chiroptera,Yangochiroptera,Vespertilionidae,Myotis,Myotis emarginatus	Myotis emarginatus		109480	Geoffroy's bat	Chiroptera	1.25	11.0		5.49	22.7	no age record available	no age record available	no age record available	no age record available	22.7	4.13		
305	Theria,Eutheria,Boreoeutheria,Laurasiatheria,Chiroptera,Yangochiroptera,Vespertilionidae,Myotis,Myotis evotis	Myotis evotis		257883	Western long-eared myotis	Chiroptera	0.98	7.4	Age at female sexual maturity filled using lineage; 	5.1	22.0	no age record available	no age record available	no age record available	no age record available	22.0	4.31		2.2
306	Theria,Eutheria,Boreoeutheria,Laurasiatheria,Chiroptera,Yangochiroptera,Vespertilionidae,Myotis,Myotis grisescens	Myotis grisescens		384635	Gray myotis	Chiroptera	1.25	9.25		5.32	16.5	no age record available	no age record available	no age record available	no age record available	16.5	3.1	16.5	
307	Theria,Eutheria,Boreoeutheria,Laurasiatheria,Chiroptera,Yangochiroptera,Vespertilionidae,Myotis,Myotis lucifugus	Myotis lucifugus		59463	Little brown bat	Chiroptera	0.57	10.0		5.4	34.0	no q90 record available	no q95 record available	no e90 record available	no e95 record available	34.0	6.3	1.48	5.4
308	Theria,Eutheria,Boreoeutheria,Laurasiatheria,Chiroptera,Yangochiroptera,Vespertilionidae,Myotis,Myotis myotis	Myotis myotis	Available	51298	Mouse-eared bat	Chiroptera	1.37	28.55	Curated max observed in Malddaba_life_table, determined from living animals, modeled from existing data, or determined from live individuals using methylation clock, likely underestimation;	6.56	37.1	12.0	14.15	15.02	16.94	17.87	2.72		
309	Theria,Eutheria,Boreoeutheria,Laurasiatheria,Chiroptera,Yangochiroptera,Vespertilionidae,Myotis,Myotis mystacinus	Myotis mystacinus		109479	Whiskered bat	Chiroptera	1.0	5.3		4.79	24.0	no age record available	no age record available	no age record available	no age record available	24.0	5.01		
310	Theria,Eutheria,Boreoeutheria,Laurasiatheria,Chiroptera,Yangochiroptera,Vespertilionidae,Myotis,Myotis nattereri	Myotis nattereri		109481	Natterer's bat	Chiroptera	0.98	7.5	Age at female sexual maturity filled using lineage; 	5.11	23.7	no age record available	no age record available	no age record available	no age record available	23.7	4.63		
311	Theria,Eutheria,Boreoeutheria,Laurasiatheria,Chiroptera,Yangochiroptera,Vespertilionidae,Myotis,Myotis nigricans	Myotis nigricans		153286	Black myotis	Chiroptera	0.27	4.2		4.59	7.0	no age record available	no age record available	no age record available	no age record available	7.0	1.52		
312	Theria,Eutheria,Boreoeutheria,Laurasiatheria,Chiroptera,Yangochiroptera,Vespertilionidae,Myotis,Myotis sodalis	Myotis sodalis		385036	Indiana bat	Chiroptera	0.98	7.7		5.14	20.0	no age record available	no age record available	no age record available	no age record available	20.0	3.89		13.8
313	Theria,Eutheria,Boreoeutheria,Laurasiatheria,Chiroptera,Yangochiroptera,Vespertilionidae,Myotis,Myotis thysanodes	Myotis thysanodes		153287	Fringed myotis	Chiroptera	0.98	6.0	Age at female sexual maturity filled using lineage; 	4.91	18.3	no age record available	no age record available	no age record available	no age record available	18.3	3.73		18.3
314	Theria,Eutheria,Boreoeutheria,Laurasiatheria,Chiroptera,Yangochiroptera,Vespertilionidae,Myotis,Myotis vivesi	Myotis vivesi		233766	Fish-eating bat	Chiroptera	1.04	25.0		6.4	10.0	no age record available	no age record available	no age record available	no age record available	10.0	1.56		
315	Theria,Eutheria,Boreoeutheria,Laurasiatheria,Chiroptera,Yangochiroptera,Vespertilionidae,Myotis,Myotis volans	Myotis volans		159335	Long-legged myotis	Chiroptera	0.42	7.0		5.05	21.0	no age record available	no age record available	no age record available	no age record available	21.0	4.16		2.1
316	Theria,Eutheria,Boreoeutheria,Laurasiatheria,Chiroptera,Yangochiroptera,Vespertilionidae,Nyctalus,Nyctalus noctula	Nyctalus noctula		51300	Noctule	Chiroptera	0.25	27.75		6.52	12.0	no age record available	no age record available	no age record available	no age record available	12.0	1.84		
317	Theria,Eutheria,Boreoeutheria,Laurasiatheria,Chiroptera,Yangochiroptera,Vespertilionidae,Nycticeius,Nycticeius humeralis	Nycticeius humeralis		27670	Evening bat	Chiroptera	1.0	9.75		5.37	6.0	no age record available	no age record available	no age record available	no age record available	6.0	1.12		
318	Theria,Eutheria,Boreoeutheria,Laurasiatheria,Chiroptera,Yangochiroptera,Vespertilionidae,Pipistrellus,Pipistrellus pipistrellus	Pipistrellus pipistrellus		59474	Common pipistrelle	Chiroptera	1.25	5.0		4.74	16.6	no q90 record available	no q95 record available	no e90 record available	no e95 record available	16.6	3.5	1.69	
319	Theria,Eutheria,Boreoeutheria,Laurasiatheria,Chiroptera,Yangochiroptera,Vespertilionidae,Perimyotis,Perimyotis subflavus	Perimyotis subflavus		27672	Eastern pipistrelle	Chiroptera	0.58	7.5		5.11	15.0	no age record available	no age record available	no age record available	no age record available	15.0	2.93		
320	Theria,Eutheria,Boreoeutheria,Laurasiatheria,Chiroptera,Yangochiroptera,Vespertilionidae,Plecotus,Plecotus auritus	Plecotus auritus		61862	Brown big-eared bat	Chiroptera	1.0	7.8		5.15	30.0	no q90 record available	no q95 record available	no e90 record available	no e95 record available	30.0	5.82	1.62	
321	Theria,Eutheria,Boreoeutheria,Laurasiatheria,Chiroptera,Yangochiroptera,Vespertilionidae,Plecotus,Plecotus austriacus	Plecotus austriacus		109483	Gray big-eared bat	Chiroptera	0.96	12.0		5.58	25.5	no age record available	no age record available	no age record available	no age record available	25.5	4.57		
322	Theria,Eutheria,Boreoeutheria,Laurasiatheria,Chiroptera,Yangochiroptera,Vespertilionidae,Corynorhinus,Corynorhinus rafinesquii	Corynorhinus rafinesquii		27674	Rafinesque's big-eared bat	Chiroptera	0.5	11.1		5.5	10.1	no age record available	no age record available	no age record available	no age record available	10.1	1.84	10.1	
323	Theria,Eutheria,Boreoeutheria,Laurasiatheria,Chiroptera,Yangochiroptera,Vespertilionidae,Corynorhinus,Corynorhinus townsendii	Corynorhinus townsendii		124745	Townsend's big-eared bat	Chiroptera	0.57	14.25		5.76	21.0	no age record available	no age record available	no age record available	no age record available	21.0	3.64		
324	Theria,Eutheria,Afrotheria,Hyracoidea,Procaviidae,Dendrohyrax,Dendrohyrax arboreus	Dendrohyrax arboreus		358129	Southern tree hyrax, or Tree hyrax	Hyracoidea	1.0	3000.0		15.59	13.6	no age record available	no age record available	no age record available	no age record available	13.6	0.87		
325	Theria,Eutheria,Afrotheria,Hyracoidea,Procaviidae,Dendrohyrax,Dendrohyrax dorsalis	Dendrohyrax dorsalis		42325	Tree hyrax	Hyracoidea	1.0	4000.0	Mass filled from web encyclopedia; Age at female sexual maturity filled using lineage; 	16.44	5.5	no age record available	no age record available	no age record available	no age record available	5.5	0.33		
326	Theria,Eutheria,Afrotheria,Hyracoidea,Procaviidae,Heterohyrax,Heterohyrax brucei	Heterohyrax brucei	Available	77598	Bush hyrax	Hyracoidea	1.35	2456.7		15.02	15.66	11.16	12.66	12.8	13.52	14.19	0.94	15.66	12.83
327	Theria,Eutheria,Afrotheria,Hyracoidea,Procaviidae,Procavia,Procavia capensis	Procavia capensis		9813	Rock hyrax	Hyracoidea	1.37	3600.0		16.12	14.8	no age record available	no age record available	no age record available	no age record available	14.8	0.92		
328	Theria,Eutheria,Boreoeutheria,Laurasiatheria,Eulipotyphla,Erinaceidae,Galericinae,Echinosorex,Echinosorex gymnura	Echinosorex gymnura		162630	Moonrat	Eulipotyphla	0.64	1250.0	Age at female sexual maturity filled using lineage; 	13.24	4.6	no age record available	no age record available	no age record available	no age record available	4.6	0.35		
329	Theria,Eutheria,Boreoeutheria,Laurasiatheria,Eulipotyphla,Erinaceidae,Erinaceinae,Atelerix,Atelerix algirus	Atelerix algirus		30576	North african hedgehog	Eulipotyphla	0.61	745.0	Age at female sexual maturity filled using lineage; 	12.03	7.0	no age record available	no age record available	no age record available	no age record available	7.0	0.58		
330	Theria,Eutheria,Boreoeutheria,Laurasiatheria,Eulipotyphla,Erinaceidae,Erinaceinae,Erinaceus,Erinaceus europaeus	Erinaceus europaeus	Available	9365	Western European hedgehog	Eulipotyphla	0.69	750.0		12.04	14.0	6.62	7.45	8.03	9.06	9.93	0.82	12.12	12.67
331	Theria,Eutheria,Boreoeutheria,Laurasiatheria,Eulipotyphla,Erinaceidae,Erinaceinae,Hemiechinus,Hemiechinus auritus	Hemiechinus auritus		217708	Long-eared hedgehog	Eulipotyphla	0.58	342.0		10.41	7.6	no age record available	no age record available	no age record available	no age record available	7.6	0.73		
332	Theria,Eutheria,Boreoeutheria,Laurasiatheria,Eulipotyphla,Erinaceidae,Erinaceinae,Paraechinus,Paraechinus aethiopicus	Paraechinus aethiopicus		262775	Desert hedgehog	Eulipotyphla	0.64	188.0	Age at female sexual maturity filled using lineage; 	9.31	6.3	no age record available	no age record available	no age record available	no age record available	6.3	0.68		
333	Theria,Eutheria,Boreoeutheria,Laurasiatheria,Eulipotyphla,Solenodontidae,Atopogale,Atopogale cubana	Atopogale cubana		3370991	Cuban solenodon	Eulipotyphla	2.27	1000.0	Age at female sexual maturity filled using lineage; 	12.71	6.5	no age record available	no age record available	no age record available	no age record available	6.5	0.51		
334	Theria,Eutheria,Boreoeutheria,Laurasiatheria,Eulipotyphla,Solenodontidae,Solenodon,Solenodon paradoxus	Solenodon paradoxus		79805	Hispaniolan solenodon	Eulipotyphla	2.27	1000.0		12.71	12.1	no q90 record available	no q95 record available	no e90 record available	no e95 record available	12.1	0.95	5.27	6.58
335	Theria,Eutheria,Boreoeutheria,Laurasiatheria,Eulipotyphla,Soricidae,Soricinae,Blarina,Blarina brevicauda	Blarina brevicauda		9387	Northern short-tailed shrew	Eulipotyphla	0.13	21.6		6.23	2.5	no age record available	no age record available	no age record available	no age record available	2.5	0.4	1.68	1.97
336	Theria,Eutheria,Boreoeutheria,Laurasiatheria,Eulipotyphla,Soricidae,Crocidurinae,Crocidura,Crocidura leucodon	Crocidura leucodon		109474	Bicolored shrew	Eulipotyphla	0.26	11.0		5.49	3.0	no age record available	no age record available	no age record available	no age record available	3.0	0.55		
337	Theria,Eutheria,Boreoeutheria,Laurasiatheria,Eulipotyphla,Soricidae,Crocidurinae,Crocidura,Crocidura russula	Crocidura russula		36802	White-toothed shrew	Eulipotyphla	0.21	11.6		5.55	4.0	no age record available	no age record available	no age record available	no age record available	4.0	0.72		
338	Theria,Eutheria,Boreoeutheria,Laurasiatheria,Eulipotyphla,Soricidae,Crocidurinae,Crocidura,Crocidura suaveolens	Crocidura suaveolens		52631	Lesser shrew	Eulipotyphla	0.48	7.7		5.14	2.8	no age record available	no age record available	no age record available	no age record available	2.8	0.54		
339	Theria,Eutheria,Boreoeutheria,Laurasiatheria,Eulipotyphla,Soricidae,Soricinae,Neomys,Neomys anomalus	Neomys anomalus		52814	Southern water shrew	Eulipotyphla	0.29	15.0		5.82	2.0	no age record available	no age record available	no age record available	no age record available	2.0	0.34		
340	Theria,Eutheria,Boreoeutheria,Laurasiatheria,Eulipotyphla,Soricidae,Soricinae,Neomys,Neomys fodiens	Neomys fodiens		62282	Eurasian water shrew	Eulipotyphla	0.29	15.0		5.82	3.1	no age record available	no age record available	no age record available	no age record available	3.1	0.53		
341	Theria,Eutheria,Boreoeutheria,Laurasiatheria,Eulipotyphla,Soricidae,Soricinae,Sorex,Sorex araneus	Sorex araneus		42254	Eurasian shrew	Eulipotyphla	0.54	9.0		5.29	3.24	no q90 record available	no q95 record available	no e90 record available	no e95 record available	3.24	0.61	3.24	2.8
342	Theria,Eutheria,Boreoeutheria,Laurasiatheria,Eulipotyphla,Soricidae,Soricinae,Sorex,Sorex caecutiens	Sorex caecutiens		62276	Laxmann's shrew	Eulipotyphla	0.79	5.4	Age at female sexual maturity filled using lineage; 	4.81	3.0	no age record available	no age record available	no age record available	no age record available	3.0	0.62		
343	Theria,Eutheria,Boreoeutheria,Laurasiatheria,Eulipotyphla,Soricidae,Soricinae,Sorex,Sorex minutus	Sorex minutus		62280	Eurasian pygmy shrew	Eulipotyphla	0.83	7.2		5.08	2.0	no age record available	no age record available	no age record available	no age record available	2.0	0.39		
344	Theria,Eutheria,Boreoeutheria,Laurasiatheria,Eulipotyphla,Soricidae,Crocidurinae,Suncus,Suncus etruscus	Suncus etruscus	Available	109475	White-toothed pygmy shrew	Eulipotyphla	1.0	2.1		4.04	4.24	2.56	2.95	3.11	3.47	3.46	0.86	3.64	2.88
345	Theria,Eutheria,Boreoeutheria,Laurasiatheria,Eulipotyphla,Soricidae,Crocidurinae,Suncus,Suncus murinus	Suncus murinus		9378	Asian house shrew	Eulipotyphla	0.1	45.9		7.16	3.2	no age record available	no age record available	no age record available	no age record available	3.2	0.45		
346	Theria,Eutheria,Boreoeutheria,Euarchontoglires,Scandentia,Tupaiidae,Tupaia,Tupaia belangeri	Tupaia belangeri		37347	Northern tree shrew	Scandentia	0.33	200.0		9.42	11.1	no age record available	no age record available	no age record available	no age record available	11.1	1.18		
347	Theria,Eutheria,Boreoeutheria,Euarchontoglires,Scandentia,Tupaiidae,Tupaia,Tupaia glis	Tupaia glis		9395	Common tree shrew	Scandentia	0.25	200.0		9.42	12.4	no age record available	no age record available	no age record available	no age record available	12.4	1.32		
348	Theria,Eutheria,Boreoeutheria,Laurasiatheria,Eulipotyphla,Talpidae,Galemys,Galemys pyrenaicus	Galemys pyrenaicus		202257	Pyrenean desman	Eulipotyphla	2.0	57.5		7.47	4.0	no age record available	no age record available	no age record available	no age record available	4.0	0.54		
349	Theria,Eutheria,Boreoeutheria,Laurasiatheria,Eulipotyphla,Talpidae,Parascalops,Parascalops breweri	Parascalops breweri		94437	Hairy-tailed mole	Eulipotyphla	0.82	62.5		7.59	5.0	no age record available	no age record available	no age record available	no age record available	5.0	0.66		
350	Theria,Eutheria,Boreoeutheria,Laurasiatheria,Eulipotyphla,Talpidae,Scalopus,Scalopus aquaticus	Scalopus aquaticus		71119	Eastern mole	Eulipotyphla	0.92	90.0		8.12	6.2	no q90 record available	no q95 record available	no e90 record available	no e95 record available	6.2	0.76	1.21	2.67
351	Theria,Eutheria,Boreoeutheria,Laurasiatheria,Eulipotyphla,Talpidae,Talpa,Talpa europaea	Talpa europaea		9375	European mole	Eulipotyphla	0.5	92.5		8.16	4.0	no q90 record available	no q95 record available	no e90 record available	no e95 record available	4.0	0.49	0.98	1.06
352	Theria,Eutheria,Boreoeutheria,Laurasiatheria,Eulipotyphla,Talpidae,Euroscaptor,Euroscaptor micrura	Euroscaptor micrura		286131	Eastern mole	Eulipotyphla	0.91	73.5	Mass filled from web encyclopedia; Age at female sexual maturity filled using lineage; 	7.82	3.0	no age record available	no age record available	no age record available	no age record available	3.0	0.38		
353	Theria,Eutheria,Afrotheria,Afrosoricida,Tenrecidae,Tenrecinae,Echinops,Echinops telfairi	Echinops telfairi		9371	Lesser hedgehog tenrec	Afrosoricida	1.0	180.0		9.24	19.0	no age record available	no age record available	no age record available	no age record available	19.0	2.06		
354	Theria,Eutheria,Afrotheria,Afrosoricida,Tenrecidae,Tenrecinae,Hemicentetes,Hemicentetes nigriceps	Hemicentetes nigriceps		1432851	Black-headed streaked tenrec	Eulipotyphla	0.1	150.0	Mass filled from web encyclopedia; Age at female sexual maturity filled using lineage; 	8.93	2.6	no age record available	no age record available	no age record available	no age record available	2.6	0.29		
355	Theria,Eutheria,Afrotheria,Afrosoricida,Tenrecidae,Tenrecinae,Hemicentetes,Hemicentetes semispinosus	Hemicentetes semispinosus		319813	Streaked tenrec	Afrosoricida	0.1	180.0		9.24	2.7	no age record available	no age record available	no age record available	no age record available	2.7	0.29		
356	Theria,Eutheria,Afrotheria,Afrosoricida,Tenrecidae,Oryzorictinae,Nesogale,Nesogale dobsoni	Nesogale dobsoni		2583311	Dobson's shrew tenrec	Afrosoricida	1.83	37.8		6.91	5.6	no age record available	no age record available	no age record available	no age record available	5.6	0.81		
357	Theria,Eutheria,Afrotheria,Afrosoricida,Tenrecidae,Oryzorictinae,Nesogale,Nesogale talazaci	Nesogale talazaci		2583312	Talazac's shrew tenrec	Afrosoricida	1.75	50.0		7.28	5.83	no age record available	no age record available	no age record available	no age record available	5.83	0.8		
358	Theria,Eutheria,Afrotheria,Afrosoricida,Tenrecidae,Tenrecinae,Setifer,Setifer setosus	Setifer setosus		319819	Greater hedgehog tenrec	Afrosoricida	0.54	225.0		9.63	14.1	no age record available	no age record available	no age record available	no age record available	14.1	1.46		
359	Theria,Eutheria,Afrotheria,Afrosoricida,Tenrecidae,Tenrecinae,Tenrec,Tenrec ecaudatus	Tenrec ecaudatus		94439	Tailess tenrec, or Tenrec	Afrosoricida	0.5	900.0		12.46	8.7	no age record available	no age record available	no age record available	no age record available	8.7	0.7		
360	Theria,Eutheria,Boreoeutheria,Euarchontoglires,Glires,Lagomorpha,Leporidae,Lepus,Lepus americanus	Lepus americanus		48086	Snowshoe hare	Lagomorpha	0.84	1600.0		13.87	5.0	no age record available	no age record available	no age record available	no age record available	5.0	0.36		
361	Theria,Eutheria,Boreoeutheria,Euarchontoglires,Glires,Lagomorpha,Leporidae,Lepus,Lepus californicus	Lepus californicus		48087	Black-tailed jackrabbit	Lagomorpha	0.67	4175.0		16.57	11.8	no age record available	no age record available	no age record available	no age record available	11.8	0.71		
362	Theria,Eutheria,Boreoeutheria,Euarchontoglires,Glires,Lagomorpha,Leporidae,Lepus,Lepus europaeus	Lepus europaeus		9983	European hare	Lagomorpha	0.65	4175.0		16.57	12.0	no age record available	no age record available	no age record available	no age record available	12.0	0.72		
363	Theria,Eutheria,Boreoeutheria,Euarchontoglires,Glires,Lagomorpha,Leporidae,Lepus,Lepus timidus	Lepus timidus		62621	Mountain hare	Lagomorpha	0.73	4175.0		16.57	18.0	no age record available	no age record available	no age record available	no age record available	18.0	1.09		
364	Theria,Eutheria,Boreoeutheria,Euarchontoglires,Glires,Lagomorpha,Leporidae,Oryctolagus,Oryctolagus cuniculus	Oryctolagus cuniculus	Available	9986	European rabbit	Lagomorpha	2.0	1800.0		14.17	23.87	9.61	10.87	11.34	12.51	13.28	0.94	23.87	23.19
365	Theria,Eutheria,Boreoeutheria,Euarchontoglires,Glires,Lagomorpha,Leporidae,Sylvilagus,Sylvilagus floridanus	Sylvilagus floridanus	Available	9988	Eastern cottontail	Lagomorpha	0.34	1150.0		13.04	10.13	6.73	8.06	8.21	9.32	9.51	0.73	10.13	9.36
366	Theria,Eutheria,Boreoeutheria,Euarchontoglires,Glires,Lagomorpha,Ochotonidae,Ochotona,Ochotona collaris	Ochotona collaris		134600	Collared pika	Lagomorpha	1.0	129.0		8.68	6.0	no age record available	no age record available	no age record available	no age record available	6.0	0.69		
367	Theria,Eutheria,Boreoeutheria,Euarchontoglires,Glires,Lagomorpha,Ochotonidae,Ochotona,Ochotona princeps	Ochotona princeps		9978	American pika	Lagomorpha	0.95	100.0		8.28	7.0	no q90 record available	no q95 record available	no e90 record available	no e95 record available	7.0	0.85	1.11	2.1
368	Theria,Eutheria,Boreoeutheria,Euarchontoglires,Glires,Lagomorpha,Ochotonidae,Ochotona,Ochotona pusilla	Ochotona pusilla		228609	Steppe pika	Lagomorpha	0.08	262.5		9.91	4.0	no age record available	no age record available	no age record available	no age record available	4.0	0.4		
369	Theria,Eutheria,Afrotheria,Macroscelidea,Macroscelididae,Petrosaltator,Petrosaltator rozeti	Petrosaltator rozeti		237658	North African elephant shrew	Macroscelidea	0.49	48.0	Age at female sexual maturity filled using lineage; 	7.22	7.2	no age record available	no age record available	no age record available	no age record available	7.2	1.0		
370	Theria,Eutheria,Afrotheria,Macroscelidea,Macroscelididae,Galegeeska,Galegeeska rufescens	Galegeeska rufescens		42151	Rufous elephant shrew	Macroscelidea	0.14	58.0		7.48	7.9	no age record available	no age record available	no age record available	no age record available	7.9	1.06		
371	Theria,Eutheria,Afrotheria,Macroscelidea,Macroscelididae,Elephantulus,Elephantulus intufi	Elephantulus intufi		113276	Bushveld elephant shrew, or Long-eared elephant shrew	Macroscelidea	0.92	52.0		7.33	9.3	no age record available	no age record available	no age record available	no age record available	9.3	1.27		
372	Theria,Eutheria,Afrotheria,Macroscelidea,Macroscelididae,Rhynchocyon,Rhynchocyon chrysopygus	Rhynchocyon chrysopygus		320636	Golden-rumped elephant shrew	Macroscelidea	0.1	540.0		11.33	11.0	no age record available	no age record available	no age record available	no age record available	11.0	0.97		
373	Theria,Metatheria,Diprotodontia,Acrobatidae,Acrobates,Acrobates pygmaeus	Acrobates pygmaeus		190720	Pygmy gliding possum	Diprotodontia	0.66	13.0		5.66	8.8	no age record available	no age record available	no age record available	no age record available	8.8	1.55		
374	Theria,Metatheria,Diprotodontia,Burramyidae,Burramys,Burramys parvus	Burramys parvus		38600	Mountain pygmy possum	Diprotodontia	0.88	45.0		7.14	12.0	no age record available	no age record available	no age record available	no age record available	12.0	1.68		
375	Theria,Metatheria,Diprotodontia,Burramyidae,Cercartetus,Cercartetus nana	Cercartetus nana		3369760	Eastern pygmy possum	Diprotodontia	0.52	40.0		6.98	10.3	no age record available	no age record available	no age record available	no age record available	10.3	1.48		
376	Theria,Metatheria,Dasyuromorphia,Dasyuridae,Antechinomys,Antechinomys laniger	Antechinomys laniger		60701	Kultarr	Dasyuromorphia	0.96	24.0		6.35	3.5	no age record available	no age record available	no age record available	no age record available	3.5	0.55		
377	Theria,Metatheria,Dasyuromorphia,Dasyuridae,Antechinus,Antechinus flavipes	Antechinus flavipes		38775	Yellow-footed antechinus	Dasyuromorphia	0.94	45.0		7.14	3.9	no age record available	no age record available	no age record available	no age record available	3.9	0.55	2.0	1.0
378	Theria,Metatheria,Dasyuromorphia,Dasyuridae,Antechinus,Antechinus stuartii	Antechinus stuartii		9283	Brown antechinus	Dasyuromorphia	0.78	27.5		6.51	5.4	no age record available	no age record available	no age record available	no age record available	5.4	0.83	3.0	0.9
379	Theria,Metatheria,Dasyuromorphia,Dasyuridae,Dasycercus,Dasycercus cristicauda	Dasycercus cristicauda		32542	Mulgara	Dasyuromorphia	0.86	115.0		8.5	7.4	no age record available	no age record available	no age record available	no age record available	7.4	0.87		
380	Theria,Metatheria,Dasyuromorphia,Dasyuridae,Dasykaluta,Dasykaluta rosamondae	Dasykaluta rosamondae		33560	Little red kaluta	Dasyuromorphia	0.82	30.0		6.62	3.0	no age record available	no age record available	no age record available	no age record available	3.0	0.45	3.0	
381	Theria,Metatheria,Dasyuromorphia,Dasyuridae,Dasyuroides,Dasyuroides byrnei	Dasyuroides byrnei		32544	Kowari	Dasyuromorphia	0.65	105.0		8.35	8.0	no age record available	no age record available	no age record available	no age record available	8.0	0.96		
382	Theria,Metatheria,Dasyuromorphia,Dasyuridae,Dasyurus,Dasyurus albopunctatus	Dasyurus albopunctatus		32545	Quoll	Dasyuromorphia	0.93	450.0	Mass filled from web encyclopedia; Age at female sexual maturity filled using lineage; 	10.95	3.0	no age record available	no age record available	no age record available	no age record available	3.0	0.27		
383	Theria,Metatheria,Dasyuromorphia,Dasyuridae,Dasyurus,Dasyurus geoffroii	Dasyurus geoffroii		63143	Western quoll	Dasyuromorphia	1.0	890.0		12.43	6.2	no age record available	no age record available	no age record available	no age record available	6.2	0.5		
384	Theria,Metatheria,Dasyuromorphia,Dasyuridae,Dasyurus,Dasyurus maculatus	Dasyurus maculatus		9281	Tiger quoll, or Australian tiger cat	Dasyuromorphia	0.93	5500.0		17.45	6.8	no age record available	no age record available	no age record available	no age record available	6.8	0.39		
385	Theria,Metatheria,Dasyuromorphia,Dasyuridae,Dasyurus,Dasyurus viverrinus	Dasyurus viverrinus		9279	Eastern quoll	Dasyuromorphia	0.92	1090.0		12.91	6.8	no age record available	no age record available	no age record available	no age record available	6.8	0.53		
386	Theria,Metatheria,Dasyuromorphia,Dasyuridae,Ningaui,Ningaui timealeyi	Ningaui timealeyi		60702	Pilbara ningaui	Dasyuromorphia	0.79	10.5	Age at female sexual maturity filled using lineage; 	5.44	2.0	no age record available	no age record available	no age record available	no age record available	2.0	0.37		
387	Theria,Metatheria,Dasyuromorphia,Dasyuridae,Parantechinus,Parantechinus apicalis	Parantechinus apicalis		9291	Southern dibbler	Dasyuromorphia	0.86	70.0		7.75	5.5	no age record available	no age record available	no age record available	no age record available	5.5	0.71		
388	Theria,Metatheria,Dasyuromorphia,Dasyuridae,Pseudantechinus,Pseudantechinus bilarni	Pseudantechinus bilarni		479705	Sandstone dibbler	Dasyuromorphia	0.49	28.0		6.53	3.0	no age record available	no age record available	no age record available	no age record available	3.0	0.46		
389	Theria,Metatheria,Dasyuromorphia,Dasyuridae,Phascogale,Phascogale tapoatafa	Phascogale tapoatafa		9293	Brush-tailed phascogale	Dasyuromorphia	1.0	193.5		9.36	5.9	no age record available	no age record available	no age record available	no age record available	5.9	0.63		3.0
390	Theria,Metatheria,Dasyuromorphia,Dasyuridae,Sarcophilus,Sarcophilus harrisii	Sarcophilus harrisii	Available	9305	Tasmanian devil	Dasyuromorphia	2.0	6500.0		18.0	13.13	7.48	7.81	8.06	8.49	9.02	0.5	11.18	13.13
391	Theria,Metatheria,Dasyuromorphia,Dasyuridae,Sminthopsis,Sminthopsis macroura	Sminthopsis macroura		9302	Stripe-faced dunnart	Dasyuromorphia	0.33	20.0		6.14	4.9	no age record available	no age record available	no age record available	no age record available	4.9	0.8		
392	Theria,Metatheria,Didelphimorphia,Didelphidae,Caluromyinae,Caluromys,Caluromys lanatus	Caluromys lanatus		42713	Woolly opossum	Didelphimorphia	0.74	52.0	Mass filled from web encyclopedia; Age at female sexual maturity filled using lineage; 	7.33	5.0	no age record available	no age record available	no age record available	no age record available	5.0	0.68		
393	Theria,Metatheria,Didelphimorphia,Didelphidae,Caluromyinae,Caluromys,Caluromys philander	Caluromys philander		70610	Bare-tailed woolly opossum	Didelphimorphia	0.83	350.0		10.45	8.9	no age record available	no age record available	no age record available	no age record available	8.9	0.85		
394	Theria,Metatheria,Didelphimorphia,Didelphidae,Caluromyinae,Caluromysiops,Caluromysiops irrupta	Caluromysiops irrupta		126286	Black-shouldered opossum	Didelphimorphia	0.74	250.0	Age at female sexual maturity filled using lineage; 	9.82	7.83	no age record available	no age record available	no age record available	no age record available	7.83	0.8		
395	Theria,Metatheria,Didelphimorphia,Didelphidae,Didelphinae,Chironectes,Chironectes minimus	Chironectes minimus		91500	Water opossum (yapok)	Didelphimorphia	0.83	700.0		11.89	3.1	no age record available	no age record available	no age record available	no age record available	3.1	0.26		
396	Theria,Metatheria,Didelphimorphia,Didelphidae,Didelphinae,Lutreolina,Lutreolina crassicaudata	Lutreolina crassicaudata		38620	Lutrine opossum	Didelphimorphia	0.5	370.0		10.56	3.0	no age record available	no age record available	no age record available	no age record available	3.0	0.28		
397	Theria,Metatheria,Didelphimorphia,Didelphidae,Didelphinae,Marmosa,Exulomarmosa,Marmosa mexicana	Marmosa mexicana		225402	Mexican mouse opossum	Didelphimorphia	1.11	49.5		7.26	7.0	no age record available	no age record available	no age record available	no age record available	7.0	0.96		
398	Theria,Metatheria,Didelphimorphia,Didelphidae,Didelphinae,Metachirus,Metachirus nudicaudatus	Metachirus nudicaudatus		42725	Brown four-eyed opossum	Didelphimorphia	0.73	440.0	Age at female sexual maturity filled using lineage; 	10.91	4.0	no age record available	no age record available	no age record available	no age record available	4.0	0.37		
399	Theria,Metatheria,Didelphimorphia,Didelphidae,Didelphinae,Monodelphis,Monodelphis domestica	Monodelphis domestica	Available	13616	Gray short-tailed opossum	Didelphimorphia	0.33	105.0		8.35	6.0	4.27	4.56	4.67	4.92	5.03	0.6	5.42	5.46
400	Theria,Metatheria,Didelphimorphia,Didelphidae,Didelphinae,Philander,Philander mcilhennyi	Philander mcilhennyi		42729	Black four-eyed opossum	Didelphimorphia	0.95	640.0	Mass filled from web encyclopedia; Age at female sexual maturity filled using lineage; 	11.69	2.3	no age record available	no age record available	no age record available	no age record available	2.3	0.2		
401	Theria,Metatheria,Didelphimorphia,Didelphidae,Didelphinae,Philander,Philander opossum	Philander opossum		9272	Gray four-eyed opossum	Didelphimorphia	1.23	450.0		10.95	4.4	no age record available	no age record available	no age record available	no age record available	4.4	0.4		
402	Theria,Metatheria,Diprotodontia,Potoroidae,Bettongia,Bettongia gaimardi	Bettongia gaimardi		223568	Tasmanian bettong	Diprotodontia	0.69	1725.0		14.06	11.8	no age record available	no age record available	no age record available	no age record available	11.8	0.84		
403	Theria,Metatheria,Diprotodontia,Potoroidae,Caloprymnus,Caloprymnus campestris	Caloprymnus campestris		223567	Desert rat-kangaroo	Diprotodontia	0.96	1569.38	Mass at adulthood filled using lineage; Age at female sexual maturity filled using lineage; 	13.82	13.0	no age record available	no age record available	no age record available	no age record available	13.0	0.94		
404	Theria,Metatheria,Diprotodontia,Macropodidae,Dendrolagus,Dendrolagus dorianus	Dendrolagus dorianus		65608	Doria's tree kangaroo	Diprotodontia	2.06	9581.0	Age at female sexual maturity filled using lineage; 	19.34	19.0	no age record available	no age record available	no age record available	no age record available	19.0	0.98		
405	Theria,Metatheria,Diprotodontia,Macropodidae,Dendrolagus,Dendrolagus goodfellowi	Dendrolagus goodfellowi		69260	Goodfellow's tree kangaroo	Diprotodontia	2.46	7400.0		18.44	23.6	no age record available	no age record available	no age record available	no age record available	23.6	1.28		
406	Theria,Metatheria,Diprotodontia,Macropodidae,Dendrolagus,Dendrolagus inustus	Dendrolagus inustus		38604	Grizzled tree kangaroo	Diprotodontia	1.4	11400.0		19.98	23.8	no age record available	no age record available	no age record available	no age record available	23.8	1.19		
407	Theria,Metatheria,Diprotodontia,Macropodidae,Dendrolagus,Dendrolagus matschiei	Dendrolagus matschiei		165202	Matschie's tree kangaroo	Diprotodontia	2.31	7200.0		18.34	26.9	no age record available	no age record available	no age record available	no age record available	26.9	1.47		
408	Theria,Metatheria,Diprotodontia,Macropodidae,Dendrolagus,Dendrolagus ursinus	Dendrolagus ursinus		2219194	Black tree kangaroo	Diprotodontia	2.06	8000.0	Age at female sexual maturity filled using lineage; 	18.71	20.2	no age record available	no age record available	no age record available	no age record available	20.2	1.08		
409	Theria,Metatheria,Diprotodontia,Macropodidae,Dorcopsis,Dorcopsis veterum	Dorcopsis veterum		69268	New Guinean forest wallaby	Didelphimorphia	1.28	11600.0	Mass filled from web encyclopedia; Age at female sexual maturity filled using lineage; 	20.04	7.6	no age record available	no age record available	no age record available	no age record available	7.6	0.38		
410	Theria,Metatheria,Diprotodontia,Macropodidae,Lagostrophus,Lagostrophus fasciatus	Lagostrophus fasciatus		65634	Banded hare-wallaby	Diprotodontia	1.0	2100.0		14.59	4.0	no age record available	no age record available	no age record available	no age record available	4.0	0.27		
411	Theria,Metatheria,Diprotodontia,Macropodidae,Notamacropus,Notamacropus agilis	Notamacropus agilis		9313	Agile wallaby	Diprotodontia	1.0	16000.0		21.28	16.9	no age record available	no age record available	no age record available	no age record available	16.9	0.79		
412	Theria,Metatheria,Diprotodontia,Macropodidae,Osphranter,Osphranter antilopinus	Osphranter antilopinus		9314	Antilopine wallaroo	Diprotodontia	2.2	49500.0		26.25	19.8	no age record available	no age record available	no age record available	no age record available	19.8	0.75		
413	Theria,Metatheria,Diprotodontia,Macropodidae,Notamacropus,Notamacropus dorsalis	Notamacropus dorsalis		651581	Black-striped wallaby	Diprotodontia	1.17	11250.0		19.93	15.0	no age record available	no age record available	no age record available	no age record available	15.0	0.75		
414	Theria,Metatheria,Diprotodontia,Macropodidae,Notamacropus,Notamacropus eugenii	Notamacropus eugenii	Available	9315	Tammar wallaby	Diprotodontia	0.75	6500.0		18.0	19.07	9.41	10.97	11.44	12.84	13.99	0.78	19.07	13.57
415	Theria,Metatheria,Diprotodontia,Macropodidae,Macropus,Macropus fuliginosus	Macropus fuliginosus		9316	Western gray kangaroo	Diprotodontia	1.83	28250.0		23.65	23.2	no age record available	no age record available	no age record available	no age record available	23.2	0.98		
416	Theria,Metatheria,Diprotodontia,Macropodidae,Macropus,Macropus giganteus	Macropus giganteus		9317	Eastern gray kangaroo	Diprotodontia	1.75	49500.0		26.25	25.0	no age record available	no age record available	no age record available	no age record available	25.0	0.95		
417	Theria,Metatheria,Diprotodontia,Macropodidae,Notamacropus,Notamacropus parma	Notamacropus parma		413582	Parma wallaby	Diprotodontia	1.16	4250.0		16.63	15.9	no age record available	no age record available	no age record available	no age record available	15.9	0.96		
418	Theria,Metatheria,Diprotodontia,Macropodidae,Notamacropus,Notamacropus parryi	Notamacropus parryi		9318	Whiptail wallaby	Diprotodontia	2.04	16500.0		21.4	10.0	no age record available	no age record available	no age record available	no age record available	10.0	0.47		
419	Theria,Metatheria,Diprotodontia,Macropodidae,Osphranter,Osphranter robustus	Osphranter robustus		9319	Wallaroo	Diprotodontia	1.5	30000.0		23.92	22.0	no age record available	no age record available	no age record available	no age record available	22.0	0.92		
420	Theria,Metatheria,Diprotodontia,Macropodidae,Notamacropus,Notamacropus rufogriseus	Notamacropus rufogriseus		1960652	Red-necked wallaby	Diprotodontia	1.08	16200.0		21.33	18.5	no age record available	no age record available	no age record available	no age record available	18.5	0.87		
421	Theria,Metatheria,Diprotodontia,Macropodidae,Osphranter,Osphranter rufus	Osphranter rufus		9321	Red kangaroo	Diprotodontia	1.42	55000.0		26.77	30.0	no age record available	no age record available	no age record available	no age record available	30.0	1.12		
422	Theria,Metatheria,Diprotodontia,Macropodidae,Petrogale,Petrogale penicillata	Petrogale penicillata		54088	Brush-tailed rock wallaby	Diprotodontia	1.48	6000.0		17.73	14.4	no age record available	no age record available	no age record available	no age record available	14.4	0.81		
423	Theria,Metatheria,Diprotodontia,Potoroidae,Potorous,Potorous tridactylus	Potorous tridactylus		9310	Long-nosed potoroo	Diprotodontia	1.1	1430.0		13.58	14.5	no age record available	no age record available	no age record available	no age record available	14.5	1.07		
424	Theria,Metatheria,Diprotodontia,Macropodidae,Setonix,Setonix brachyurus	Setonix brachyurus		30670	Quokka	Diprotodontia	0.69	3500.0		16.04	13.8	no age record available	no age record available	no age record available	no age record available	13.8	0.86	10.0	10.0
425	Theria,Metatheria,Diprotodontia,Macropodidae,Thylogale,Thylogale billardierii	Thylogale billardierii		9327	Tasmanian pademelon	Diprotodontia	1.19	5000.0		17.14	8.8	no age record available	no age record available	no age record available	no age record available	8.8	0.51		
426	Theria,Metatheria,Diprotodontia,Macropodidae,Wallabia,Wallabia bicolor	Wallabia bicolor		9330	Swamp wallaby	Diprotodontia	1.17	14625.0		20.93	16.8	no age record available	no age record available	no age record available	no age record available	16.8	0.8		
427	Theria,Metatheria,Microbiotheria,Microbiotheriidae,Dromiciops,Dromiciops gliroides	Dromiciops gliroides		33562	Monito del monte	Microbiotheria	2.0	24.05		6.35	2.46	no age record available	no age record available	no age record available	no age record available	2.46	0.35	2.46	
428	Theria,Metatheria,Dasyuromorphia,Myrmecobiidae,Myrmecobius,Myrmecobius fasciatus	Myrmecobius fasciatus		55782	Numbat	Dasyuromorphia	0.96	471.5		11.05	11.0	no age record available	no age record available	no age record available	no age record available	11.0	1.0	6.0	5.0
429	Theria,Metatheria,Peramelemorphia,Peramelidae,Isoodon,Isoodon macrourus	Isoodon macrourus		37698	Northern brown bandicoot	Peramelemorphia	0.33	1600.0		13.87	6.8	no age record available	no age record available	no age record available	no age record available	6.8	0.49		
430	Theria,Metatheria,Peramelemorphia,Peramelidae,Perameles,Perameles gunnii	Perameles gunnii		37737	Eastern barred bandicoot	Peramelemorphia	0.25	766.0		12.09	6.1	no age record available	no age record available	no age record available	no age record available	6.1	0.5		
431	Theria,Metatheria,Peramelemorphia,Peroryctidae,Peroryctes,Peroryctes raffrayana	Peroryctes raffrayana		65628	Raffray's bandicoot	Peramelemorphia	0.25	675.0		11.81	3.3	no age record available	no age record available	no age record available	no age record available	3.3	0.28		
432	Theria,Metatheria,Peramelemorphia,Peroryctidae,Echymipera,Echymipera rufescens	Echymipera rufescens		65611	Long-nosed echymipera	Peramelemorphia	0.25	1250.0	Age at female sexual maturity filled using lineage; 	13.24	3.1	no age record available	no age record available	no age record available	no age record available	3.1	0.23		
433	Theria,Metatheria,Diprotodontia,Petauridae,Dactylopsila,Dactylopsila trivirgata	Dactylopsila trivirgata		38616	Striped possum	Diprotodontia	1.31	318.0	Age at female sexual maturity filled using lineage; 	10.27	9.6	no age record available	no age record available	no age record available	no age record available	9.6	0.94		
434	Theria,Metatheria,Diprotodontia,Petauridae,Gymnobelideus,Gymnobelideus leadbeateri	Gymnobelideus leadbeateri		38618	Leadbeater's possum	Diprotodontia	1.3	127.0		8.66	14.1	no age record available	no age record available	no age record available	no age record available	14.1	1.63	9.0	7.5
435	Theria,Metatheria,Diprotodontia,Pseudocheiridae,Petauroides,Petauroides volans	Petauroides volans		146632	Greater glider	Diprotodontia	1.75	1350.0		13.44	15.0	no age record available	no age record available	no age record available	no age record available	15.0	1.12		
436	Theria,Metatheria,Diprotodontia,Petauridae,Petaurus,Petaurus australis	Petaurus australis		282342	Yellow-bellied glider	Diprotodontia	1.98	572.5		11.45	15.0	no age record available	no age record available	no age record available	no age record available	15.0	1.31		
437	Theria,Metatheria,Diprotodontia,Petauridae,Petaurus,Petaurus breviceps	Petaurus breviceps		34899	Sugar glider	Diprotodontia	0.65	110.0		8.43	17.8	no age record available	no age record available	no age record available	no age record available	17.8	2.11		
438	Theria,Metatheria,Diprotodontia,Petauridae,Petaurus,Petaurus norfolcensis	Petaurus norfolcensis		122272	Squirrel glider	Diprotodontia	1.32	405.0	Age at female sexual maturity filled using lineage; 	10.74	14.8	no age record available	no age record available	no age record available	no age record available	14.8	1.38		
439	Theria,Metatheria,Diprotodontia,Pseudocheiridae,Pseudocheirus,Pseudocheirus peregrinus	Pseudocheirus peregrinus		9333	Common ringtail, or Ring-tailed possum	Diprotodontia	1.0	850.0		12.33	10.1	no age record available	no age record available	no age record available	no age record available	10.1	0.82		
440	Theria,Metatheria,Diprotodontia,Phalangeridae,Spilocuscus,Spilocuscus maculatus	Spilocuscus maculatus		175810	Common spotted cuscus, or Spotted cuscus	Diprotodontia	0.61	3500.0		16.04	17.0	no age record available	no age record available	no age record available	no age record available	17.0	1.06		
441	Theria,Metatheria,Diprotodontia,Phalangeridae,Trichosurus,Trichosurus caninus	Trichosurus caninus		128432	Mountain brush-tailed possum	Diprotodontia	2.46	3150.0		15.73	17.0	no age record available	no age record available	no age record available	no age record available	17.0	1.08	17.0	12.0
442	Theria,Metatheria,Diprotodontia,Phalangeridae,Trichosurus,Trichosurus vulpecula	Trichosurus vulpecula	Available	9337	Brush-tailed possum	Diprotodontia	0.86	2395.0		14.95	18.49	6.73	8.85	9.75	11.76	13.32	0.89	18.49	16.97
443	Theria,Metatheria,Diprotodontia,Phalangeridae,Wyulda,Wyulda squamicaudata	Wyulda squamicaudata		175813	Scaly-tailed possum	Diprotodontia	2.0	1700.0		14.02	6.0	no age record available	no age record available	no age record available	no age record available	6.0	0.43		
444	Theria,Metatheria,Diprotodontia,Phascolarctidae,Phascolarctos,Phascolarctos cinereus	Phascolarctos cinereus	Available	38626	Koala	Diprotodontia	1.77	9300.0		19.24	22.63	13.82	15.9	16.5	18.13	18.84	0.98	22.63	22.61
445	Theria,Metatheria,Diprotodontia,Potoroidae,Aepyprymnus,Aepyprymnus rufescens	Aepyprymnus rufescens		38598	Rufous 'rat'-kangaroo	Diprotodontia	0.91	3250.0		15.82	12.8	no age record available	no age record available	no age record available	no age record available	12.8	0.81		
446	Theria,Metatheria,Diprotodontia,Pseudocheiridae,Hemibelideus,Hemibelideus lemuroides	Hemibelideus lemuroides		596256	Lemuroid ringtail possum	Diprotodontia	2.0	1040.0		12.8	15.0	no age record available	no age record available	no age record available	no age record available	15.0	1.17		
447	Theria,Metatheria,Diprotodontia,Tarsipedidae,Tarsipes,Tarsipes rostratus	Tarsipes rostratus		38632	Honey possum	Diprotodontia	0.46	9.0	Curated max low relative to order, likely underestimation;	5.29	2.0	no age record available	no age record available	no age record available	no age record available	2.0	0.38		
448	Theria,Metatheria,Dasyuromorphia,Thylacinidae,Thylacinus,Thylacinus cynocephalus	Thylacinus cynocephalus		9275	Thylacine	Dasyuromorphia	0.84	28100.0	Mass filled from web encyclopedia; Age at female sexual maturity filled using lineage; 	23.63	13.0	no age record available	no age record available	no age record available	no age record available	13.0	0.55		
449	Theria,Metatheria,Peramelemorphia,Peramelidae,Macrotis,Macrotis lagotis	Macrotis lagotis	Available	92651	Rabbit-bandicoot, or Bilby	Peramelemorphia	0.41	1300.0		13.34	11.76	7.04	7.95	8.09	8.72	9.17	0.69	11.76	8.85
450	Theria,Metatheria,Diprotodontia,Vombatidae,Lasiorhinus,Lasiorhinus latifrons	Lasiorhinus latifrons		30668	Southern hairy-nosed wombat	Diprotodontia	1.5	25500.0		23.21	29.9	no age record available	no age record available	no age record available	no age record available	29.9	1.29		
451	Theria,Metatheria,Diprotodontia,Vombatidae,Vombatus,Vombatus ursinus	Vombatus ursinus		29139	Coarse-haired wombat	Diprotodontia	2.0	25500.0		23.21	30.0	no age record available	no age record available	no age record available	no age record available	30.0	1.29		
452	Prototheria,Monotremata,Ornithorhynchidae,Ornithorhynchus,Ornithorhynchus anatinus	Ornithorhynchus anatinus	Available	9258	Duck-billed platypus	Monotremata	1.5	1250.0		13.24	27.15	21.59	24.15	24.74	26.25	27.15	2.05	27.15	24.24
453	Prototheria,Monotremata,Tachyglossidae,Tachyglossus,Tachyglossus aculeatus	Tachyglossus aculeatus	Available	9261	Short-beaked echidna	Monotremata	1.5	3500.0		16.04	51.34	25.72	31.83	35.35	42.06	44.42	2.77	47.96	51.34
454	Prototheria,Monotremata,Tachyglossidae,Zaglossus,Zaglossus bruijni	Zaglossus bruijni		33543	Western long-beaked echidna, or Long-nosed echidna	Monotremata	1.5	7500.0	Age at female sexual maturity filled using lineage; 	18.48	41.2	no age record available	no age record available	no age record available	no age record available	41.2	2.23		
455	Theria,Eutheria,Boreoeutheria,Laurasiatheria,Perissodactyla,Equidae,Equus,Equus asinus	Equus asinus		9793	African Malddaba_life_table ass	Perissodactyla	1.94	164998.0		32.84	50.0	no age record available	no age record available	no age record available	no age record available	50.0	1.52		
456	Theria,Eutheria,Boreoeutheria,Laurasiatheria,Perissodactyla,Equidae,Equus,Equus quagga	Equus quagga		89248	Quagga	Perissodactyla	2.46	280000.0		36.24	40.0	no age record available	no age record available	no age record available	no age record available	40.0	1.1		
457	Theria,Eutheria,Boreoeutheria,Laurasiatheria,Perissodactyla,Equidae,Equus,Equus caballus	Equus caballus	Available	9796	Horse	Perissodactyla	2.5	300000.0		36.71	62.0	28.82	31.23	32.15	34.45	35.81	0.98	45.22	43.87
458	Theria,Eutheria,Boreoeutheria,Laurasiatheria,Perissodactyla,Equidae,Equus,Equus grevyi	Equus grevyi		9792	Grevy's zebra	Perissodactyla	3.5	384000.0		38.43	31.0	no age record available	no age record available	no age record available	no age record available	31.0	0.81		
459	Theria,Eutheria,Boreoeutheria,Laurasiatheria,Perissodactyla,Equidae,Equus,Equus hemionus	Equus hemionus		9794	Kulan	Perissodactyla	3.17	230000.0		34.94	38.8	no age record available	no age record available	no age record available	no age record available	38.8	1.11		
460	Theria,Eutheria,Boreoeutheria,Laurasiatheria,Perissodactyla,Equidae,Equus,Equus zebra	Equus zebra		9791	Mountain zebra	Perissodactyla	2.76	296000.0		36.62	33.2	no age record available	no age record available	no age record available	no age record available	33.2	0.91	24.0	
461	Theria,Eutheria,Boreoeutheria,Laurasiatheria,Perissodactyla,Rhinocerotidae,Ceratotherium,Ceratotherium simum	Ceratotherium simum		9807	White rhinoceros	Perissodactyla	4.5	2175000.0		53.06	50.0	no age record available	no age record available	no age record available	no age record available	50.0	0.94	36.0	
462	Theria,Eutheria,Boreoeutheria,Laurasiatheria,Perissodactyla,Rhinocerotidae,Dicerorhinus,Dicerorhinus sumatrensis	Dicerorhinus sumatrensis		89632	Sumatran rhinoceros	Perissodactyla	7.5	1260000.0		47.94	35.0	no age record available	no age record available	no age record available	no age record available	35.0	0.73		
463	Theria,Eutheria,Boreoeutheria,Laurasiatheria,Perissodactyla,Rhinocerotidae,Diceros,Diceros bicornis	Diceros bicornis	Available	9805	Black rhinoceros	Perissodactyla	5.0	1100000.0		46.74	57.0	30.77	31.87	32.19	32.78	33.31	0.71	34.08	32.08
464	Theria,Eutheria,Boreoeutheria,Laurasiatheria,Perissodactyla,Rhinocerotidae,Rhinoceros,Rhinoceros sondaicus	Rhinoceros sondaicus		102233	Javan rhinoceros	Perissodactyla	3.5	1750000.0		50.96	40.0	no age record available	no age record available	no age record available	no age record available	40.0	0.78		
465	Theria,Eutheria,Boreoeutheria,Laurasiatheria,Perissodactyla,Rhinocerotidae,Rhinoceros,Rhinoceros unicornis	Rhinoceros unicornis		9809	Indian rhinoceros	Perissodactyla	4.59	1602330.0		50.13	49.0	no age record available	no age record available	no age record available	no age record available	49.0	0.98		
466	Theria,Eutheria,Boreoeutheria,Laurasiatheria,Perissodactyla,Tapiridae,Tapirus,Tapirus indicus	Tapirus indicus	Available	9802	Malayan tapir	Perissodactyla	3.0	250000.0		35.48	40.75	27.24	29.57	30.79	33.43	35.03	0.99	37.81	40.75
467	Theria,Eutheria,Boreoeutheria,Laurasiatheria,Perissodactyla,Tapiridae,Tapirus,Tapirus terrestris	Tapirus terrestris		9801	Brazilian tapir	Perissodactyla	3.0	250000.0		35.48	39.6	no age record available	no age record available	no age record available	no age record available	39.6	1.12		
468	Theria,Eutheria,Boreoeutheria,Laurasiatheria,Pholidota,Manidae,Manis,Manis crassicaudata	Manis crassicaudata		1496684	Indian pangolin	Pholidota	2.07	13014.7		20.48	20.0	no age record available	no age record available	no age record available	no age record available	20.0	0.98		
469	Theria,Eutheria,Boreoeutheria,Laurasiatheria,Carnivora,Caniformia,Pinnipedia,Odobenidae,Odobenus,Odobenus rosmarus	Odobenus rosmarus		9707	Walrus	Carnivora	4.78	1012500.0		46.03	40.0	no age record available	no age record available	no age record available	no age record available	40.0	0.87		
470	Theria,Eutheria,Boreoeutheria,Laurasiatheria,Carnivora,Caniformia,Pinnipedia,Otariidae,Arctocephalus,Arctocephalus galapagoensis	Arctocephalus galapagoensis		30584	Galapagos fur seal	Carnivora	4.0	45500.0		25.85	22.0	no age record available	no age record available	no age record available	no age record available	22.0	0.85	22.0	
471	Theria,Eutheria,Boreoeutheria,Laurasiatheria,Carnivora,Caniformia,Pinnipedia,Otariidae,Arctocephalus,Arctocephalus gazella	Arctocephalus gazella		37190	Antarctic fur seal	Carnivora	3.5	84500.0		29.0	23.0	no age record available	no age record available	no age record available	no age record available	23.0	0.79	23.0	13.0
472	Theria,Eutheria,Boreoeutheria,Laurasiatheria,Carnivora,Caniformia,Pinnipedia,Otariidae,Arctocephalus,Arctocephalus pusillus	Arctocephalus pusillus		37191	South African fur seal	Carnivora	3.49	127551.0		31.31	32.1	no age record available	no age record available	no age record available	no age record available	32.1	1.03		
473	Theria,Eutheria,Boreoeutheria,Laurasiatheria,Carnivora,Caniformia,Pinnipedia,Otariidae,Callorhinus,Callorhinus ursinus	Callorhinus ursinus		34884	Northern fur seal	Carnivora	3.0	165500.0		32.86	30.0	no age record available	no age record available	no age record available	no age record available	30.0	0.91		
474	Theria,Eutheria,Boreoeutheria,Laurasiatheria,Carnivora,Caniformia,Pinnipedia,Otariidae,Eumetopias,Eumetopias jubatus	Eumetopias jubatus		34886	Steller sea lion	Carnivora	4.87	415000.0		38.99	32.8	no age record available	no age record available	no age record available	no age record available	32.8	0.84	30.0	
475	Theria,Eutheria,Boreoeutheria,Laurasiatheria,Carnivora,Caniformia,Pinnipedia,Otariidae,Otaria,Otaria byronia	Otaria byronia		161932	Southern sea lion	Carnivora	4.0	207500.0		34.27	29.0	19.0	20.0	no age record available	no age record available	29.0	0.85		
476	Theria,Eutheria,Boreoeutheria,Laurasiatheria,Carnivora,Caniformia,Pinnipedia,Otariidae,Zalophus,Zalophus californianus	Zalophus californianus	Available	9704	California sea lion	Carnivora	3.0	180000.0		33.38	35.7	28.03	30.07	30.26	31.58	32.22	0.97	34.86	35.16
477	Theria,Eutheria,Boreoeutheria,Laurasiatheria,Carnivora,Caniformia,Pinnipedia,Phocidae,Phocinae,Cystophora,Cystophora cristata	Cystophora cristata		39293	Hooded seal	Carnivora	3.0	405000.0		38.81	35.0	no age record available	no age record available	no age record available	no age record available	35.0	0.9	35.0	34.0
478	Theria,Eutheria,Boreoeutheria,Laurasiatheria,Carnivora,Caniformia,Pinnipedia,Phocidae,Phocinae,Erignathus,Erignathus barbatus	Erignathus barbatus		39304	Bearded seal	Carnivora	4.69	373000.0		38.22	31.0	no age record available	no age record available	no age record available	no age record available	31.0	0.81	31.0	25.0
479	Theria,Eutheria,Boreoeutheria,Laurasiatheria,Carnivora,Caniformia,Pinnipedia,Phocidae,Phocinae,Halichoerus,Halichoerus grypus	Halichoerus grypus		9711	Gray seal	Carnivora	4.0	268000.0		35.94	46.0	no age record available	no age record available	no age record available	no age record available	46.0	1.28	46.0	43.0
480	Theria,Eutheria,Boreoeutheria,Laurasiatheria,Carnivora,Caniformia,Pinnipedia,Phocidae,Monachinae,Lobodontini,Hydrurga,Hydrurga leptonyx	Hydrurga leptonyx		29086	Leopard seal	Carnivora	3.0	367750.0		38.12	26.0	no age record available	no age record available	no age record available	no age record available	26.0	0.68	26.0	23.0
481	Theria,Eutheria,Boreoeutheria,Laurasiatheria,Carnivora,Caniformia,Pinnipedia,Phocidae,Monachinae,Lobodontini,Leptonychotes,Leptonychotes weddellii	Leptonychotes weddellii		9713	Weddell seal	Carnivora	3.74	425000.0		39.16	25.0	no age record available	no age record available	no age record available	no age record available	25.0	0.64	25.0	21.0
482	Theria,Eutheria,Boreoeutheria,Laurasiatheria,Carnivora,Caniformia,Pinnipedia,Phocidae,Monachinae,Lobodontini,Lobodon,Lobodon carcinophaga	Lobodon carcinophaga		101849	Crabeater seal	Carnivora	4.0	250000.0		35.48	39.0	no age record available	no age record available	no age record available	no age record available	39.0	1.1	36.0	30.0
483	Theria,Eutheria,Boreoeutheria,Laurasiatheria,Carnivora,Caniformia,Pinnipedia,Phocidae,Monachinae,Miroungini,Mirounga,Mirounga angustirostris	Mirounga angustirostris		9716	Northern elephant seal	Carnivora	3.0	1600000.0	Curated max observed in Malddaba_life_table, determined from living animals, modeled from existing data, or determined from live individuals using methylation clock, likely underestimation;	50.11	22.0	9.0	12.0	no age record available	no age record available	22.0	0.44	14.0	14.0
484	Theria,Eutheria,Boreoeutheria,Laurasiatheria,Carnivora,Caniformia,Pinnipedia,Phocidae,Monachinae,Miroungini,Mirounga,Mirounga leonina	Mirounga leonina		9715	Southern elephant seal	Carnivora	2.9	1400000.0		48.89	23.0	no age record available	no age record available	no age record available	no age record available	23.0	0.47	18.0	20.0
485	Theria,Eutheria,Boreoeutheria,Laurasiatheria,Carnivora,Caniformia,Pinnipedia,Phocidae,Monachinae,Monachini,Monachus,Monachus monachus	Monachus monachus		248254	Mediterranean monk seal	Carnivora	4.0	275000.0		36.12	23.7	no age record available	no age record available	no age record available	no age record available	23.7	0.66		
486	Theria,Eutheria,Boreoeutheria,Laurasiatheria,Carnivora,Caniformia,Pinnipedia,Phocidae,Monachinae,Monachini,Neomonachus,Neomonachus schauinslandi	Neomonachus schauinslandi		29088	Hawaiian monk seal	Carnivora	5.0	222500.0		34.72	30.0	no age record available	no age record available	no age record available	no age record available	30.0	0.86		
487	Theria,Eutheria,Boreoeutheria,Laurasiatheria,Carnivora,Caniformia,Pinnipedia,Phocidae,Monachinae,Lobodontini,Ommatophoca,Ommatophoca rossii	Ommatophoca rossi		207342	Ross seal	Carnivora	3.0	216000.0	Mass filled from web encyclopedia; Age at female sexual maturity filled using lineage; 	34.53	21.0	no age record available	no age record available	no age record available	no age record available	21.0	0.61	19.0	21.0
488	Theria,Eutheria,Boreoeutheria,Laurasiatheria,Carnivora,Caniformia,Pinnipedia,Phocidae,Phocinae,Phoca,Phoca groenlandica	Phoca groenlandica		39089	Harp seal	Carnivora	4.48	180000.0		33.38	30.0	no age record available	no age record available	no age record available	no age record available	30.0	0.9	30.0	30.0
489	Theria,Eutheria,Boreoeutheria,Laurasiatheria,Carnivora,Caniformia,Pinnipedia,Phocidae,Phocinae,Pusa,Pusa caspica	Pusa caspica		693431	Caspian seal	Carnivora	5.5	86000.0		29.09	50.0	no age record available	no age record available	no age record available	no age record available	50.0	1.72	50.0	47.0
490	Theria,Eutheria,Boreoeutheria,Laurasiatheria,Carnivora,Caniformia,Pinnipedia,Phocidae,Phocinae,Phoca,Phoca fasciata	Phoca fasciata		39088	Ribbon seal	Carnivora	2.87	90000.0		29.34	31.0	no age record available	no age record available	no age record available	no age record available	31.0	1.06	23.0	31.0
491	Theria,Eutheria,Boreoeutheria,Laurasiatheria,Carnivora,Caniformia,Pinnipedia,Phocidae,Phocinae,Pusa,Pusa hispida	Pusa hispida		9718	Ringed seal	Carnivora	5.0	90000.0		29.34	46.0	no age record available	no age record available	no age record available	no age record available	46.0	1.57	40.0	43.0
492	Theria,Eutheria,Boreoeutheria,Laurasiatheria,Carnivora,Caniformia,Pinnipedia,Phocidae,Phocinae,Phoca,Phoca largha	Phoca largha		39090	Spotted seal	Carnivora	3.5	85000.0		29.03	35.0	no age record available	no age record available	no age record available	no age record available	35.0	1.21	32.0	29.0
493	Theria,Eutheria,Boreoeutheria,Laurasiatheria,Carnivora,Caniformia,Pinnipedia,Phocidae,Phocinae,Pusa,Pusa sibirica	Pusa sibirica		9719	Baikal seal	Carnivora	5.83	90000.0		29.34	56.0	no age record available	no age record available	no age record available	no age record available	56.0	1.91	56.0	52.0
494	Theria,Eutheria,Boreoeutheria,Laurasiatheria,Carnivora,Caniformia,Pinnipedia,Phocidae,Phocinae,Phoca,Phoca vitulina	Phoca vitulina		9720	Harbor seal	Carnivora	3.0	115000.0		30.71	47.6	no age record available	no age record available	no age record available	no age record available	47.6	1.55	32.0	26.0
495	Theria,Eutheria,Boreoeutheria,Euarchontoglires,Primates,Haplorrhini,Simiiformes,Platyrrhini,Cebidae,Callitrichinae,Callimico,Callimico goeldii	Callimico goeldii	Available	9495	Goeldi's monkey	Primates	1.0	555.0		11.39	22.34	20.2	21.23	21.52	22.34	22.34	1.57	16.1	15.8
496	Theria,Eutheria,Boreoeutheria,Euarchontoglires,Primates,Haplorrhini,Simiiformes,Platyrrhini,Cebidae,Callitrichinae,Mico,Mico argentatus	Mico argentatus		9482	Silvery marmoset	Primates	0.83	343.2		10.41	16.8	no age record available	no age record available	no age record available	no age record available	16.8	1.61	16.8	
497	Theria,Eutheria,Boreoeutheria,Euarchontoglires,Primates,Haplorrhini,Simiiformes,Platyrrhini,Cebidae,Callitrichinae,Mico,Mico humeralifer	Mico humeralifer		52232	Tassel-eared marmoset	Primates	0.83	355.8		10.48	15.0	no age record available	no age record available	no age record available	no age record available	15.0	1.43		
498	Theria,Eutheria,Boreoeutheria,Euarchontoglires,Primates,Haplorrhini,Simiiformes,Platyrrhini,Cebidae,Callitrichinae,Callithrix,Callithrix,Callithrix jacchus	Callithrix jacchus	Available	9483	White-tufted-ear marmoset	Primates	1.5	255.2		9.86	32.7	11.77	13.65	14.43	16.21	17.5	1.78	22.59	32.7
499	Theria,Eutheria,Boreoeutheria,Euarchontoglires,Primates,Haplorrhini,Simiiformes,Platyrrhini,Cebidae,Callitrichinae,Cebuella,Cebuella pygmaea	Cebuella pygmaea	Available	9493	Pygmy marmoset	Primates	1.87	124.0		8.62	18.8	15.45	17.94	17.79	18.8	18.8	1.75	15.1	
500	Theria,Eutheria,Boreoeutheria,Euarchontoglires,Primates,Haplorrhini,Simiiformes,Platyrrhini,Cebidae,Callitrichinae,Leontopithecus,Leontopithecus rosalia	Leontopithecus rosalia		30588	Golden lion tamarin	Primates	1.5	654.5		11.74	31.6	no age record available	no age record available	no age record available	no age record available	31.6	2.69	22.0	24.8
501	Theria,Eutheria,Boreoeutheria,Euarchontoglires,Primates,Haplorrhini,Simiiformes,Platyrrhini,Cebidae,Callitrichinae,Leontocebus,Leontocebus fuscicollis	Leontocebus fuscicollis	Available	9487	Saddlebacked tamarin	Primates	1.49	456.5		10.98	24.95	14.52	17.74	18.17	20.55	21.59	1.97	24.95	23.44
502	Theria,Eutheria,Boreoeutheria,Euarchontoglires,Primates,Haplorrhini,Simiiformes,Platyrrhini,Cebidae,Callitrichinae,Saguinus,Saguinus imperator	Saguinus imperator	Available	9491	Emperor tamarin	Primates	1.49	518.5		11.24	23.7	17.93	19.15	20.37	20.37	23.7	1.8		20.2
503	Theria,Eutheria,Boreoeutheria,Euarchontoglires,Primates,Haplorrhini,Simiiformes,Platyrrhini,Cebidae,Callitrichinae,Leontocebus,Leontocebus nigricollis	Leontocebus nigricollis		9489	Black-mantled tamarin	Primates	2.33	519.2		11.25	20.2	no age record available	no age record available	no age record available	no age record available	20.2	1.8	15.2	
504	Theria,Eutheria,Boreoeutheria,Euarchontoglires,Primates,Haplorrhini,Simiiformes,Platyrrhini,Cebidae,Callitrichinae,Saguinus,Saguinus oedipus	Saguinus oedipus	Available	9490	Cotton-top tamarin	Primates	2.5	445.5		10.93	26.2	17.23	19.74	19.78	21.23	21.81	2.0	13.2	23.1
505	Theria,Eutheria,Boreoeutheria,Euarchontoglires,Primates,Haplorrhini,Simiiformes,Platyrrhini,Atelidae,Alouattinae,Alouatta,Alouatta caraya	Alouatta caraya	Available	9502	Black howler monkey	Primates	3.2	5462.5		17.42	32.4	no q90 record available	no q95 record available	no e90 record available	no e95 record available	32.4	1.86		20.3
506	Theria,Eutheria,Boreoeutheria,Euarchontoglires,Primates,Haplorrhini,Simiiformes,Platyrrhini,Atelidae,Alouattinae,Alouatta,Alouatta palliata	Alouatta palliata		30589	Mantled howler monkey	Primates	3.0	7000.0		18.25	25.0	no age record available	no age record available	no age record available	no age record available	25.0	1.37		
507	Theria,Eutheria,Boreoeutheria,Euarchontoglires,Primates,Haplorrhini,Simiiformes,Platyrrhini,Atelidae,Alouattinae,Alouatta,Alouatta seniculus	Alouatta seniculus		9503	Red howler monkey	Primates	4.04	6543.2		18.02	25.0	no age record available	no age record available	no age record available	no age record available	25.0	1.39		
508	Theria,Eutheria,Boreoeutheria,Euarchontoglires,Primates,Haplorrhini,Simiiformes,Platyrrhini,Atelidae,Alouattinae,Alouatta,Alouatta pigra	Alouatta pigra		182253	Mexican black howler monkey	Primates	3.7	7000.0	Age at female sexual maturity filled using lineage; 	18.25	20.0	no age record available	no age record available	no age record available	no age record available	20.0	1.1		
509	Theria,Eutheria,Boreoeutheria,Euarchontoglires,Primates,Haplorrhini,Simiiformes,Platyrrhini,Aotidae,Aotus,Aotus trivirgatus	Aotus trivirgatus	Available	9505	Northern night monkey	Primates	2.25	800.0		12.19	30.1	17.0	19.06	20.99	23.45	23.7	1.94		
510	Theria,Eutheria,Boreoeutheria,Euarchontoglires,Primates,Haplorrhini,Simiiformes,Platyrrhini,Atelidae,Atelinae,Ateles,Ateles belzebuth	Ateles belzebuth		9507	White-bellied spider monkey	Primates	4.0	7535.0		18.5	37.0	no age record available	no age record available	no age record available	no age record available	37.0	2.0	26.0	26.0
511	Theria,Eutheria,Boreoeutheria,Euarchontoglires,Primates,Haplorrhini,Simiiformes,Platyrrhini,Atelidae,Atelinae,Ateles,Ateles fusciceps	Ateles fusciceps	Available	9508	Brown-headed spider monkey	Primates	4.15	7000.0		18.25	46.0	no q90 record available	no q95 record available	no e90 record available	no e95 record available	46.0	2.52	24.0	
512	Theria,Eutheria,Boreoeutheria,Euarchontoglires,Primates,Haplorrhini,Simiiformes,Platyrrhini,Atelidae,Atelinae,Ateles,Ateles paniscus	Ateles paniscus		9510	Black spider monkey	Primates	4.15	7887.5		18.66	46.0	no age record available	no age record available	no age record available	no age record available	46.0	2.47	37.8	
513	Theria,Eutheria,Boreoeutheria,Euarchontoglires,Primates,Haplorrhini,Simiiformes,Platyrrhini,Pitheciidae,Pitheciinae,Cacajao,Cacajao calvus	Cacajao calvus		30596	Bald uacari, or Red uakari	Primates	3.3	3165.0		15.74	35.8	no age record available	no age record available	no age record available	no age record available	35.8	2.27	22.3	
514	Theria,Eutheria,Boreoeutheria,Euarchontoglires,Primates,Haplorrhini,Simiiformes,Platyrrhini,Pitheciidae,Pitheciinae,Cacajao,Cacajao melanocephalus	Cacajao melanocephalus		70825	Black uakari	Primates	3.23	2935.0		15.52	18.0	no age record available	no age record available	no age record available	no age record available	18.0	1.16		
515	Theria,Eutheria,Boreoeutheria,Euarchontoglires,Primates,Haplorrhini,Simiiformes,Platyrrhini,Pitheciidae,Pitheciinae,Cacajao,Cacajao rubicundus	Cacajao rubicundus		70927	Bald uakari	Primates	3.26	3450.0	Mass filled from web encyclopedia; Age at female sexual maturity filled using lineage; 	16.0	27.0	no age record available	no age record available	no age record available	no age record available	27.0	1.69	23.0	27.0
516	Theria,Eutheria,Boreoeutheria,Euarchontoglires,Primates,Haplorrhini,Simiiformes,Platyrrhini,Pitheciidae,Callicebinae,Plecturocebus,Plecturocebus moloch	Plecturocebus moloch		9523	Dusky titi	Primates	2.5	804.0		12.2	26.2	no age record available	no age record available	no age record available	no age record available	26.2	2.15	20.3	25.3
517	Theria,Eutheria,Boreoeutheria,Euarchontoglires,Primates,Haplorrhini,Simiiformes,Platyrrhini,Cebidae,Cebinae,Cebus,Cebus albifrons	Cebus albifrons		9514	White-fronted capuchin	Primates	3.59	2467.5		15.03	44.0	no age record available	no age record available	no age record available	no age record available	44.0	2.93	40.5	25.0
518	Theria,Eutheria,Boreoeutheria,Euarchontoglires,Primates,Haplorrhini,Simiiformes,Platyrrhini,Cebidae,Cebinae,Sapajus,Sapajus apella	Sapajus apella		9515	Brown capuchin	Primates	4.66	2642.5		15.22	46.0	no age record available	no age record available	no age record available	no age record available	46.0	3.02		45.1
519	Theria,Eutheria,Boreoeutheria,Euarchontoglires,Primates,Haplorrhini,Simiiformes,Platyrrhini,Cebidae,Cebinae,Cebus,Cebus capucinus	Cebus capucinus		9516	White-faced capuchin	Primates	4.12	2655.0		15.24	55.0	25.0	26.0	no age record available	no age record available	55.0	3.61		54.8
520	Theria,Eutheria,Boreoeutheria,Euarchontoglires,Primates,Haplorrhini,Simiiformes,Platyrrhini,Cebidae,Cebinae,Cebus,Cebus olivaceus	Cebus olivaceus		37295	Weeping capuchin	Primates	6.0	2552.5		15.13	47.0	no age record available	no age record available	no age record available	no age record available	47.0	3.11	41.0	
521	Theria,Eutheria,Boreoeutheria,Euarchontoglires,Primates,Haplorrhini,Simiiformes,Platyrrhini,Pitheciidae,Pitheciinae,Chiropotes,Chiropotes albinasus	Chiropotes albinasus		198627	White-nosed bearded saki	Primates	4.0	2910.0		15.5	20.0	no age record available	no age record available	no age record available	no age record available	20.0	1.29	11.7	
522	Theria,Eutheria,Boreoeutheria,Euarchontoglires,Primates,Haplorrhini,Simiiformes,Platyrrhini,Pitheciidae,Pitheciinae,Chiropotes,Chiropotes satanas	Chiropotes satanas		9525	Brown-bearded saki	Primates	4.0	2942.5		15.53	19.6	no age record available	no age record available	no age record available	no age record available	19.6	1.26	15.0	12.7
523	Theria,Eutheria,Boreoeutheria,Euarchontoglires,Primates,Haplorrhini,Simiiformes,Platyrrhini,Atelidae,Atelinae,Lagothrix,Lagothrix lagotricha	Lagothrix lagotricha	Available	9519	Humboldt's woolly monkey	Primates	7.0	7650.0		18.55	32.0	17.96	19.78	19.78	19.78	32.0	1.62	30.0	24.8
524	Theria,Eutheria,Boreoeutheria,Euarchontoglires,Primates,Haplorrhini,Simiiformes,Platyrrhini,Pitheciidae,Pitheciinae,Pithecia,Pithecia aequatorialis	Pithecia aequatorialis		2839867	Equatorial saki	Primates	2.12	1200.0	Age at female sexual maturity filled using lineage; 	13.14	14.9	no age record available	no age record available	no age record available	no age record available	14.9	1.13		
525	Theria,Eutheria,Boreoeutheria,Euarchontoglires,Primates,Haplorrhini,Simiiformes,Platyrrhini,Pitheciidae,Pitheciinae,Pithecia,Pithecia monachus	Pithecia monachus		595220	Monk saki	Primates	2.12	1780.0	Age at female sexual maturity filled using lineage; 	14.14	25.0	no age record available	no age record available	no age record available	no age record available	25.0	1.77	24.6	
526	Theria,Eutheria,Boreoeutheria,Euarchontoglires,Primates,Haplorrhini,Simiiformes,Platyrrhini,Pitheciidae,Pitheciinae,Pithecia,Pithecia pithecia	Pithecia pithecia	Available	43777	Guianan saki	Primates	2.12	1480.0		13.67	36.18	21.6	25.87	26.72	29.88	31.27	2.29	35.51	36.18
527	Theria,Eutheria,Boreoeutheria,Euarchontoglires,Primates,Haplorrhini,Simiiformes,Platyrrhini,Cebidae,Saimiriinae,Saimiri,Saimiri sciureus	Saimiri sciureus	Available	9521	South American squirrel monkey	Primates	4.0	925.0		12.52	38.34	20.29	23.07	23.82	26.08	27.5	2.2	34.3	37.74
528	Theria,Eutheria,Boreoeutheria,Euarchontoglires,Primates,Haplorrhini,Simiiformes,Catarrhini,Cercopithecoidea,Cercopithecidae,Cercopithecinae,Allenopithecus,Allenopithecus nigroviridis	Allenopithecus nigroviridis		54135	Allen's swamp monkey	Primates	4.54	4702.5		16.95	27.0	no age record available	no age record available	no age record available	no age record available	27.0	1.36		
529	Theria,Eutheria,Boreoeutheria,Euarchontoglires,Primates,Haplorrhini,Simiiformes,Catarrhini,Cercopithecoidea,Cercopithecidae,Cercopithecinae,Lophocebus,Lophocebus aterrimus	Lophocebus aterrimus		75566	Black mangabey	Primates	4.8	10000.0	Mass filled from web encyclopedia; 	19.5	26.8	no age record available	no age record available	no age record available	no age record available	26.8	1.37		26.8
530	Theria,Eutheria,Boreoeutheria,Euarchontoglires,Primates,Haplorrhini,Simiiformes,Catarrhini,Cercopithecoidea,Cercopithecidae,Cercopithecinae,Lophocebus,Lophocebus albigena	Lophocebus albigena	Available	75567	Gray-cheeked mangabey	Primates	4.0	9317.5		19.24	41.13	33.1	41.13	41.13	41.13	41.13	1.7		
531	Theria,Eutheria,Boreoeutheria,Euarchontoglires,Primates,Haplorrhini,Simiiformes,Catarrhini,Cercopithecoidea,Cercopithecidae,Cercopithecinae,Cercocebus,Cercocebus atys	Cercocebus atys		9531	Sooty mangabey	Primates	3.95	6000.0	Mass filled from web encyclopedia; 	17.73	26.8	no age record available	no age record available	no age record available	no age record available	26.8	1.51		26.8
532	Theria,Eutheria,Boreoeutheria,Euarchontoglires,Primates,Haplorrhini,Simiiformes,Catarrhini,Cercopithecoidea,Cercopithecidae,Cercopithecinae,Cercocebus,Cercocebus galeritus	Cercocebus galeritus		9532	Tana River mangabey	Primates	6.21	9467.5		19.3	21.0	no age record available	no age record available	no age record available	no age record available	21.0	1.09	21.0	
533	Theria,Eutheria,Boreoeutheria,Euarchontoglires,Primates,Haplorrhini,Simiiformes,Catarrhini,Cercopithecoidea,Cercopithecidae,Cercopithecinae,Cercocebus,Cercocebus torquatus	Cercocebus torquatus	Available	9530	Red-capped mangabey	Primates	2.66	9492.5		19.31	46.46	26.74	29.08	31.56	35.36	38.39	1.99	46.46	45.0
534	Theria,Eutheria,Boreoeutheria,Euarchontoglires,Primates,Haplorrhini,Simiiformes,Catarrhini,Cercopithecoidea,Cercopithecidae,Cercopithecinae,Chlorocebus,Chlorocebus aethiops	Chlorocebus aethiops		9534	Grivet, or Vervet	Primates	2.83	5620.0		17.52	32.0	no age record available	no age record available	no age record available	no age record available	32.0	1.83		31.6
535	Theria,Eutheria,Boreoeutheria,Euarchontoglires,Primates,Haplorrhini,Simiiformes,Catarrhini,Cercopithecoidea,Cercopithecidae,Cercopithecinae,Cercopithecus,Cercopithecus ascanius	Cercopithecus ascanius		36223	Black-cheeked white-nosed monkey	Primates	4.5	3705.0		16.21	31.2	no age record available	no age record available	no age record available	no age record available	31.2	1.75	28.3	
536	Theria,Eutheria,Boreoeutheria,Euarchontoglires,Primates,Haplorrhini,Simiiformes,Catarrhini,Cercopithecoidea,Cercopithecidae,Cercopithecinae,Cercopithecus,Cercopithecus campbelli	Cercopithecus campbelli		303588	Campbell's monkey	Primates	3.0	3600.0		16.12	33.0	no age record available	no age record available	no age record available	no age record available	33.0	2.05	25.0	
537	Theria,Eutheria,Boreoeutheria,Euarchontoglires,Primates,Haplorrhini,Simiiformes,Catarrhini,Cercopithecoidea,Cercopithecidae,Cercopithecinae,Cercopithecus,Cercopithecus cephus	Cercopithecus cephus		9535	Moustached monkey	Primates	4.0	3585.0		16.11	36.0	no age record available	no age record available	no age record available	no age record available	36.0	2.23	23.0	23.0
538	Theria,Eutheria,Boreoeutheria,Euarchontoglires,Primates,Haplorrhini,Simiiformes,Catarrhini,Cercopithecoidea,Cercopithecidae,Cercopithecinae,Cercopithecus,Cercopithecus diana	Cercopithecus diana		36224	Diana monkey	Primates	5.37	4550.0		16.84	37.3	no age record available	no age record available	no age record available	no age record available	37.3	2.21	37.3	
539	Theria,Eutheria,Boreoeutheria,Euarchontoglires,Primates,Haplorrhini,Simiiformes,Catarrhini,Cercopithecoidea,Cercopithecidae,Cercopithecinae,Cercopithecus,Cercopithecus hamlyni	Cercopithecus hamlyni		9536	Owl-faced monkey	Primates	4.64	4425.0		16.75	28.6	no age record available	no age record available	no age record available	no age record available	28.6	1.71		27.0
540	Theria,Eutheria,Boreoeutheria,Euarchontoglires,Primates,Haplorrhini,Simiiformes,Catarrhini,Cercopithecoidea,Cercopithecidae,Cercopithecinae,Allochrocebus,Allochrocebus lhoesti	Allochrocebus lhoesti		100224	L'hoest's monkey	Primates	4.6	4700.0		16.94	24.1	no age record available	no age record available	no age record available	no age record available	24.1	1.42		
541	Theria,Eutheria,Boreoeutheria,Euarchontoglires,Primates,Haplorrhini,Simiiformes,Catarrhini,Cercopithecoidea,Cercopithecidae,Cercopithecinae,Cercopithecus,Cercopithecus mitis	Cercopithecus mitis	Available	36225	Blue monkey	Primates	4.58	9000.0		19.12	37.8	27.65	29.87	30.26	30.26	37.8	1.42	27.1	
542	Theria,Eutheria,Boreoeutheria,Euarchontoglires,Primates,Haplorrhini,Simiiformes,Catarrhini,Cercopithecoidea,Cercopithecidae,Cercopithecinae,Cercopithecus,Cercopithecus mona	Cercopithecus mona		36226	Mona monkey	Primates	3.5	4500.0		16.81	30.0	no age record available	no age record available	no age record available	no age record available	30.0	1.78	20.5	
543	Theria,Eutheria,Boreoeutheria,Euarchontoglires,Primates,Haplorrhini,Simiiformes,Catarrhini,Cercopithecoidea,Cercopithecidae,Cercopithecinae,Cercopithecus,Cercopithecus neglectus	Cercopithecus neglectus	Available	36227	De Brazza's monkey	Primates	4.41	5945.0		17.7	30.8	23.61	24.15	24.15	24.17	30.8	1.49	26.3	
544	Theria,Eutheria,Boreoeutheria,Euarchontoglires,Primates,Haplorrhini,Simiiformes,Catarrhini,Cercopithecoidea,Cercopithecidae,Cercopithecinae,Cercopithecus,Cercopithecus nictitans	Cercopithecus nictitans		36228	White-nosed guenon	Primates	4.0	5465.0		17.43	31.0	no age record available	no age record available	no age record available	no age record available	31.0	1.78	23.0	18.9
545	Theria,Eutheria,Boreoeutheria,Euarchontoglires,Primates,Haplorrhini,Simiiformes,Catarrhini,Cercopithecoidea,Cercopithecidae,Cercopithecinae,Cercopithecus,Cercopithecus petaurista	Cercopithecus petaurista		100487	Lesser white-nosed monkey	Primates	4.63	3650.0		16.17	29.0	no age record available	no age record available	no age record available	no age record available	29.0	1.79	16.7	
546	Theria,Eutheria,Boreoeutheria,Euarchontoglires,Primates,Haplorrhini,Simiiformes,Catarrhini,Cercopithecoidea,Cercopithecidae,Cercopithecinae,Cercopithecus,Cercopithecus pogonias	Cercopithecus pogonias	Available	102108	Crowned guenon	Primates	4.0	3580.0		16.11	29.32	29.21	29.32	29.32	29.32	29.32	1.5	24.1	
547	Theria,Eutheria,Boreoeutheria,Euarchontoglires,Primates,Haplorrhini,Simiiformes,Catarrhini,Cercopithecoidea,Cercopithecidae,Colobinae,Colobus,Colobus guereza	Colobus guereza	Available	33548	Black and white colobus	Primates	4.0	9950.0		19.48	36.25	27.35	28.53	29.63	30.7	31.7	1.63	34.64	36.25
548	Theria,Eutheria,Boreoeutheria,Euarchontoglires,Primates,Haplorrhini,Simiiformes,Catarrhini,Cercopithecoidea,Cercopithecidae,Colobinae,Colobus,Colobus polykomos	Colobus polykomos		9572	King colobus	Primates	4.5	9525.0		19.32	33.9	no age record available	no age record available	no age record available	no age record available	33.9	1.75		24.0
549	Theria,Eutheria,Boreoeutheria,Euarchontoglires,Primates,Haplorrhini,Simiiformes,Catarrhini,Cercopithecoidea,Cercopithecidae,Cercopithecinae,Erythrocebus,Erythrocebus patas	Erythrocebus patas	Available	9538	Patas monkey	Primates	2.62	7750.0		18.6	37.55	24.83	26.25	27.67	29.19	30.92	1.66	37.55	36.27
550	Theria,Eutheria,Boreoeutheria,Euarchontoglires,Primates,Haplorrhini,Simiiformes,Catarrhini,Cercopithecoidea,Cercopithecidae,Cercopithecinae,Macaca,Macaca arctoides	Macaca arctoides		9540	Stump-tailed macaque	Primates	3.25	9275.0		19.23	30.0	no age record available	no age record available	no age record available	no age record available	30.0	1.56	24.0	
551	Theria,Eutheria,Boreoeutheria,Euarchontoglires,Primates,Haplorrhini,Simiiformes,Catarrhini,Cercopithecoidea,Cercopithecidae,Cercopithecinae,Macaca,Macaca fascicularis	Macaca fascicularis	Available	9541	Long-tailed macaque	Primates	4.0	6362.5		17.93	43.28	25.16	28.84	30.28	33.93	35.91	2.0	43.28	40.65
552	Theria,Eutheria,Boreoeutheria,Euarchontoglires,Primates,Haplorrhini,Simiiformes,Catarrhini,Cercopithecoidea,Cercopithecidae,Cercopithecinae,Macaca,Macaca fuscata	Macaca fuscata	Available	9542	Japanese macaque	Primates	4.0	8882.5		19.07	38.5	19.66	22.01	22.87	24.94	29.57	1.55	32.0	27.0
553	Theria,Eutheria,Boreoeutheria,Euarchontoglires,Primates,Haplorrhini,Simiiformes,Catarrhini,Cercopithecoidea,Cercopithecidae,Cercopithecinae,Macaca,Macaca mulatta	Macaca mulatta	Available	9544	Rhesus monkey	Primates	4.0	8235.0		18.81	44.2	28.86	30.25	31.52	33.74	35.15	1.87	43.85	36.98
554	Theria,Eutheria,Boreoeutheria,Euarchontoglires,Primates,Haplorrhini,Simiiformes,Catarrhini,Cercopithecoidea,Cercopithecidae,Cercopithecinae,Macaca,Macaca nemestrina	Macaca nemestrina	Available	9545	Southern pig-tailed macaque, or Pigtail macaque	Primates	4.0	7912.5		18.67	37.6	27.01	29.51	30.21	32.0	33.0	1.77	36.41	35.13
555	Theria,Eutheria,Boreoeutheria,Euarchontoglires,Primates,Haplorrhini,Simiiformes,Catarrhini,Cercopithecoidea,Cercopithecidae,Cercopithecinae,Macaca,Macaca radiata	Macaca radiata		9548	Bonnet macaque	Primates	4.0	6755.0		18.13	30.0	18.25	19.58	19.99	20.83	21.01	1.16		
556	Theria,Eutheria,Boreoeutheria,Euarchontoglires,Primates,Haplorrhini,Simiiformes,Catarrhini,Cercopithecoidea,Cercopithecidae,Cercopithecinae,Macaca,Macaca silenus	Macaca silenus		54601	Liontail macaque	Primates	3.91	7875.0		18.65	40.0	no age record available	no age record available	no age record available	no age record available	40.0	2.14	40.0	38.0
557	Theria,Eutheria,Boreoeutheria,Euarchontoglires,Primates,Haplorrhini,Simiiformes,Catarrhini,Cercopithecoidea,Cercopithecidae,Cercopithecinae,Macaca,Macaca sinica	Macaca sinica		9552	Toque macaque	Primates	4.0	4370.0		16.72	35.0	no age record available	no age record available	no age record available	no age record available	35.0	2.09		
558	Theria,Eutheria,Boreoeutheria,Euarchontoglires,Primates,Haplorrhini,Simiiformes,Catarrhini,Cercopithecoidea,Cercopithecidae,Cercopithecinae,Macaca,Macaca sylvanus	Macaca sylvanus		9546	Barbary macaque	Primates	3.83	10875.0		19.81	30.0	no age record available	no age record available	no age record available	no age record available	30.0	1.51		17.0
559	Theria,Eutheria,Boreoeutheria,Euarchontoglires,Primates,Haplorrhini,Simiiformes,Catarrhini,Cercopithecoidea,Cercopithecidae,Cercopithecinae,Mandrillus,Mandrillus leucophaeus	Mandrillus leucophaeus		9568	Drill	Primates	3.5	18250.0		21.81	39.0	no age record available	no age record available	no age record available	no age record available	39.0	1.79	33.4	
560	Theria,Eutheria,Boreoeutheria,Euarchontoglires,Primates,Haplorrhini,Simiiformes,Catarrhini,Cercopithecoidea,Cercopithecidae,Cercopithecinae,Mandrillus,Mandrillus sphinx	Mandrillus sphinx	Available	9561	Mandrill	Primates	3.25	23000.0		22.77	46.0	26.43	29.73	30.04	32.09	33.06	1.45	38.16	33.89
561	Theria,Eutheria,Boreoeutheria,Euarchontoglires,Primates,Haplorrhini,Simiiformes,Catarrhini,Cercopithecoidea,Cercopithecidae,Cercopithecinae,Miopithecus,Miopithecus talapoin	Miopithecus talapoin		36231	Southern talapoin monkey, or Talapoin	Primates	3.82	1384.5		13.5	30.9	no age record available	no age record available	no age record available	no age record available	30.9	2.29		30.9
562	Theria,Eutheria,Boreoeutheria,Euarchontoglires,Primates,Haplorrhini,Simiiformes,Catarrhini,Cercopithecoidea,Cercopithecidae,Colobinae,Nasalis,Nasalis larvatus	Nasalis larvatus		43780	Proboscis monkey	Primates	4.0	14617.5		20.93	25.1	no age record available	no age record available	no age record available	no age record available	25.1	1.0	20.0	21.0
563	Theria,Eutheria,Boreoeutheria,Euarchontoglires,Primates,Haplorrhini,Simiiformes,Catarrhini,Cercopithecoidea,Cercopithecidae,Cercopithecinae,Papio,Papio anubis	Papio anubis		9555	Olive baboon	Primates	6.83	37000.0	Mass filled from web encyclopedia; 	24.87	34.32	no age record available	no age record available	no age record available	no age record available	34.32	1.01		25.2
564	Theria,Eutheria,Boreoeutheria,Euarchontoglires,Primates,Haplorrhini,Simiiformes,Catarrhini,Cercopithecoidea,Cercopithecidae,Cercopithecinae,Papio,Papio cynocephalus	Papio cynocephalus		9556	Yellow baboon	Primates	5.48	45000.0	Mass filled from web encyclopedia; 	25.79	45.0	22.0	24.0	no age record available	no age record available	45.0	1.74	35.1	
565	Theria,Eutheria,Boreoeutheria,Euarchontoglires,Primates,Haplorrhini,Simiiformes,Catarrhini,Cercopithecoidea,Cercopithecidae,Cercopithecinae,Papio,Papio hamadryas	Papio hamadryas	Available	9557	Hamadryas baboon	Primates	4.0	18000.0		21.75	42.42	29.88	30.0	31.34	32.68	34.31	1.58	42.42	37.5
566	Theria,Eutheria,Boreoeutheria,Euarchontoglires,Primates,Haplorrhini,Simiiformes,Catarrhini,Cercopithecoidea,Cercopithecidae,Cercopithecinae,Papio,Papio papio	Papio papio		100937	Guinea baboon	Primates	4.55	26000.0	Mass filled from web encyclopedia; 	23.29	40.0	no age record available	no age record available	no age record available	no age record available	40.0	1.72		27.0
567	Theria,Eutheria,Boreoeutheria,Euarchontoglires,Primates,Haplorrhini,Simiiformes,Catarrhini,Cercopithecoidea,Cercopithecidae,Cercopithecinae,Papio,Papio ursinus	Papio ursinus		36229	Chacma baboon	Primates	4.61	45000.0	Mass filled from web encyclopedia; 	25.79	45.0	no age record available	no age record available	no age record available	no age record available	45.0	1.74	31.2	
568	Theria,Eutheria,Boreoeutheria,Euarchontoglires,Primates,Haplorrhini,Simiiformes,Catarrhini,Cercopithecoidea,Cercopithecidae,Colobinae,Trachypithecus,Trachypithecus obscurus	Trachypithecus obscurus		54181	Dusky leaf monkey	Primates	4.0	7080.0		18.29	33.9	no age record available	no age record available	no age record available	no age record available	33.9	1.85	15.3	
569	Theria,Eutheria,Boreoeutheria,Euarchontoglires,Primates,Haplorrhini,Simiiformes,Catarrhini,Cercopithecoidea,Cercopithecidae,Colobinae,Trachypithecus,Trachypithecus cristatus	Trachypithecus cristatus	Available	122765	Silvered leaf monkey	Primates	4.0	6185.0		17.83	31.1	24.59	25.07	25.16	25.16	31.1	1.74	31.1	18.8
570	Theria,Eutheria,Boreoeutheria,Euarchontoglires,Primates,Haplorrhini,Simiiformes,Catarrhini,Cercopithecoidea,Cercopithecidae,Colobinae,Semnopithecus,Semnopithecus entellus	Semnopithecus entellus		88029	Hanuman langur	Primates	3.18	13516.5		20.62	29.0	no q90 record available	no q95 record available	no e90 record available	no e95 record available	29.0	1.41	25.0	24.0
571	Theria,Eutheria,Boreoeutheria,Euarchontoglires,Primates,Haplorrhini,Simiiformes,Catarrhini,Cercopithecoidea,Cercopithecidae,Colobinae,Presbytis,Presbytis melalophos	Presbytis melalophos		78451	Black-crested sumatran langur, or Mitred leaf monkey	Primates	4.18	6540.0	Age at female sexual maturity filled using lineage; 	18.02	20.0	no age record available	no age record available	no age record available	no age record available	20.0	1.11		
572	Theria,Eutheria,Boreoeutheria,Euarchontoglires,Primates,Haplorrhini,Simiiformes,Catarrhini,Cercopithecoidea,Cercopithecidae,Colobinae,Presbytis,Presbytis senex	Presbytis senex		66055	Purple-faced leaf monkey	Primates	4.18	6641.67	Mass at adulthood filled using lineage; Age at female sexual maturity filled using lineage; 	18.07	23.0	no age record available	no age record available	no age record available	no age record available	23.0	1.27		23.0
573	Theria,Eutheria,Boreoeutheria,Euarchontoglires,Primates,Haplorrhini,Simiiformes,Catarrhini,Cercopithecoidea,Cercopithecidae,Colobinae,Pygathrix,Pygathrix nemaeus	Pygathrix nemaeus		54133	Red-shanked douc langur, or Douc langur	Primates	4.0	9720.0		19.4	26.0	no age record available	no age record available	no age record available	no age record available	26.0	1.29		25.0
574	Theria,Eutheria,Boreoeutheria,Euarchontoglires,Primates,Haplorrhini,Simiiformes,Catarrhini,Cercopithecoidea,Cercopithecidae,Cercopithecinae,Theropithecus,Theropithecus gelada	Theropithecus gelada		9565	Gelada baboon	Primates	3.81	16200.0		21.33	36.0	no age record available	no age record available	no age record available	no age record available	36.0	1.31	28.0	
575	Theria,Eutheria,Boreoeutheria,Euarchontoglires,Primates,Strepsirrhini,Lemuriformes,Cheirogaleidae,Cheirogaleus,Cheirogaleus major	Cheirogaleus major		47177	Greater dwarf lemur	Primates	1.0	395.0		10.69	15.0	no age record available	no age record available	no age record available	no age record available	15.0	1.4	10.0	
576	Theria,Eutheria,Boreoeutheria,Euarchontoglires,Primates,Strepsirrhini,Lemuriformes,Cheirogaleidae,Cheirogaleus,Cheirogaleus medius	Cheirogaleus medius	Available	9460	Fat-tailed dwarf lemur	Primates	1.0	380.0		10.61	29.6	22.19	23.84	24.56	25.67	26.81	2.53	17.0	19.3
577	Theria,Eutheria,Boreoeutheria,Euarchontoglires,Primates,Strepsirrhini,Lemuriformes,Cheirogaleidae,Microcebus,Microcebus murinus	Microcebus murinus	Available	30608	Gray mouse lemur	Primates	0.67	64.8		7.64	18.2	12.88	14.05	14.43	15.34	15.89	2.08		15.5
578	Theria,Eutheria,Boreoeutheria,Euarchontoglires,Primates,Strepsirrhini,Lemuriformes,Cheirogaleidae,Microcebus,Microcebus rufus	Microcebus rufus		122232	Brown mouse lemur	Primates	0.82	55.5		7.42	12.0	no age record available	no age record available	no age record available	no age record available	12.0	1.62		
579	Theria,Eutheria,Boreoeutheria,Euarchontoglires,Primates,Strepsirrhini,Lemuriformes,Cheirogaleidae,Mirza,Mirza coquereli	Mirza coquereli	Available	47180	Giant mouse lemur	Primates	0.85	311.2		10.23	18.05	17.53	18.05	18.05	18.05	16.47	1.61	16.58	15.2
580	Theria,Eutheria,Boreoeutheria,Euarchontoglires,Primates,Strepsirrhini,Chiromyiformes,Daubentoniidae,Daubentonia,Daubentonia madagascariensis	Daubentonia madagascariensis		31869	Aye-aye	Primates	2.41	2277.5		14.81	32.3	no age record available	no age record available	no age record available	no age record available	32.3	2.18	5.4	
581	Theria,Eutheria,Boreoeutheria,Euarchontoglires,Primates,Haplorrhini,Simiiformes,Catarrhini,Hominoidea,Hominidae,Homininae,Homo,Homo sapiens	Homo sapiens		9606	Human	Primates	12.99	62035.0		27.38	122.5	no age record available	no age record available	no age record available	no age record available	122.5	4.47	122.5	
582	Theria,Eutheria,Boreoeutheria,Euarchontoglires,Primates,Haplorrhini,Simiiformes,Catarrhini,Hominoidea,Hylobatidae,Hylobates,Hylobates agilis	Hylobates agilis		9579	Agile gibbon	Primates	7.8	5925.0		17.69	49.0	no q90 record available	no q95 record available	no e90 record available	no e95 record available	49.0	2.77	28.0	44.0
583	Theria,Eutheria,Boreoeutheria,Euarchontoglires,Primates,Haplorrhini,Simiiformes,Catarrhini,Hominoidea,Hylobatidae,Nomascus,Nomascus concolor	Nomascus concolor		29089	Crested gibbon	Primates	8.43	6852.5		18.17	46.1	no age record available	no age record available	no age record available	no age record available	46.1	2.54	25.0	
584	Theria,Eutheria,Boreoeutheria,Euarchontoglires,Primates,Haplorrhini,Simiiformes,Catarrhini,Hominoidea,Hylobatidae,Hylobates,Hylobates lar	Hylobates lar	Available	9580	White-handed gibbon	Primates	7.0	6810.0		18.15	56.89	41.55	44.16	46.62	48.62	49.78	2.74	56.89	55.05
585	Theria,Eutheria,Boreoeutheria,Euarchontoglires,Primates,Haplorrhini,Simiiformes,Catarrhini,Hominoidea,Hylobatidae,Hylobates,Hylobates moloch	Hylobates moloch		81572	Silvery gibbon	Primates	7.8	6207.5		17.84	45.0	no age record available	no age record available	no age record available	no age record available	45.0	2.52	25.0	29.0
586	Theria,Eutheria,Boreoeutheria,Euarchontoglires,Primates,Haplorrhini,Simiiformes,Catarrhini,Hominoidea,Hylobatidae,Hylobates,Hylobates pileatus	Hylobates pileatus		9589	Pileated gibbon	Primates	7.0	5735.0		17.58	38.0	no age record available	no age record available	no age record available	no age record available	38.0	2.16		36.0
587	Theria,Eutheria,Boreoeutheria,Euarchontoglires,Primates,Haplorrhini,Simiiformes,Catarrhini,Hominoidea,Hylobatidae,Symphalangus,Symphalangus syndactylus	Symphalangus syndactylus	Available	9590	Siamang	Primates	6.0	10900.0		19.81	53.3	38.63	40.99	42.57	46.39	47.28	2.39	53.3	49.59
588	Theria,Eutheria,Boreoeutheria,Euarchontoglires,Primates,Strepsirrhini,Lemuriformes,Indriidae,Propithecus,Propithecus verreauxi	Propithecus verreauxi		34825	Verreaux's sifaka	Primates	2.5	5000.0	Curated max observed in Malddaba_life_table, determined from living animals, modeled from existing data, or determined from live individuals using methylation clock, likely underestimation;	17.14	34.0	25.0	30.0	no age record available	no age record available	34.0	1.98	18.2	20.6
589	Theria,Eutheria,Boreoeutheria,Euarchontoglires,Primates,Strepsirrhini,Lemuriformes,Lemuridae,Hapalemur,Hapalemur griseus	Hapalemur griseus		13557	Gray bamboo lemur, or Bamboo lemur	Primates	2.41	1012.5		12.74	23.3	no age record available	no age record available	no age record available	no age record available	23.3	1.83	17.1	12.8
590	Theria,Eutheria,Boreoeutheria,Euarchontoglires,Primates,Strepsirrhini,Lemuriformes,Lemuridae,Prolemur,Prolemur simus	Prolemur simus		1328070	Greater bamboo lemur	Primates	1.87	1737.5		14.08	17.6	no age record available	no age record available	no age record available	no age record available	17.6	1.25		
591	Theria,Eutheria,Boreoeutheria,Euarchontoglires,Primates,Strepsirrhini,Lemuriformes,Lemuridae,Eulemur,Eulemur fulvus	Eulemur fulvus	Available	13515	Brown lemur	Primates	1.39	2485.0		15.05	39.14	35.59	39.14	39.14	39.14	39.14	2.46	36.5	37.0
592	Theria,Eutheria,Boreoeutheria,Euarchontoglires,Primates,Strepsirrhini,Lemuriformes,Lemuridae,Lemur,Lemur catta	Lemur catta	Available	9447	Ring-tailed lemur	Primates	1.63	2555.0		15.13	41.54	22.12	25.36	26.26	28.88	30.42	2.01	37.4	38.49
593	Theria,Eutheria,Boreoeutheria,Euarchontoglires,Primates,Strepsirrhini,Lemuriformes,Lemuridae,Eulemur,Eulemur coronatus	Eulemur coronatus		13514	Crowned lemur	Primates	1.66	1645.0		13.94	27.0	no age record available	no age record available	no age record available	no age record available	27.0	1.94		
594	Theria,Eutheria,Boreoeutheria,Euarchontoglires,Primates,Strepsirrhini,Lemuriformes,Lemuridae,Eulemur,Eulemur macaco	Eulemur macaco		30602	Black lemur	Primates	1.48	2467.0		15.03	37.5	no age record available	no age record available	no age record available	no age record available	37.5	2.5	28.0	
595	Theria,Eutheria,Boreoeutheria,Euarchontoglires,Primates,Strepsirrhini,Lemuriformes,Lemuridae,Eulemur,Eulemur mongoz	Eulemur mongoz	Available	34828	Mongoose lemur	Primates	1.78	1555.0		13.79	36.25	31.55	32.93	33.46	34.58	34.99	2.54		27.9
596	Theria,Eutheria,Boreoeutheria,Euarchontoglires,Primates,Strepsirrhini,Lemuriformes,Cheirogaleidae,Phaner,Phaner furcifer	Phaner furcifer		261734	Masoala fork-marked lemur, or Fork-marked lemur	Primates	0.94	400.0	Age at female sexual maturity filled using lineage; 	10.71	25.0	no age record available	no age record available	no age record available	no age record available	25.0	2.33		
597	Theria,Eutheria,Boreoeutheria,Euarchontoglires,Primates,Strepsirrhini,Lemuriformes,Lemuridae,Varecia,Varecia variegata	Varecia variegata	Available	9455	Black-and-white ruffed lemur, or Ruffed lemur	Primates	1.66	3482.3		16.02	40.0	no q90 record available	no q95 record available	no e90 record available	no e95 record available	40.0	2.5	32.0	28.0
598	Theria,Eutheria,Boreoeutheria,Euarchontoglires,Primates,Strepsirrhini,Lorisiformes,Lorisidae,Arctocebus,Arctocebus calabarensis	Arctocebus calabarensis		261739	Calabar angwantibo	Primates	0.76	257.5		9.87	13.0	no age record available	no age record available	no age record available	no age record available	13.0	1.32		
599	Theria,Eutheria,Boreoeutheria,Euarchontoglires,Primates,Strepsirrhini,Lorisiformes,Galagidae,Galago,Galago alleni	Galago alleni		34830	Allen's squirrel galago	Primates	0.67	273.0		9.98	12.0	no age record available	no age record available	no age record available	no age record available	12.0	1.2		
600	Theria,Eutheria,Boreoeutheria,Euarchontoglires,Primates,Strepsirrhini,Lorisiformes,Galagidae,Otolemur,Otolemur crassicaudatus	Otolemur crassicaudatus		9463	Brown greater galago, or Greater galago	Primates	1.36	1094.5		12.92	22.7	no age record available	no age record available	no age record available	no age record available	22.7	1.46		18.8
601	Theria,Eutheria,Boreoeutheria,Euarchontoglires,Primates,Strepsirrhini,Lorisiformes,Galagidae,Galagoides,Galagoides demidoff	Galagoides demidoff	Available	89672	Demidoff's galago	Primates	0.7	60.0		7.53	14.0	no q90 record available	no q95 record available	no e90 record available	no e95 record available	13.4	1.78	9.2	
602	Theria,Eutheria,Boreoeutheria,Euarchontoglires,Primates,Strepsirrhini,Lorisiformes,Galagidae,Euoticus,Euoticus elegantulus	Euoticus elegantulus		261736	Western needle-clawed galago	Primates	0.88	315.0	Age at female sexual maturity filled using lineage; 	10.25	15.0	no age record available	no age record available	no age record available	no age record available	15.0	1.46		
603	Theria,Eutheria,Boreoeutheria,Euarchontoglires,Primates,Strepsirrhini,Lorisiformes,Galagidae,Galago,Galago senegalensis	Galago senegalensis		9465	Senegal galago	Primates	0.66	192.2		9.35	17.1	no age record available	no age record available	no age record available	no age record available	17.1	1.83	17.0	
604	Theria,Eutheria,Boreoeutheria,Euarchontoglires,Primates,Strepsirrhini,Lorisiformes,Lorisidae,Loris,Loris tardigradus	Loris tardigradus	Available	9468	Red slender loris, or Slender loris	Primates	1.04	238.2		9.73	21.6	18.41	19.43	19.86	20.7	21.6	1.69		16.4
605	Theria,Eutheria,Boreoeutheria,Euarchontoglires,Primates,Strepsirrhini,Lorisiformes,Lorisidae,Nycticebus,Nycticebus coucang	Nycticebus coucang	Available	9470	Slow loris	Primates	1.58	890.5		12.43	36.47	19.35	19.96	21.18	23.3	24.92	2.0	29.34	36.47
606	Theria,Eutheria,Boreoeutheria,Euarchontoglires,Primates,Strepsirrhini,Lorisiformes,Galagidae,Otolemur,Otolemur garnettii	Otolemur garnettii	Available	30611	Small-eared galago	Primates	1.64	1300.0		13.34	26.82	21.85	22.5	23.89	26.82	26.82	2.01	15.0	15.7
607	Theria,Eutheria,Boreoeutheria,Euarchontoglires,Primates,Strepsirrhini,Lorisiformes,Lorisidae,Perodicticus,Perodicticus potto	Perodicticus potto		9472	Potto	Primates	1.5	919.9		12.51	32.4	no age record available	no age record available	no age record available	no age record available	32.4	2.59		26.0
608	Theria,Eutheria,Boreoeutheria,Euarchontoglires,Primates,Strepsirrhini,Lemuriformes,Lepilemuridae,Lepilemur,Lepilemur mustelinus	Lepilemur mustelinus		9453	Weasel sportive lemur	Primates	1.62	700.0		11.89	12.0	no age record available	no age record available	no age record available	no age record available	12.0	1.01		
609	Theria,Eutheria,Boreoeutheria,Euarchontoglires,Primates,Haplorrhini,Simiiformes,Catarrhini,Hominoidea,Hominidae,Homininae,Gorilla,Gorilla gorilla	Gorilla gorilla	Available	9593	Gorilla	Primates	7.75	139842.0		31.85	60.25	47.38	50.24	51.71	54.78	55.9	1.76	60.25	58.47
610	Theria,Eutheria,Boreoeutheria,Euarchontoglires,Primates,Haplorrhini,Simiiformes,Catarrhini,Hominoidea,Hominidae,Homininae,Pan,Pan paniscus	Pan paniscus	Available	9597	Pygmy chimpanzee, or Bonobo	Primates	8.74	39925.0		25.23	63.27	39.66	49.81	50.29	56.55	57.89	2.29	61.32	49.0
611	Theria,Eutheria,Boreoeutheria,Euarchontoglires,Primates,Haplorrhini,Simiiformes,Catarrhini,Hominoidea,Hominidae,Homininae,Pan,Pan troglodytes	Pan troglodytes	Available	9598	Chimpanzee	Primates	9.24	44983.5		25.79	79.11	47.96	53.85	56.59	61.82	65.29	2.53	62.37	63.43
612	Theria,Eutheria,Boreoeutheria,Euarchontoglires,Primates,Haplorrhini,Simiiformes,Catarrhini,Hominoidea,Hominidae,Ponginae,Pongo,Pongo pygmaeus	Pongo pygmaeus	Available	9600	Orangutan	Primates	7.0	64475.0		27.58	59.0	42.95	46.69	48.35	51.84	53.08	1.92	58.48	58.8
613	Theria,Eutheria,Boreoeutheria,Euarchontoglires,Primates,Haplorrhini,Tarsiiformes,Tarsiidae,Cephalopachus,Cephalopachus bancanus	Cephalopachus bancanus		9477	Western tarsier	Primates	2.52	122.5		8.6	16.3	no age record available	no age record available	no age record available	no age record available	16.3	1.9		
614	Theria,Eutheria,Boreoeutheria,Euarchontoglires,Primates,Haplorrhini,Tarsiiformes,Tarsiidae,Tarsius,Tarsius tarsier	Tarsius tarsier		662464	Spectral tarsier	Primates	1.16	144.8		8.87	12.0	no age record available	no age record available	no age record available	no age record available	12.0	1.35		
615	Theria,Eutheria,Boreoeutheria,Euarchontoglires,Primates,Haplorrhini,Tarsiiformes,Tarsiidae,Carlito,Carlito syrichta	Carlito syrichta	Available	1868482	Philippine tarsier	Primates	1.69	119.2		8.55	16.13	12.74	13.8	14.47	15.38	15.63	1.83	13.49	15.0
616	Theria,Eutheria,Afrotheria,Proboscidea,Elephantidae,Elephas,Elephas maximus	Elephas maximus	Available	9783	Asiatic elephant	Proboscidea	9.0	3178000.0		56.94	80.0	61.0	67.0	65.4	69.35	70.73	1.24	74.35	58.02
617	Theria,Eutheria,Afrotheria,Proboscidea,Elephantidae,Loxodonta,Loxodonta africana	Loxodonta africana	Available	9785	African bush elephant	Proboscidea	11.0	4800000.0		61.48	80.0	50.0	53.0	49.07	51.57	52.49	0.85	55.84	52.18
618	Theria,Eutheria,Boreoeutheria,Euarchontoglires,Glires,Rodentia,Hystricomorpha,Abrocomidae,Abrocoma,Abrocoma bennettii	Abrocoma bennettii		108855	Bennett's chinchilla rat	Rodentia	0.83	265.5	Age at female sexual maturity filled using lineage; 	9.93	2.33	no age record available	no age record available	no age record available	no age record available	2.33	0.24		
619	Theria,Eutheria,Boreoeutheria,Euarchontoglires,Glires,Rodentia,Anomaluromorpha,Pedetidae,Pedetes,Pedetes capensis	Pedetes capensis	Available	10023	South African springhare, or Springhare	Rodentia	2.83	3500.0		16.04	23.03	17.16	18.93	19.43	20.62	20.99	1.31	23.03	21.36
620	Theria,Eutheria,Boreoeutheria,Euarchontoglires,Glires,Rodentia,Sciuromorpha,Aplodontiidae,Aplodontia,Aplodontia rufa	Aplodontia rufa		51342	Mountain beaver	Rodentia	2.0	1125.0		12.99	10.0	no q90 record available	no q95 record available	no e90 record available	no e95 record available	10.0	0.77	2.75	2.59
621	Theria,Eutheria,Boreoeutheria,Euarchontoglires,Glires,Rodentia,Hystricomorpha,Bathyergidae,Georychus,Georychus capensis	Georychus capensis		10177	Cape mole-rat	Rodentia	0.83	181.0		9.25	12.2	no q90 record available	no q95 record available	no e90 record available	no e95 record available	12.2	1.32		
622	Theria,Eutheria,Boreoeutheria,Euarchontoglires,Glires,Rodentia,Hystricomorpha,Bathyergidae,Heliophobius,Heliophobius argenteocinereus	Heliophobius argenteocinereus	Available	10179	Silvery mole-rat	Rodentia	1.1	200.0	Age at female sexual maturity filled using lineage; 	9.42	14.62	8.84	11.5	11.62	13.45	13.88	1.47	3.1	
623	Theria,Eutheria,Boreoeutheria,Euarchontoglires,Glires,Rodentia,Hystricomorpha,Bathyergidae,Heterocephalus,Heterocephalus glaber	Heterocephalus glaber	Available	10181	Naked mole-rat	Rodentia	0.62	45.0		7.14	40.5	no q90 record available	no q95 record available	no e90 record available	no e95 record available	40.5	5.67		
624	Theria,Eutheria,Boreoeutheria,Euarchontoglires,Glires,Rodentia,Hystricomorpha,Capromyidae,Capromys,Capromys pilorides	Capromys pilorides		34842	Desmarest's hutia	Rodentia	0.83	4683.3		16.93	13.8	no age record available	no age record available	no age record available	no age record available	13.8	0.81		
625	Theria,Eutheria,Boreoeutheria,Euarchontoglires,Glires,Rodentia,Hystricomorpha,Capromyidae,Geocapromys,Geocapromys brownii	Geocapromys brownii		1543402	Brown's hutia	Rodentia	1.0	1500.0		13.7	13.5	no age record available	no age record available	no age record available	no age record available	13.5	0.99		
626	Theria,Eutheria,Boreoeutheria,Euarchontoglires,Glires,Rodentia,Hystricomorpha,Capromyidae,Geocapromys,Geocapromys ingrahami	Geocapromys ingrahami		1543403	Bahamian hutia	Rodentia	2.0	660.0		11.76	6.0	no age record available	no age record available	no age record available	no age record available	6.0	0.51		
627	Theria,Eutheria,Boreoeutheria,Euarchontoglires,Glires,Rodentia,Hystricomorpha,Capromyidae,Plagiodontia,Plagiodontia aedium	Plagiodontia aedium		1163663	Hispaniolan hutia	Rodentia	1.28	1267.0	Age at female sexual maturity filled using lineage; 	13.28	15.9	no age record available	no age record available	no age record available	no age record available	15.9	1.2		
628	Theria,Eutheria,Boreoeutheria,Euarchontoglires,Glires,Rodentia,Castorimorpha,Castoridae,Castor,Castor canadensis	Castor canadensis	Available	51338	American beaver	Rodentia	1.75	20250.0		22.23	25.75	15.63	18.65	19.06	20.79	21.53	0.97	24.24	25.75
629	Theria,Eutheria,Boreoeutheria,Euarchontoglires,Glires,Rodentia,Castorimorpha,Castoridae,Castor,Castor fiber	Castor fiber	Available	10185	Eurasian beaver	Rodentia	1.75	25000.0		23.12	35.0	16.16	18.3	19.31	20.98	21.49	0.93	22.57	22.78
630	Theria,Eutheria,Boreoeutheria,Euarchontoglires,Glires,Rodentia,Hystricomorpha,Caviidae,Cavia,Cavia porcellus	Cavia porcellus	Available	10141	Guinea pig	Rodentia	0.18	728.0		11.98	20.99	6.42	7.16	7.54	8.33	9.11	0.76	20.99	20.18
631	Theria,Eutheria,Boreoeutheria,Euarchontoglires,Glires,Rodentia,Hystricomorpha,Caviidae,Dolichotis,Dolichotis patagonum	Dolichotis patagonum		29091	Patagonian mara	Rodentia	0.43	12500.0		20.32	14.4	no age record available	no age record available	no age record available	no age record available	14.4	0.71		
632	Theria,Eutheria,Boreoeutheria,Euarchontoglires,Glires,Rodentia,Hystricomorpha,Caviidae,Galea,Galea spixii	Galea spixii		181537	Spix's yellow-toothed cavy	Rodentia	0.19	450.0		10.95	4.6	no age record available	no age record available	no age record available	no age record available	4.6	0.42		
633	Theria,Eutheria,Boreoeutheria,Euarchontoglires,Glires,Rodentia,Hystricomorpha,Caviidae,Kerodon,Kerodon rupestris	Kerodon rupestris		181539	Rock cavy	Rodentia	0.41	950.0		12.59	12.9	no age record available	no age record available	no age record available	no age record available	12.9	1.03		
634	Theria,Eutheria,Boreoeutheria,Euarchontoglires,Glires,Rodentia,Hystricomorpha,Chinchillidae,Chinchilla,Chinchilla chinchilla	Chinchilla chinchilla		10152	Short-tailed chinchilla	Rodentia	0.66	800.0	Mass filled from web encyclopedia; Age at female sexual maturity filled using lineage; 	12.19	10.0	no age record available	no age record available	no age record available	no age record available	10.0	0.82		
635	Theria,Eutheria,Boreoeutheria,Euarchontoglires,Glires,Rodentia,Hystricomorpha,Chinchillidae,Chinchilla,Chinchilla lanigera	Chinchilla lanigera	Available	34839	Long-tailed chinchilla	Rodentia	0.66	642.5		11.7	22.36	13.77	16.29	16.69	18.41	19.25	1.65	22.36	21.98
636	Theria,Eutheria,Boreoeutheria,Euarchontoglires,Glires,Rodentia,Hystricomorpha,Chinchillidae,Lagidium,Lagidium peruanum	Lagidium peruanum		236481	Peruvian mountain viscacha	Rodentia	1.0	1250.0		13.24	19.5	no age record available	no age record available	no age record available	no age record available	19.5	1.47		
637	Theria,Eutheria,Boreoeutheria,Euarchontoglires,Glires,Rodentia,Hystricomorpha,Chinchillidae,Lagostomus,Lagostomus maximus	Lagostomus maximus		10154	Plains viscacha	Rodentia	0.71	6000.0		17.73	10.8	no age record available	no age record available	no age record available	no age record available	10.8	0.61		
638	Theria,Eutheria,Boreoeutheria,Euarchontoglires,Glires,Rodentia,Hystricomorpha,Ctenodactylidae,Ctenodactylus,Ctenodactylus vali	Ctenodactylus vali		92481	Gundi	Rodentia	0.87	175.0	Mass filled from web encyclopedia; Age at female sexual maturity filled using lineage; 	9.19	5.0	no age record available	no age record available	no age record available	no age record available	5.0	0.54	5.0	
639	Theria,Eutheria,Boreoeutheria,Euarchontoglires,Glires,Rodentia,Hystricomorpha,Ctenodactylidae,Pectinator,Pectinator spekei	Pectinator spekei		2066581	Speke's pectinator	Rodentia	1.02	178.0		9.22	10.0	no age record available	no age record available	no age record available	no age record available	10.0	1.08	4.0	
640	Theria,Eutheria,Boreoeutheria,Euarchontoglires,Glires,Rodentia,Hystricomorpha,Ctenomyidae,Ctenomys,Ctenomys talarum	Ctenomys talarum		55520	Talas tuco-tuco, or Tuco-tuco	Rodentia	0.67	100.0		8.28	3.0	no age record available	no age record available	no age record available	no age record available	3.0	0.36		
641	Theria,Eutheria,Boreoeutheria,Euarchontoglires,Glires,Rodentia,Hystricomorpha,Cuniculidae,Cuniculus,Cuniculus paca	Cuniculus paca		108852	Lowland paca	Rodentia	1.0	9000.0		19.12	16.3	no age record available	no age record available	no age record available	no age record available	16.3	0.85		
642	Theria,Eutheria,Boreoeutheria,Euarchontoglires,Glires,Rodentia,Hystricomorpha,Dasyproctidae,Dasyprocta,Dasyprocta leporina	Dasyprocta leporina		42152	Red-rumped agouti, or Agouti	Rodentia	0.53	3265.0		15.83	17.8	no age record available	no age record available	no age record available	no age record available	17.8	1.12		
643	Theria,Eutheria,Boreoeutheria,Euarchontoglires,Glires,Rodentia,Hystricomorpha,Dasyproctidae,Dasyprocta,Dasyprocta punctata	Dasyprocta punctata		34846	Central American agouti	Rodentia	1.33	2150.0		14.65	13.8	no age record available	no age record available	no age record available	no age record available	13.8	0.94		
644	Theria,Eutheria,Boreoeutheria,Euarchontoglires,Glires,Rodentia,Hystricomorpha,Dasyproctidae,Myoprocta,Myoprocta acouchy	Myoprocta acouchy		181542	Red acouchi	Rodentia	0.83	775.0		12.12	14.8	no age record available	no age record available	no age record available	no age record available	14.8	1.22		
645	Theria,Eutheria,Boreoeutheria,Euarchontoglires,Glires,Rodentia,Hystricomorpha,Dinomyidae,Dinomys,Dinomys branickii	Dinomys branickii		108858	Pacarana	Rodentia	0.79	12250.0		20.25	12.8	no age record available	no age record available	no age record available	no age record available	12.8	0.63		
646	Theria,Eutheria,Boreoeutheria,Euarchontoglires,Glires,Rodentia,Myomorpha,Dipodoidea,Dipodidae,Allactaginae,Scarturus,Scarturus euphraticus	Scarturus euphraticus		2926629	Euphrates jerboa	Rodentia	0.39	232.0	Age at female sexual maturity filled using lineage; 	9.68	4.2	no age record available	no age record available	no age record available	no age record available	4.2	0.43		
647	Theria,Eutheria,Boreoeutheria,Euarchontoglires,Glires,Rodentia,Hystricomorpha,Echimyidae,Makalata,Makalata didelphoides	Makalata didelphoides		30622	Red-nosed armored tree-rat	Rodentia	0.39	276.0	Age at female sexual maturity filled using lineage; 	10.0	3.1	no age record available	no age record available	no age record available	no age record available	3.1	0.31		
648	Theria,Eutheria,Boreoeutheria,Euarchontoglires,Glires,Rodentia,Hystricomorpha,Echimyidae,Proechimys,Proechimys guyannensis	Proechimys guyannensis		128105	Cayenne spiny rat	Rodentia	0.41	356.5		10.49	3.5	no age record available	no age record available	no age record available	no age record available	3.5	0.33		
649	Theria,Eutheria,Boreoeutheria,Euarchontoglires,Glires,Rodentia,Hystricomorpha,Echimyidae,Proechimys,Proechimys semispinosus	Proechimys semispinosus		1246547	Tome's spiny rat, or Spiny rat	Rodentia	0.4	500.0		11.17	5.8	no age record available	no age record available	no age record available	no age record available	5.8	0.52		
650	Theria,Eutheria,Boreoeutheria,Euarchontoglires,Glires,Rodentia,Hystricomorpha,Erethizontidae,Coendou,Coendou prehensilis	Coendou prehensilis		187985	Prehensile-tailed porcupine	Rodentia	1.58	3900.0		16.37	26.6	no age record available	no age record available	no age record available	no age record available	26.6	1.63		
651	Theria,Eutheria,Boreoeutheria,Euarchontoglires,Glires,Rodentia,Hystricomorpha,Erethizontidae,Erethizon,Erethizon dorsatum	Erethizon dorsatum	Available	34844	North American porcupine	Rodentia	3.0	8600.0		18.96	23.66	14.63	16.73	17.2	18.86	19.7	1.04	23.66	21.76
652	Theria,Eutheria,Boreoeutheria,Euarchontoglires,Glires,Rodentia,Castorimorpha,Geomyidae,Cratogeomys,Cratogeomys castanops	Cratogeomys castanops		37441	Yellow-faced pocket gopher	Rodentia	0.85	270.0		9.96	4.7	no age record available	no age record available	no age record available	no age record available	4.7	0.47	4.7	2.6
653	Theria,Eutheria,Boreoeutheria,Euarchontoglires,Glires,Rodentia,Castorimorpha,Geomyidae,Geomys,Geomys bursarius	Geomys bursarius		27682	Plains pocket gopher	Rodentia	0.25	176.7		9.2	12.0	no age record available	no age record available	no age record available	no age record available	12.0	1.3		
654	Theria,Eutheria,Boreoeutheria,Euarchontoglires,Glires,Rodentia,Sciuromorpha,Gliridae,Leithiinae,Dryomys,Dryomys nitedula	Dryomys nitedula		55145	Forest dormouse	Rodentia	1.25	26.0	Age at female sexual maturity filled using lineage; 	6.44	4.1	no age record available	no age record available	no age record available	no age record available	4.1	0.64		
655	Theria,Eutheria,Boreoeutheria,Euarchontoglires,Glires,Rodentia,Sciuromorpha,Gliridae,Leithiinae,Eliomys,Eliomys quercinus	Eliomys quercinus		53277	Garden dormouse	Rodentia	1.0	82.5		7.99	5.5	no age record available	no age record available	no age record available	no age record available	5.5	0.69		
656	Theria,Eutheria,Boreoeutheria,Euarchontoglires,Glires,Rodentia,Sciuromorpha,Gliridae,Glirinae,Glis,Glis glis	Glis glis		41261	Fat dormouse	Rodentia	0.88	125.0		8.63	9.0	no age record available	no age record available	no age record available	no age record available	9.0	1.04		
657	Theria,Eutheria,Boreoeutheria,Euarchontoglires,Glires,Rodentia,Sciuromorpha,Gliridae,Graphiurinae,Graphiurus,Graphiurus murinus	Graphiurus murinus		51346	Woodland dormouse	Rodentia	1.0	24.0		6.35	6.9	no age record available	no age record available	no age record available	no age record available	6.9	1.09		
658	Theria,Eutheria,Boreoeutheria,Euarchontoglires,Glires,Rodentia,Sciuromorpha,Gliridae,Muscardinus,Muscardinus avellanarius	Muscardinus avellanarius	Available	39082	Hazel dormouse	Rodentia	0.92	27.3		6.5	9.15	5.89	6.9	7.04	7.67	7.95	1.22	9.15	8.2
659	Theria,Eutheria,Boreoeutheria,Euarchontoglires,Glires,Rodentia,Castorimorpha,Heteromyidae,Perognathinae,Chaetodipus,Chaetodipus fallax	Chaetodipus fallax		145410	San Diego pocket mouse	Rodentia	0.45	18.7		6.06	8.3	no age record available	no age record available	no age record available	no age record available	8.3	1.37		
660	Theria,Eutheria,Boreoeutheria,Euarchontoglires,Glires,Rodentia,Castorimorpha,Heteromyidae,Dipodomyinae,Dipodomys,Dipodomys ordii	Dipodomys ordii		10020	Ord's kangaroo rat	Rodentia	0.17	57.0		7.46	9.9	no age record available	no age record available	no age record available	no age record available	9.9	1.33		
661	Theria,Eutheria,Boreoeutheria,Euarchontoglires,Glires,Rodentia,Castorimorpha,Heteromyidae,Dipodomyinae,Microdipodops,Microdipodops megacephalus	Microdipodops megacephalus		108149	Dark kangaroo mouse	Rodentia	0.34	13.4	Age at female sexual maturity filled using lineage; 	5.7	5.4	no age record available	no age record available	no age record available	no age record available	5.4	0.95		
662	Theria,Eutheria,Boreoeutheria,Euarchontoglires,Glires,Rodentia,Castorimorpha,Heteromyidae,Perognathinae,Chaetodipus,Chaetodipus formosus	Chaetodipus formosus		38678	Long-tailed pocket mouse	Rodentia	1.0	19.0		6.08	7.1	no age record available	no age record available	no age record available	no age record available	7.1	1.17		
663	Theria,Eutheria,Boreoeutheria,Euarchontoglires,Glires,Rodentia,Castorimorpha,Heteromyidae,Perognathinae,Perognathus,Perognathus longimembris	Perognathus longimembris		38669	Little pocket mouse	Rodentia	0.41	8.0		5.18	8.3	no age record available	no age record available	no age record available	no age record available	8.3	1.6		
664	Theria,Eutheria,Boreoeutheria,Euarchontoglires,Glires,Rodentia,Hystricomorpha,Hydrochaeridae,Hydrochoerus,Hydrochoerus hydrochaeris	Hydrochoerus hydrochaeris		10149	Capybara	Rodentia	1.25	55000.0		26.77	15.1	no age record available	no age record available	no age record available	no age record available	15.1	0.56		
665	Theria,Eutheria,Boreoeutheria,Euarchontoglires,Glires,Rodentia,Hystricomorpha,Hystricidae,Atherurus,Atherurus africanus	Atherurus africanus		192881	African brush-tailed porcupine	Rodentia	0.94	2750.0	Age at female sexual maturity filled using lineage; 	15.34	22.92	no age record available	no age record available	no age record available	no age record available	22.92	1.49		
666	Theria,Eutheria,Boreoeutheria,Euarchontoglires,Glires,Rodentia,Hystricomorpha,Hystricidae,Hystrix,Hystrix brachyura	Hystrix brachyura		143286	Malayan porcupine	Rodentia	0.89	8000.0		18.71	27.3	no age record available	no age record available	no age record available	no age record available	27.3	1.46		
667	Theria,Eutheria,Boreoeutheria,Euarchontoglires,Glires,Rodentia,Hystricomorpha,Hystricidae,Trichys,Trichys fasciculata	Trichys fasciculata		73865	Long-tailed porcupine	Rodentia	0.94	2000.0	Age at female sexual maturity filled using lineage; 	14.45	10.1	no age record available	no age record available	no age record available	no age record available	10.1	0.7		
668	Theria,Eutheria,Boreoeutheria,Euarchontoglires,Glires,Rodentia,Myomorpha,Muroidea,Muridae,Deomyinae,Acomys,Acomys cahirinus	Acomys cahirinus		10068	Spiny mouse	Rodentia	0.16	45.2		7.14	5.9	no age record available	no age record available	no age record available	no age record available	5.9	0.83		
669	Theria,Eutheria,Boreoeutheria,Euarchontoglires,Glires,Rodentia,Myomorpha,Muroidea,Muridae,Murinae,Apodemus,Apodemus agrarius	Apodemus agrarius		39030	Striped field mouse	Rodentia	0.21	21.5		6.22	4.0	no age record available	no age record available	no age record available	no age record available	4.0	0.64		
670	Theria,Eutheria,Boreoeutheria,Euarchontoglires,Glires,Rodentia,Myomorpha,Muroidea,Muridae,Murinae,Apodemus,Sylvaemus group,Apodemus flavicollis	Apodemus flavicollis	Available	54292	Yellow-necked mouse	Rodentia	0.14	29.4		6.59	6.4	4.86	5.42	5.73	6.4	6.4	0.97	6.4	5.51
671	Theria,Eutheria,Boreoeutheria,Euarchontoglires,Glires,Rodentia,Myomorpha,Muroidea,Muridae,Murinae,Apodemus,Sylvaemus group,Apodemus sylvaticus	Apodemus sylvaticus	Available	10129	Long-tailed field mouse	Rodentia	0.19	23.4		6.32	6.3	3.75	3.92	4.05	4.23	6.3	1.0	4.23	3.7
672	Theria,Eutheria,Boreoeutheria,Euarchontoglires,Glires,Rodentia,Myomorpha,Muroidea,Cricetidae,Arvicolinae,Arvicola,Arvicola sapidus	Arvicola sapidus		88454	Southwestern water vole	Rodentia	0.14	140.0	Mass filled from web encyclopedia; Age at female sexual maturity filled using lineage; 	8.81	3.5	no age record available	no age record available	no age record available	no age record available	3.5	0.4		
673	Theria,Eutheria,Boreoeutheria,Euarchontoglires,Glires,Rodentia,Myomorpha,Muroidea,Cricetidae,Arvicolinae,Arvicola,Arvicola amphibius	Arvicola amphibius	Available	1047088	European water vole	Rodentia	0.14	120.0		8.57	7.34	3.03	3.25	3.74	4.37	5.09	0.59	7.26	7.34
674	Theria,Eutheria,Boreoeutheria,Euarchontoglires,Glires,Rodentia,Myomorpha,Muroidea,Cricetidae,Neotominae,Baiomys,Baiomys taylori	Baiomys taylori		56219	Northern pygmy mouse	Rodentia	0.12	8.0		5.18	3.3	no age record available	no age record available	no age record available	no age record available	3.3	0.64		
675	Theria,Eutheria,Boreoeutheria,Euarchontoglires,Glires,Rodentia,Myomorpha,Muroidea,Muridae,Murinae,Berylmys,Berylmys bowersi	Berylmys bowersi		83759	White-toothed rat	Rodentia	0.28	650.0	Mass filled from web encyclopedia; Age at female sexual maturity filled using lineage; 	11.73	2.9	no age record available	no age record available	no age record available	no age record available	2.9	0.25		
676	Theria,Eutheria,Boreoeutheria,Euarchontoglires,Glires,Rodentia,Myomorpha,Muroidea,Spalacidae,Rhizomyinae,Cannomys,Cannomys badius	Cannomys badius		1392512	Lesser bamboo rat	Rodentia	0.41	650.0	Age at female sexual maturity filled using lineage; 	11.73	4.8	no age record available	no age record available	no age record available	no age record available	4.8	0.41		
677	Theria,Eutheria,Boreoeutheria,Euarchontoglires,Glires,Rodentia,Myomorpha,Muroidea,Cricetidae,Arvicolinae,Myodes,Myodes glareolus	Myodes glareolus		447135	Bank vole	Rodentia	0.13	20.8		6.18	4.9	no age record available	no age record available	no age record available	no age record available	4.9	0.79		
678	Theria,Eutheria,Boreoeutheria,Euarchontoglires,Glires,Rodentia,Myomorpha,Muroidea,Muridae,Murinae,Colomys,Colomys goslingi	Colomys goslingi		119564	African water rat	Rodentia	0.28	58.5	Age at female sexual maturity filled using lineage; 	7.49	3.0	no age record available	no age record available	no age record available	no age record available	3.0	0.4		
679	Theria,Eutheria,Boreoeutheria,Euarchontoglires,Glires,Rodentia,Myomorpha,Muroidea,Cricetidae,Cricetinae,Cricetus,Cricetus cricetus	Cricetus cricetus		10034	Black-bellied hamster	Rodentia	0.12	506.7		11.2	4.0	no age record available	no age record available	no age record available	no age record available	4.0	0.36		
680	Theria,Eutheria,Boreoeutheria,Euarchontoglires,Glires,Rodentia,Myomorpha,Muroidea,Nesomyidae,Delanymyinae,Delanymys,Delanymys Brooksi	Delanymys Brooksi		1392539	Delanys swamp mouse	Rodentia	0.66	531.16	Mass at adulthood filled using lineage; Age at female sexual maturity filled using lineage; Curated max low relative to order, likely underestimation;	11.3	2.0	no age record available	no age record available	no age record available	no age record available	2.0	0.18		
681	Theria,Eutheria,Boreoeutheria,Euarchontoglires,Glires,Rodentia,Myomorpha,Muroidea,Nesomyidae,Dendromurinae,Dendromus,Dendromus mesomelas	Dendromus mesomelas		234629	Brant's climbing mouse	Rodentia	0.66	13.0	Age at female sexual maturity filled using lineage; 	5.66	3.3	no age record available	no age record available	no age record available	no age record available	3.3	0.58		
682	Theria,Eutheria,Boreoeutheria,Euarchontoglires,Glires,Rodentia,Myomorpha,Muroidea,Cricetidae,Arvicolinae,Dicrostonyx,Dicrostonyx torquatus	Dicrostonyx torquatus		85952	Arctic lemming	Rodentia	0.25	85.0		8.03	3.8	no age record available	no age record available	no age record available	no age record available	3.8	0.47		
683	Theria,Eutheria,Boreoeutheria,Euarchontoglires,Glires,Rodentia,Myomorpha,Muroidea,Cricetidae,Arvicolinae,Craseomys,Craseomys smithii	Craseomys smithii		3369792	Pere Davids vole	Rodentia	0.18	35.0	Mass filled from web encyclopedia; Age at female sexual maturity filled using lineage; 	6.81	3.5	no age record available	no age record available	no age record available	no age record available	3.5	0.51		
684	Theria,Eutheria,Boreoeutheria,Euarchontoglires,Glires,Rodentia,Myomorpha,Muroidea,Muridae,Gerbillinae,Gerbillus,Gerbillus pyramidum	Gerbillus pyramidum		298882	Greater Egyptian gerbil	Rodentia	0.2	37.0		6.88	8.2	no age record available	no age record available	no age record available	no age record available	8.2	1.19		
685	Theria,Eutheria,Boreoeutheria,Euarchontoglires,Glires,Rodentia,Myomorpha,Muroidea,Muridae,Murinae,Grammomys,Grammomys dolichurus	Grammomys dolichurus		491754	Woodland mouse	Rodentia	0.2	60.0		7.53	4.4	no age record available	no age record available	no age record available	no age record available	4.4	0.58		
686	Theria,Eutheria,Boreoeutheria,Euarchontoglires,Glires,Rodentia,Myomorpha,Muroidea,Cricetidae,Arvicolinae,Lemmus,Lemmus lemmus	Lemmus lemmus		79949	Norway lemming	Rodentia	0.07	70.0		7.75	3.3	no age record available	no age record available	no age record available	no age record available	3.3	0.43		
687	Theria,Eutheria,Boreoeutheria,Euarchontoglires,Glires,Rodentia,Myomorpha,Muroidea,Muridae,Murinae,Lemniscomys,Lemniscomys striatus	Lemniscomys striatus		121567	Typical striped grass mouse	Rodentia	0.46	42.3		7.06	4.8	no age record available	no age record available	no age record available	no age record available	4.8	0.68	2.5	
688	Theria,Eutheria,Boreoeutheria,Euarchontoglires,Glires,Rodentia,Myomorpha,Muroidea,Muridae,Murinae,Lenothrix,Lenothrix cana	Lenothrix cana		3370147	Gray tree rat	Rodentia	0.28	177.0	Age at female sexual maturity filled using lineage; 	9.21	3.8	no age record available	no age record available	no age record available	no age record available	3.8	0.41		
689	Theria,Eutheria,Boreoeutheria,Euarchontoglires,Glires,Rodentia,Myomorpha,Muroidea,Muridae,Lophiomyinae,Lophiomys,Lophiomys imhausi	Lophiomys imhausi		248799	Crested rat	Rodentia	0.25	755.0		12.06	7.5	no age record available	no age record available	no age record available	no age record available	7.5	0.62		
690	Theria,Eutheria,Boreoeutheria,Euarchontoglires,Glires,Rodentia,Myomorpha,Muroidea,Muridae,Gerbillinae,Meriones,Meriones crassus	Meriones crassus		298887	Sundevall's jird	Rodentia	0.17	35.0		6.81	5.6	no age record available	no age record available	no age record available	no age record available	5.6	0.82		
691	Theria,Eutheria,Boreoeutheria,Euarchontoglires,Glires,Rodentia,Myomorpha,Muroidea,Muridae,Gerbillinae,Meriones,Meriones unguiculatus	Meriones unguiculatus		10047	Mongolian jird	Rodentia	0.12	53.2		7.36	6.3	no age record available	no age record available	no age record available	no age record available	6.3	0.86		
692	Theria,Eutheria,Boreoeutheria,Euarchontoglires,Glires,Rodentia,Myomorpha,Muroidea,Muridae,Murinae,Mesembriomys,Mesembriomys gouldii	Mesembriomys gouldii		337228	Black-footed tree rat	Rodentia	0.19	900.0		12.46	7.8	no age record available	no age record available	no age record available	no age record available	7.8	0.63		
693	Theria,Eutheria,Boreoeutheria,Euarchontoglires,Glires,Rodentia,Myomorpha,Muroidea,Cricetidae,Cricetinae,Mesocricetus,Mesocricetus auratus	Mesocricetus auratus	Available	10036	Golden hamster	Rodentia	0.13	105.0		8.35	10.0	3.04	3.57	3.94	4.63	4.82	0.58	5.55	5.02
694	Theria,Eutheria,Boreoeutheria,Euarchontoglires,Glires,Rodentia,Myomorpha,Muroidea,Muridae,Murinae,Micromys,Micromys minutus	Micromys minutus		13151	Old World harvest mouse	Rodentia	0.11	6.0		4.91	5.0	no age record available	no age record available	no age record available	no age record available	5.0	1.02		
695	Theria,Eutheria,Boreoeutheria,Euarchontoglires,Glires,Rodentia,Myomorpha,Muroidea,Cricetidae,Arvicolinae,Microtus,Microtus agrestis	Microtus agrestis		29092	Field vole	Rodentia	0.1	46.0		7.17	4.8	no age record available	no age record available	no age record available	no age record available	4.8	0.67		
696	Theria,Eutheria,Boreoeutheria,Euarchontoglires,Glires,Rodentia,Myomorpha,Muroidea,Cricetidae,Arvicolinae,Microtus,Microtus arvalis	Microtus arvalis		47230	Common vole	Rodentia	0.1	27.5		6.51	4.8	no age record available	no age record available	no age record available	no age record available	4.8	0.74		
697	Theria,Eutheria,Boreoeutheria,Euarchontoglires,Glires,Rodentia,Myomorpha,Muroidea,Cricetidae,Arvicolinae,Microtus,Microtus guentheri	Microtus guentheri		269655	Guenther's vole	Rodentia	0.16	51.6		7.32	3.9	no age record available	no age record available	no age record available	no age record available	3.9	0.53		
698	Theria,Eutheria,Boreoeutheria,Euarchontoglires,Glires,Rodentia,Myomorpha,Muroidea,Cricetidae,Arvicolinae,Microtus,Microtus pinetorum	Microtus pinetorum		111839	Woodland vole	Rodentia	0.27	25.5		6.42	3.8	no age record available	no age record available	no age record available	no age record available	3.8	0.59		
699	Theria,Eutheria,Boreoeutheria,Euarchontoglires,Glires,Rodentia,Myomorpha,Muroidea,Muridae,Murinae,Mus,Nannomys,Mus minutoides	Mus minutoides		10105	Southern African pygmy mouse, or Pygmy mouse	Rodentia	0.16	7.2		5.08	4.3	no age record available	no age record available	no age record available	no age record available	4.3	0.85		
700	Theria,Eutheria,Boreoeutheria,Euarchontoglires,Glires,Rodentia,Myomorpha,Muroidea,Muridae,Murinae,Mus,Mus,Mus musculus	Mus musculus	Available	10090	House mouse	Rodentia	0.11	20.5		6.17	6.0	2.82	3.64	3.65	4.08	4.28	0.69	4.98	5.07
701	Theria,Eutheria,Boreoeutheria,Euarchontoglires,Glires,Rodentia,Myomorpha,Muroidea,Nesomyidae,Mystromyinae,Mystromys,Mystromys albicaudatus	Mystromys albicaudatus		56239	White-tailed mouse	Rodentia	0.3	106.0		8.37	6.3	no age record available	no age record available	no age record available	no age record available	6.3	0.75		
702	Theria,Eutheria,Boreoeutheria,Euarchontoglires,Glires,Rodentia,Myomorpha,Muroidea,Cricetidae,Neotominae,Neotoma,Neotoma albigula	Neotoma albigula		42408	White-throated woodrat	Rodentia	0.23	209.0		9.5	9.5	no age record available	no age record available	no age record available	no age record available	9.5	1.0		
703	Theria,Eutheria,Boreoeutheria,Euarchontoglires,Glires,Rodentia,Myomorpha,Muroidea,Cricetidae,Neotominae,Neotoma,Neotoma floridana	Neotoma floridana	Available	42409	Eastern woodrat	Rodentia	0.26	291.0		10.1	8.6	7.1	7.85	7.88	8.23	8.36	0.83	8.6	8.39
704	Theria,Eutheria,Boreoeutheria,Euarchontoglires,Glires,Rodentia,Myomorpha,Muroidea,Muridae,Murinae,Notomys,Notomys alexis	Notomys alexis		184396	Spinifex hopping mouse	Rodentia	0.21	35.0		6.81	6.4	no age record available	no age record available	no age record available	no age record available	6.4	0.94		
705	Theria,Eutheria,Boreoeutheria,Euarchontoglires,Glires,Rodentia,Myomorpha,Muroidea,Cricetidae,Tylomyinae,Nyctomys,Nyctomys sumichrasti	Nyctomys sumichrasti		56227	Vesper rat	Rodentia	0.22	50.0	Age at female sexual maturity filled using lineage; 	7.28	5.7	no age record available	no age record available	no age record available	no age record available	5.7	0.78		
706	Theria,Eutheria,Boreoeutheria,Euarchontoglires,Glires,Rodentia,Myomorpha,Muroidea,Cricetidae,Neotominae,Ochrotomys,Ochrotomys nuttalli	Ochrotomys nuttalli		56229	Golden mouse	Rodentia	0.23	22.0	Age at female sexual maturity filled using lineage; 	6.25	8.42	no age record available	no age record available	no age record available	no age record available	8.42	1.35	8.4	
707	Theria,Eutheria,Boreoeutheria,Euarchontoglires,Glires,Rodentia,Myomorpha,Muroidea,Cricetidae,Arvicolinae,Ondatra,Ondatra zibethicus	Ondatra zibethicus	Available	10060	Muskrat	Rodentia	0.78	1362.0		13.46	10.0	5.04	8.47	8.48	8.49	10.0	0.74	8.47	8.49
708	Theria,Eutheria,Boreoeutheria,Euarchontoglires,Glires,Rodentia,Myomorpha,Muroidea,Cricetidae,Neotominae,Onychomys,Onychomys leucogaster	Onychomys leucogaster		38668	Northern grasshopper mouse	Rodentia	0.27	32.5		6.72	5.6	no age record available	no age record available	no age record available	no age record available	5.6	0.83		
709	Theria,Eutheria,Boreoeutheria,Euarchontoglires,Glires,Rodentia,Myomorpha,Muroidea,Cricetidae,Neotominae,Onychomys,Onychomys torridus	Onychomys torridus	Available	38674	Southern grasshopper mouse	Rodentia	0.11	22.0		6.25	4.9	4.08	4.3	4.52	4.66	4.9	0.74	4.43	4.9
710	Theria,Eutheria,Boreoeutheria,Euarchontoglires,Glires,Rodentia,Myomorpha,Muroidea,Cricetidae,Sigmodontinae,Oxymycterus,Oxymycterus rufus	Oxymycterus rufus		56230	Burrowing mouse	Rodentia	0.14	82.55	Mass at adulthood filled using lineage; Age at female sexual maturity filled using lineage; 	7.99	2.6	no age record available	no age record available	no age record available	no age record available	2.6	0.33		
711	Theria,Eutheria,Boreoeutheria,Euarchontoglires,Glires,Rodentia,Myomorpha,Muroidea,Muridae,Gerbillinae,Pachyuromys,Pachyuromys duprasi	Pachyuromys duprasi		298894	Fat-tailed gerbil	Rodentia	0.15	40.0		6.98	8.3	no age record available	no age record available	no age record available	no age record available	8.3	1.19		
712	Theria,Eutheria,Boreoeutheria,Euarchontoglires,Glires,Rodentia,Myomorpha,Muroidea,Cricetidae,Neotominae,Peromyscus,Peromyscus maniculatus	Peromyscus maniculatus	Available	10042	Deer mouse	Rodentia	0.13	20.5		6.17	8.3	4.56	4.97	4.99	5.29	5.45	0.88	5.25	5.93
713	Theria,Eutheria,Boreoeutheria,Euarchontoglires,Glires,Rodentia,Myomorpha,Muroidea,Cricetidae,Cricetinae,Phodopus,Phodopus sungorus	Phodopus sungorus		10044	Dzhungarian hamster	Rodentia	0.33	23.4		6.32	3.9	no age record available	no age record available	no age record available	no age record available	3.9	0.62		
714	Theria,Eutheria,Boreoeutheria,Euarchontoglires,Glires,Rodentia,Myomorpha,Muroidea,Muridae,Murinae,Pogonomys,Pogonomys macrourus	Pogonomys macrourus		442600	Chestnut pogonomys, or Long-tailed tree mouse	Rodentia	0.28	57.0	Age at female sexual maturity filled using lineage; 	7.46	3.1	no age record available	no age record available	no age record available	no age record available	3.1	0.42		
715	Theria,Eutheria,Boreoeutheria,Euarchontoglires,Glires,Rodentia,Myomorpha,Muroidea,Muridae,Murinae,Praomys,Praomys tullbergi	Praomys tullbergi		209869	Tullberg's praomys, or Tullberg's rock rat	Rodentia	0.22	30.0		6.62	5.2	no age record available	no age record available	no age record available	no age record available	5.2	0.79		
716	Theria,Eutheria,Boreoeutheria,Euarchontoglires,Glires,Rodentia,Myomorpha,Muroidea,Muridae,Murinae,Pseudomys,Pseudomys australis	Pseudomys australis		187268	Plains mouse, or Australian native mouse	Rodentia	0.4	65.0		7.64	7.9	no age record available	no age record available	no age record available	no age record available	7.9	1.03		
717	Theria,Eutheria,Boreoeutheria,Euarchontoglires,Glires,Rodentia,Myomorpha,Muroidea,Muridae,Murinae,Rattus,Rattus rattus	Rattus rattus	Available	10117	Rat	Rodentia	0.25	200.0		9.42	7.53	3.39	3.97	5.14	6.64	6.99	0.74	7.53	7.53
718	Theria,Eutheria,Boreoeutheria,Euarchontoglires,Glires,Rodentia,Myomorpha,Muroidea,Cricetidae,Sigmodontinae,Reithrodon,Reithrodon auritus	Reithrodon auritus		56234	Bunny, or Coney rat	Rodentia	0.17	72.2		7.79	5.5	no age record available	no age record available	no age record available	no age record available	5.5	0.71		
719	Theria,Eutheria,Boreoeutheria,Euarchontoglires,Glires,Rodentia,Myomorpha,Muroidea,Muridae,Murinae,Rhabdomys,Rhabdomys pumilio	Rhabdomys pumilio		121573	Four-striped grass mouse	Rodentia	0.11	51.0		7.3	4.5	no age record available	no age record available	no age record available	no age record available	4.5	0.62		
720	Theria,Eutheria,Boreoeutheria,Euarchontoglires,Glires,Rodentia,Myomorpha,Muroidea,Muridae,Gerbillinae,Rhombomys,Rhombomys opimus	Rhombomys opimus		186474	Great gerbil	Rodentia	0.29	285.0		10.06	4.5	no age record available	no age record available	no age record available	no age record available	4.5	0.45	4.0	3.0
721	Theria,Eutheria,Boreoeutheria,Euarchontoglires,Glires,Rodentia,Myomorpha,Muroidea,Nesomyidae,Cricetomyinae,Saccostomus,Saccostomus campestris	Saccostomus campestris		122953	Pouched mouse	Rodentia	0.12	47.4		7.21	4.5	no age record available	no age record available	no age record available	no age record available	4.5	0.62		
722	Theria,Eutheria,Boreoeutheria,Euarchontoglires,Glires,Rodentia,Myomorpha,Muroidea,Muridae,Gerbillinae,Sekeetamys,Sekeetamys calurus	Sekeetamys calurus		298884	Bushy-tailed jird	Rodentia	0.24	65.0	Age at female sexual maturity filled using lineage; 	7.64	7.3	no age record available	no age record available	no age record available	no age record available	7.3	0.96		
723	Theria,Eutheria,Boreoeutheria,Euarchontoglires,Glires,Rodentia,Myomorpha,Muroidea,Cricetidae,Sigmodontinae,Sigmodon,Sigmodon hispidus	Sigmodon hispidus	Available	42415	Hispid cotton rat	Rodentia	0.11	185.0		9.28	5.2	2.63	3.0	3.28	3.66	5.2	0.56	3.84	3.48
724	Theria,Eutheria,Boreoeutheria,Euarchontoglires,Glires,Rodentia,Myomorpha,Muroidea,Muridae,Murinae,Sundamys,Sundamys muelleri	Sundamys muelleri		83761	Mueller's giant Sunda rat	Rodentia	0.28	334.0	Age at female sexual maturity filled using lineage; Curated max low relative to order, likely underestimation;	10.36	2.0	no age record available	no age record available	no age record available	no age record available	2.0	0.19		
725	Theria,Eutheria,Boreoeutheria,Euarchontoglires,Glires,Rodentia,Myomorpha,Muroidea,Cricetidae,Arvicolinae,Synaptomys,Synaptomys cooperi	Synaptomys cooperi		364155	Southern bog lemming	Rodentia	0.18	27.0	Age at female sexual maturity filled using lineage; 	6.49	2.5	no age record available	no age record available	no age record available	no age record available	2.5	0.39		
726	Theria,Eutheria,Boreoeutheria,Euarchontoglires,Glires,Rodentia,Myomorpha,Muroidea,Muridae,Gerbillinae,Tatera,Tatera indica	Tatera indica		186471	Indian gerbil	Rodentia	0.21	146.7		8.89	7.0	no age record available	no age record available	no age record available	no age record available	7.0	0.79		
727	Theria,Eutheria,Boreoeutheria,Euarchontoglires,Glires,Rodentia,Myomorpha,Muroidea,Muridae,Murinae,Thallomys,Thallomys paedulcus	Thallomys paedulcus		332673	Acacia rat	Rodentia	0.3	80.0		7.94	3.5	no age record available	no age record available	no age record available	no age record available	3.5	0.44		
728	Theria,Eutheria,Boreoeutheria,Euarchontoglires,Glires,Rodentia,Myomorpha,Muroidea,Cricetidae,Tylomyinae,Tylomys,Tylomys nudicaudus	Tylomys nudicaudus		218839	Peters's climbing rat	Rodentia	0.22	280.0		10.03	5.4	no age record available	no age record available	no age record available	no age record available	5.4	0.54		
729	Theria,Eutheria,Boreoeutheria,Euarchontoglires,Glires,Rodentia,Hystricomorpha,Myocastoridae,Myocastor,Myocastor coypus	Myocastor coypus		10157	Nutria	Rodentia	0.42	7850.0		18.64	19.0	no age record available	no age record available	no age record available	no age record available	19.0	1.02		
730	Theria,Eutheria,Boreoeutheria,Euarchontoglires,Glires,Rodentia,Hystricomorpha,Octodontidae,Octodon,Octodon degus	Octodon degus	Available	10160	Degu	Rodentia	0.5	235.0		9.71	16.0	7.63	8.73	9.42	10.66	11.66	1.2	16.0	15.03
731	Theria,Eutheria,Boreoeutheria,Euarchontoglires,Glires,Rodentia,Hystricomorpha,Ctenomyidae,Octodontomys,Octodontomys gliroides	Octodontomys gliroides		170740	Mountain degu	Rodentia	0.67	158.0	Age at female sexual maturity filled using lineage; 	9.01	7.33	no age record available	no age record available	no age record available	no age record available	7.33	0.81		
732	Theria,Eutheria,Boreoeutheria,Euarchontoglires,Glires,Rodentia,Hystricomorpha,Octodontidae,Spalacopus,Spalacopus cyanus	Spalacopus cyanus		61880	Coruro	Rodentia	0.5	98.0	Age at female sexual maturity filled using lineage; 	8.25	10.8	no age record available	no age record available	no age record available	no age record available	10.8	1.31		
733	Theria,Eutheria,Boreoeutheria,Euarchontoglires,Glires,Rodentia,Sciuromorpha,Sciuridae,Xerinae,Marmotini,Ammospermophilus,Ammospermophilus leucurus	Ammospermophilus leucurus		45488	White-tailed antelope squirrel	Rodentia	1.0	105.0		8.35	11.2	no age record available	no age record available	no age record available	no age record available	11.2	1.34		
734	Theria,Eutheria,Boreoeutheria,Euarchontoglires,Glires,Rodentia,Sciuromorpha,Sciuridae,Xerinae,Xerini,Atlantoxerus,Atlantoxerus getulus	Atlantoxerus getulus		226855	Barbary ground squirrel	Rodentia	1.0	400.0	Age at female sexual maturity filled using lineage; 	10.71	9.0	no age record available	no age record available	no age record available	no age record available	9.0	0.84		
735	Theria,Eutheria,Boreoeutheria,Euarchontoglires,Glires,Rodentia,Sciuromorpha,Sciuridae,Callosciurinae,Callosciurini,Callosciurus,Callosciurus erythraeus	Callosciurus erythraeus		64677	Pallas's squirrel	Rodentia	1.13	272.0	Age at female sexual maturity filled using lineage; 	9.97	17.0	no age record available	no age record available	no age record available	no age record available	17.0	1.7		
736	Theria,Eutheria,Boreoeutheria,Euarchontoglires,Glires,Rodentia,Sciuromorpha,Sciuridae,Callosciurinae,Callosciurini,Callosciurus,Callosciurus notatus	Callosciurus notatus		64678	Plantain squirrel	Rodentia	1.13	190.0		9.33	14.8	no age record available	no age record available	no age record available	no age record available	14.8	1.59		
737	Theria,Eutheria,Boreoeutheria,Euarchontoglires,Glires,Rodentia,Sciuromorpha,Sciuridae,Xerinae,Marmotini,Cynomys,Cynomys ludovicianus	Cynomys ludovicianus	Available	45480	Black-tailed prairie dog	Rodentia	2.0	1125.0		12.99	23.25	9.18	11.25	12.39	14.77	16.57	1.28	23.25	23.25
738	Theria,Eutheria,Boreoeutheria,Euarchontoglires,Glires,Rodentia,Sciuromorpha,Sciuridae,Callosciurinae,Callosciurini,Dremomys,Dremomys lokriah	Dremomys lokriah		461708	Orange-bellied Himalayan squirrel	Rodentia	1.13	172.5	Age at female sexual maturity filled using lineage; 	9.16	7.1	no age record available	no age record available	no age record available	no age record available	7.1	0.77		
739	Theria,Eutheria,Boreoeutheria,Euarchontoglires,Glires,Rodentia,Sciuromorpha,Sciuridae,Xerinae,Marmotini,Neotamias,Neotamias ruficaudus	Neotamias ruficaudus		3370382	Red-tailed chipmunk	Rodentia	0.92	75.0		7.85	8.0	no age record available	no age record available	no age record available	no age record available	8.0	1.02		
740	Theria,Eutheria,Boreoeutheria,Euarchontoglires,Glires,Rodentia,Sciuromorpha,Sciuridae,Sciurinae,Pteromyini,Glaucomys,Glaucomys sabrinus	Glaucomys sabrinus		45482	Northern flying squirrel	Rodentia	0.57	149.0		8.92	14.2	no age record available	no age record available	no age record available	no age record available	14.2	1.59		
741	Theria,Eutheria,Boreoeutheria,Euarchontoglires,Glires,Rodentia,Sciuromorpha,Sciuridae,Sciurinae,Pteromyini,Glaucomys,Glaucomys volans	Glaucomys volans		64683	Southern flying squirrel	Rodentia	0.57	65.4		7.65	19.0	no age record available	no age record available	no age record available	no age record available	19.0	2.48		
742	Theria,Eutheria,Boreoeutheria,Euarchontoglires,Glires,Rodentia,Sciuromorpha,Sciuridae,Xerinae,Protoxerini,Heliosciurus,Heliosciurus rufobrachium	Heliosciurus rufobrachium		1096448	Red-legged sun squirrel	Rodentia	1.29	326.5	Age at female sexual maturity filled using lineage; 	10.32	8.9	no age record available	no age record available	no age record available	no age record available	8.9	0.86		
743	Theria,Eutheria,Boreoeutheria,Euarchontoglires,Glires,Rodentia,Sciuromorpha,Sciuridae,Xerinae,Marmotini,Marmota,Marmota bobak	Marmota bobak		93158	Bobak marmot	Rodentia	3.0	7300.0		18.39	15.0	no age record available	no age record available	no age record available	no age record available	15.0	0.82		
744	Theria,Eutheria,Boreoeutheria,Euarchontoglires,Glires,Rodentia,Sciuromorpha,Sciuridae,Xerinae,Marmotini,Marmota,Marmota marmota	Marmota marmota		9993	Alpine marmot	Rodentia	2.0	3500.0		16.04	18.0	10.0	12.0	no age record available	no age record available	18.0	1.12		
745	Theria,Eutheria,Boreoeutheria,Euarchontoglires,Glires,Rodentia,Sciuromorpha,Sciuridae,Callosciurinae,Callosciurini,Menetes,Menetes berdmorei	Menetes berdmorei		52808	Berdmores palm squirrel	Rodentia	1.13	212.14	Mass at adulthood filled using lineage; Age at female sexual maturity filled using lineage; 	9.52	4.3	no age record available	no age record available	no age record available	no age record available	4.3	0.45		
746	Theria,Eutheria,Boreoeutheria,Euarchontoglires,Glires,Rodentia,Sciuromorpha,Sciuridae,Sciurinae,Pteromyini,Petaurista,Petaurista petaurista	Petaurista petaurista		55157	Red giant flying squirrel	Rodentia	0.99	1750.0	Age at female sexual maturity filled using lineage; 	14.1	16.0	no age record available	no age record available	no age record available	no age record available	16.0	1.13		
747	Theria,Eutheria,Boreoeutheria,Euarchontoglires,Glires,Rodentia,Sciuromorpha,Sciuridae,Xerinae,Protoxerini,Protoxerus,Protoxerus stangeri	Protoxerus stangeri		226692	Oil palm squirrel	Rodentia	1.29	326.5	Mass at adulthood filled using lineage; Age at female sexual maturity filled using lineage; 	10.32	5.1	no age record available	no age record available	no age record available	no age record available	5.1	0.49		
748	Theria,Eutheria,Boreoeutheria,Euarchontoglires,Glires,Rodentia,Sciuromorpha,Sciuridae,Sciurinae,Pteromyini,Pteromys,Pteromys volans	Pteromys volans		55152	Siberian flying squirrel	Rodentia	0.99	130.0	Age at female sexual maturity filled using lineage; 	8.69	11.4	no age record available	no age record available	no age record available	no age record available	11.4	1.31		
749	Theria,Eutheria,Boreoeutheria,Euarchontoglires,Glires,Rodentia,Sciuromorpha,Sciuridae,Sciurinae,Sciurini,Sciurus,Sciurus carolinensis	Sciurus carolinensis	Available	30640	Eastern gray squirrel	Rodentia	0.94	533.0		11.3	23.6	11.02	12.3	12.69	13.67	14.4	1.27	16.08	12.51
750	Theria,Eutheria,Boreoeutheria,Euarchontoglires,Glires,Rodentia,Sciuromorpha,Sciuridae,Sciurinae,Sciurini,Sciurus,Sciurus vulgaris	Sciurus vulgaris	Available	55149	Eurasian red squirrel	Rodentia	0.81	600.0		11.55	16.33	7.69	9.06	9.54	10.66	11.21	0.97	16.33	11.95
751	Theria,Eutheria,Boreoeutheria,Euarchontoglires,Glires,Rodentia,Sciuromorpha,Sciuridae,Xerinae,Marmotini,Tamias,Tamias striatus	Tamias striatus	Available	45474	Eastern chipmunk	Rodentia	0.51	96.0		8.22	9.67	8.61	9.4	9.48	9.59	9.67	0.97	9.52	9.67
752	Theria,Eutheria,Boreoeutheria,Euarchontoglires,Glires,Rodentia,Sciuromorpha,Sciuridae,Sciurinae,Pteromyini,Trogopterus,Trogopterus xanthipes	Trogopterus xanthipes		226819	Complex-toothed flying squirrel	Rodentia	1.83	1010.71	Mass at adulthood filled using lineage; 	12.73	12.0	no age record available	no age record available	no age record available	no age record available	12.0	0.94		
753	Theria,Eutheria,Boreoeutheria,Euarchontoglires,Glires,Rodentia,Sciuromorpha,Sciuridae,Xerinae,Xerini,Xerus,Xerus erythropus	Xerus erythropus		327507	Striped ground squirrel	Rodentia	1.0	600.0		11.55	10.3	no age record available	no age record available	no age record available	no age record available	10.3	0.89		
754	Theria,Eutheria,Boreoeutheria,Euarchontoglires,Glires,Rodentia,Sciuromorpha,Sciuridae,Xerinae,Xerini,Xerus,Xerus inauris	Xerus inauris		234690	South African ground squirrel	Rodentia	1.0	588.0		11.51	11.5	no age record available	no age record available	no age record available	no age record available	11.5	1.0		
755	Theria,Eutheria,Boreoeutheria,Euarchontoglires,Glires,Rodentia,Hystricomorpha,Thryonomyidae,Thryonomys,Thryonomys swinderianus	Thryonomys swinderianus		10169	Greater cane rat	Rodentia	1.0	6600.0		18.05	5.4	no age record available	no age record available	no age record available	no age record available	5.4	0.3		
756	Theria,Eutheria,Boreoeutheria,Euarchontoglires,Glires,Rodentia,Myomorpha,Dipodoidea,Dipodidae,Zapodinae,Napaeozapus,Napaeozapus insignis	Napaeozapus insignis		101671	Woodland jumping mouse	Rodentia	0.7	25.0		6.4	4.0	no age record available	no age record available	no age record available	no age record available	4.0	0.63		
757	Theria,Eutheria,Boreoeutheria,Euarchontoglires,Glires,Rodentia,Myomorpha,Dipodoidea,Dipodidae,Sicistinae,Sicista,Sicista betulina	Sicista betulina		489448	Northern birch mouse	Rodentia	1.0	8.0		5.18	3.5	no age record available	no age record available	no age record available	no age record available	3.5	0.68		
758	Theria,Eutheria,Boreoeutheria,Euarchontoglires,Glires,Rodentia,Myomorpha,Dipodoidea,Dipodidae,Zapodinae,Zapus,Zapus hudsonius	Zapus hudsonius		160400	Meadow jumping mouse	Rodentia	0.17	18.0		6.02	5.6	no age record available	no age record available	no age record available	no age record available	5.6	0.93		
759	Theria,Eutheria,Boreoeutheria,Euarchontoglires,Scandentia,Tupaiidae,Ptilocercus,Ptilocercus lowii	Ptilocercus lowii		320338	Pen-tailed tree shrew	Scandentia	0.44	42.5	Age at female sexual maturity filled using lineage; Curated max low relative to order, likely underestimation;	7.06	2.7	no age record available	no age record available	no age record available	no age record available	2.7	0.38		
760	Theria,Eutheria,Boreoeutheria,Euarchontoglires,Scandentia,Tupaiidae,Urogale,Urogale everetti	Urogale everetti		192726	Mindanao tree shrew	Scandentia	0.44	350.0	Age at female sexual maturity filled using lineage; 	10.45	11.5	no age record available	no age record available	no age record available	no age record available	11.5	1.1		
761	Theria,Eutheria,Afrotheria,Sirenia,Dugongidae,Dugong,Dugong dugon	Dugong dugon		29137	Dugong	Sirenia	9.5	360000.0		37.97	73.0	no age record available	no age record available	no age record available	no age record available	73.0	1.92		
762	Theria,Eutheria,Afrotheria,Sirenia,Trichechidae,Trichechus,Trichechus inunguis	Trichechus inunguis		9777	Amazonian manatee	Sirenia	3.0	480000.0		40.06	40.0	no age record available	no age record available	no age record available	no age record available	40.0	1.0		
763	Theria,Eutheria,Afrotheria,Sirenia,Trichechidae,Trichechus,Trichechus manatus	Trichechus manatus		9778	West Indian manatee	Sirenia	3.5	322000.0		37.19	69.0	no age record available	no age record available	no age record available	no age record available	69.0	1.86		
764	Theria,Eutheria,Afrotheria,Tubulidentata,Orycteropodidae,Orycteropus,Orycteropus afer	Orycteropus afer	Available	9818	Aardvark	Tubulidentata	2.0	60000.0		27.21	32.07	26.55	28.88	29.09	30.44	30.83	1.13	30.04	32.07
765	Theria,Eutheria,Xenarthra,Pilosa,Folivora,Bradypodidae,Bradypus,Bradypus torquatus	Bradypus torquatus		227087	Maned three-toed sloth	Pilosa	4.5	3875.0	Age at female sexual maturity filled using lineage; 	16.35	12.0	no age record available	no age record available	no age record available	no age record available	12.0	0.73		
766	Theria,Eutheria,Xenarthra,Cingulata,Chlamyphoridae,Calyptophractus,Calyptophractus retusus	Calyptophractus retusus		984615	Burmeisters armadillo	Cingulata	1.04	1000.0	Mass filled from web encyclopedia; Age at female sexual maturity filled using lineage; 	12.71	12.0	no age record available	no age record available	no age record available	no age record available	12.0	0.94		
767	Theria,Eutheria,Xenarthra,Cingulata,Chlamyphoridae,Chaetophractus,Chaetophractus villosus	Chaetophractus villosus		29080	Large hairy armadillo	Cingulata	0.75	3000.0		15.59	25.2	no age record available	no age record available	no age record available	no age record available	25.2	1.62		
768	Theria,Eutheria,Xenarthra,Cingulata,Dasypodidae,Dasypus,Dasypus novemcinctus	Dasypus novemcinctus	Available	9361	Nine-banded armadillo	Cingulata	1.0	5500.0		17.45	22.33	11.3	13.32	14.49	16.32	17.6	1.01	21.64	19.55
769	Theria,Eutheria,Xenarthra,Cingulata,Chlamyphoridae,Euphractus,Euphractus sexcinctus	Euphractus sexcinctus		143300	Six-banded armadillo	Cingulata	0.75	4850.0		17.04	22.1	no age record available	no age record available	no age record available	no age record available	22.1	1.3		
770	Theria,Eutheria,Xenarthra,Cingulata,Chlamyphoridae,Priodontes,Priodontes maximus	Priodontes maximus		183752	Giant armadillo	Cingulata	0.88	33000.0		24.35	15.0	no age record available	no age record available	no age record available	no age record available	15.0	0.62		
771	Theria,Eutheria,Xenarthra,Cingulata,Chlamyphoridae,Zaedyus,Zaedyus pichiy	Zaedyus pichiy		183747	Pichi	Cingulata	0.88	1500.0		13.7	12.5	no age record available	no age record available	no age record available	no age record available	12.5	0.91		
772	Theria,Eutheria,Xenarthra,Pilosa,Folivora,Megalonychidae,Choloepus,Choloepus didactylus	Choloepus didactylus	Available	27675	Southern two-toed sloth	Pilosa	3.5	6250.0		17.87	48.87	29.26	32.59	35.21	39.32	41.36	2.32	48.87	41.56
773	Theria,Eutheria,Xenarthra,Pilosa,Folivora,Megalonychidae,Choloepus,Choloepus hoffmanni	Choloepus hoffmanni		9358	Hoffmann's two-toed sloth	Pilosa	2.0	6250.0		17.87	41.0	no age record available	no age record available	no age record available	no age record available	41.0	2.29		
774	Theria,Eutheria,Xenarthra,Pilosa,Vermilingua,Cyclopedidae,Cyclopes,Cyclopes didactylus	Cyclopes didactylus		84074	Silky anteater	Pilosa	1.75	266.0	Age at female sexual maturity filled using lineage; Curated max low relative to order, likely underestimation;	9.93	2.3	no age record available	no age record available	no age record available	no age record available	2.3	0.23		
775	Theria,Eutheria,Xenarthra,Pilosa,Vermilingua,Myrmecophagidae,Myrmecophaga,Myrmecophaga tridactyla	Myrmecophaga tridactyla		71006	Giant anteater	Pilosa	3.25	28500.0		23.69	31.0	no age record available	no age record available	no age record available	no age record available	31.0	1.31		
776	Theria,Eutheria,Xenarthra,Pilosa,Vermilingua,Myrmecophagidae,Tamandua,Tamandua tetradactyla	Tamandua tetradactyla	Available	48850	Southern tamandua	Pilosa	1.0	4500.0		16.81	26.08	15.0	16.82	17.9	20.06	21.48	1.28	25.45	26.08
777	Theria,Eutheria,Xenarthra,Pilosa,Vermilingua,Myrmecophagidae,Tamandua,Tamandua mexicana	Tamandua mexicana		9351	Northern tamandua	Pilosa	1.0	4500.0		16.81	16.0	no age record available	no age record available	no age record available	no age record available	16.0	0.95		
778	Theria,Eutheria,Boreoeutheria,Laurasiatheria,Carnivora,Caniformia,Pinnipedia,Otariidae,Arctocephalus,Arctocephalus tropicalis	Arctocephalus tropicalis		37194	Subantarctic fur seal	Carnivora	4.21	50000.0		26.3	23.0	16.0	18.0	no age record available	no age record available	23.0	0.87		
779	Theria,Eutheria,Boreoeutheria,Euarchontoglires,Glires,Rodentia,Castorimorpha,Heteromyidae,Dipodomyinae,Dipodomys,Dipodomys spectabilis	Dipodomys spectabilis		105255	Banner-tailed kangaroo rat	Rodentia	0.85	145.0		8.87	12.7	3.0	3.0	no age record available	no age record available	12.7	1.43		
780	Theria,Eutheria,Boreoeutheria,Laurasiatheria,Perissodactyla,Equidae,Equus,Equus przewalskii	Equus przewalskii		9798	Przewalski's horse	Perissodactyla	2.69	300000.0	Mass filled from web encyclopedia; Age at female sexual maturity filled using lineage; Curated max observed in Malddaba_life_table, determined from living animals, modeled from existing data, or determined from live individuals using methylation clock, likely underestimation;	36.71	25.0	25.0	25.0	no age record available	no age record available	25.0	0.68		
781	Theria,Eutheria,Boreoeutheria,Laurasiatheria,Artiodactyla,Whippomorpha,Cetacea,Odontoceti,Delphinidae,Globicephala,Globicephala melas	Globicephala melas	Available	9731	Long-finned pilot whale	Artiodactyla	6.76	1060000.0	Curated max observed in Malddaba_life_table, determined from living animals, modeled from existing data, or determined from live individuals using methylation clock, likely underestimation;	46.42	60.0	40.0	44.0	38.55	41.56	43.03	0.93		
782	Theria,Eutheria,Boreoeutheria,Euarchontoglires,Primates,Haplorrhini,Simiiformes,Catarrhini,Hominoidea,Hominidae,Homininae,Gorilla,Gorilla beringei	Gorilla beringei		499232	Eastern Gorilla	Primates	12.1	205500.0	Mass filled from web encyclopedia; 	34.21	50.0	42.0	43.0	no age record available	no age record available	50.0	1.46		
783	Theria,Eutheria,Boreoeutheria,Euarchontoglires,Glires,Rodentia,Sciuromorpha,Sciuridae,Xerinae,Marmotini,Marmota,Marmota baibacina	Marmota baibacina		93157	grey marmot	Rodentia	2.37	6500.0	Mass filled from web encyclopedia; Age at female sexual maturity filled using lineage; Curated max observed in Malddaba_life_table, determined from living animals, modeled from existing data, or determined from live individuals using methylation clock, likely underestimation;	18.0	11.0	9.0	10.0	no age record available	no age record available	11.0	0.61		
784	Theria,Eutheria,Boreoeutheria,Euarchontoglires,Glires,Rodentia,Sciuromorpha,Sciuridae,Xerinae,Marmotini,Marmota,Marmota flaviventris	Marmota flaviventris		93162	Yellow-bellied marmot	Rodentia	2.0	3500.0		16.04	21.2	5.0	6.0	no age record available	no age record available	21.2	1.32		
785	Theria,Eutheria,Boreoeutheria,Laurasiatheria,Artiodactyla,Ruminantia,Pecora,Bovidae,Caprinae,Ovis,Ovis aries	Ovis aries	Available	9940	Domestic sheep, or Mouflon	Artiodactyla	1.5	80000.0		28.71	25.94	13.69	15.32	15.85	17.28	18.29	0.64	25.94	23.22
786	Theria,Eutheria,Boreoeutheria,Euarchontoglires,Primates,Strepsirrhini,Lemuriformes,Indriidae,Propithecus,Propithecus diadema	Propithecus diadema		83281	Diademed sifaka	Primates	3.25	5550.0		17.48	21.0	12.0	19.0	no age record available	no age record available	21.0	1.2		
787	Theria,Eutheria,Boreoeutheria,Euarchontoglires,Glires,Rodentia,Sciuromorpha,Sciuridae,Sciurinae,Tamiasciurini,Tamiasciurus,Tamiasciurus hudsonicus	Tamiasciurus hudsonicus	Available	10009	Red squirrel	Rodentia	0.94	200.0		9.42	12.24	9.21	10.23	10.54	11.42	12.24	1.3	12.24	11.08
788	Theria,Eutheria,Boreoeutheria,Euarchontoglires,Glires,Rodentia,Sciuromorpha,Sciuridae,Xerinae,Marmotini,Urocitellus,Urocitellus armatus	Urocitellus armatus		99832	Uinta Ground Squirrel	Rodentia	0.96	210.0	Mass filled from web encyclopedia; Age at female sexual maturity filled using lineage; 	9.5	7.0	2.25	3.0	no age record available	no age record available	7.0	0.74		
789	Theria,Eutheria,Boreoeutheria,Euarchontoglires,Glires,Rodentia,Sciuromorpha,Sciuridae,Xerinae,Marmotini,Urocitellus,Urocitellus beldingi	Urocitellus beldingi		99835	Belding's ground squirrel	Rodentia	1.0	290.0	Curated max observed in Malddaba_life_table, determined from living animals, modeled from existing data, or determined from live individuals using methylation clock, likely underestimation;	10.09	9.0	3.0	4.0	no age record available	no age record available	9.0	0.89		
790	Theria,Eutheria,Boreoeutheria,Euarchontoglires,Glires,Rodentia,Sciuromorpha,Sciuridae,Xerinae,Marmotini,Urocitellus,Urocitellus brunneus	Urocitellus brunneus		53505	Northern Idaho ground squirrel	Rodentia	0.96	290.0	Mass filled from web encyclopedia; Age at female sexual maturity filled using lineage; Curated max observed in Malddaba_life_table, determined from living animals, modeled from existing data, or determined from live individuals using methylation clock, likely underestimation;	10.09	7.0	2.0	3.0	no age record available	no age record available	7.0	0.69		
791	Theria,Eutheria,Afrotheria,Afrosoricida,Tenrecidae,Geogalinae,Geogale,Geogale aurita	Geogale aurita		176117	Large-eared tenrec	Afrosoricida	0.95	6.7	Age at female sexual maturity filled using lineage; 	5.01	2.08	no age record available	no age record available	no age record available	no age record available	2.08	0.42		
792	Theria,Eutheria,Boreoeutheria,Laurasiatheria,Artiodactyla,Ruminantia,Pecora,Bovidae,Alcelaphinae,Beatragus,Beatragus hunteri	Beatragus hunteri		59527	Hirola	Artiodactyla	1.79	159000.0		32.62	15.2	no age record available	no age record available	no age record available	no age record available	15.2	0.47		
793	Theria,Eutheria,Boreoeutheria,Laurasiatheria,Artiodactyla,Ruminantia,Pecora,Bovidae,Bovinae,Bos,Bos frontalis	Bos frontalis		30520	Gaur	Artiodactyla	1.62	825000.0		44.31	26.2	no age record available	no age record available	no age record available	no age record available	26.2	0.59		
794	Theria,Eutheria,Boreoeutheria,Laurasiatheria,Artiodactyla,Ruminantia,Pecora,Bovidae,Bovinae,Bos,Bos javanicus	Bos javanicus		9906	Banteng	Artiodactyla	2.0	700000.0		42.97	27.1	no age record available	no age record available	no age record available	no age record available	27.1	0.63		
795	Theria,Eutheria,Boreoeutheria,Laurasiatheria,Artiodactyla,Ruminantia,Pecora,Bovidae,Bovinae,Bubalus,Bubalus bubalis	Bubalus bubalis		89462	Water buffalo	Artiodactyla	1.37	725000.0		43.25	34.9	no age record available	no age record available	no age record available	no age record available	34.9	0.81		
796	Theria,Eutheria,Boreoeutheria,Laurasiatheria,Artiodactyla,Ruminantia,Pecora,Bovidae,Bovinae,Bubalus,Bubalus quarlesi	Bubalus quarlesi		56640	Mountain anoa	Artiodactyla	2.07	150000.0		32.27	29.2	no age record available	no age record available	no age record available	no age record available	29.2	0.9		
797	Theria,Eutheria,Boreoeutheria,Laurasiatheria,Artiodactyla,Ruminantia,Pecora,Bovidae,Caprinae,Capra,Capra caucasica	Capra caucasica		72540	West Caucasian tur	Artiodactyla	2.44	70000.0		28.0	19.3	no age record available	no age record available	no age record available	no age record available	19.3	0.69		
798	Theria,Eutheria,Boreoeutheria,Laurasiatheria,Artiodactyla,Ruminantia,Pecora,Bovidae,Cephalophinae,Cephalophus,Cephalophus dorsalis	Cephalophus dorsalis		97360	Bay duiker	Artiodactyla	1.58	11600.0		20.04	17.5	no age record available	no age record available	no age record available	no age record available	17.5	0.87		
799	Theria,Eutheria,Boreoeutheria,Laurasiatheria,Artiodactyla,Ruminantia,Pecora,Bovidae,Cephalophinae,Cephalophus,Cephalophus jentinki	Cephalophus jentinki		129225	Jentink's duiker	Artiodactyla	1.58	70000.3	Age at female sexual maturity filled using lineage; 	28.0	21.0	no age record available	no age record available	no age record available	no age record available	21.0	0.75		
800	Theria,Eutheria,Boreoeutheria,Laurasiatheria,Artiodactyla,Ruminantia,Pecora,Bovidae,Cephalophinae,Cephalophorus,Cephalophorus natalensis	Cephalophorus natalensis		69299	Natal duiker	Artiodactyla	0.74	10000.0	Age at female sexual maturity filled using lineage; 	19.5	15.2	no age record available	no age record available	no age record available	no age record available	15.2	0.78		
801	Theria,Eutheria,Boreoeutheria,Laurasiatheria,Artiodactyla,Ruminantia,Pecora,Bovidae,Cephalophinae,Cephalophorus,Cephalophorus niger	Cephalophorus niger		129226	Black duiker	Artiodactyla	0.74	18100.0	Age at female sexual maturity filled using lineage; 	21.77	14.8	no age record available	no age record available	no age record available	no age record available	14.8	0.68		
802	Theria,Eutheria,Boreoeutheria,Laurasiatheria,Artiodactyla,Ruminantia,Pecora,Bovidae,Cephalophinae,Cephalophorus,Cephalophorus rufilatus	Cephalophorus rufilatus		129230	Red-flanked duiker	Artiodactyla	0.74	13000.0		20.47	15.2	no age record available	no age record available	no age record available	no age record available	15.2	0.74		
803	Theria,Eutheria,Boreoeutheria,Laurasiatheria,Artiodactyla,Ruminantia,Pecora,Bovidae,Cephalophinae,Cephalophus,Cephalophus silvicultor	Cephalophus silvicultor		50347	Yellow-backed duiker	Artiodactyla	1.58	62000.0	Age at female sexual maturity filled using lineage; 	27.38	22.5	no age record available	no age record available	no age record available	no age record available	22.5	0.82		
804	Theria,Eutheria,Boreoeutheria,Laurasiatheria,Artiodactyla,Ruminantia,Pecora,Bovidae,Cephalophinae,Cephalophorus,Cephalophorus weynsi	Cephalophorus weynsi		129232	Weyns's duiker	Artiodactyla	0.74	10000.0	Age at female sexual maturity filled using lineage; 	19.5	15.25	no age record available	no age record available	no age record available	no age record available	15.25	0.78		
805	Theria,Eutheria,Boreoeutheria,Laurasiatheria,Artiodactyla,Ruminantia,Pecora,Bovidae,Cephalophinae,Cephalophula,Cephalophula zebra	Cephalophula zebra		129233	Zebra duiker	Artiodactyla	1.27	17500.1	Age at female sexual maturity filled using lineage; 	21.64	12.17	no age record available	no age record available	no age record available	no age record available	12.17	0.56		
806	Theria,Eutheria,Boreoeutheria,Laurasiatheria,Artiodactyla,Ruminantia,Pecora,Bovidae,Alcelaphinae,Damaliscus,Damaliscus lunatus	Damaliscus lunatus		9929	Topi	Artiodactyla	1.75	110000.0		30.46	35.0	no age record available	no age record available	no age record available	no age record available	35.0	1.15		
807	Theria,Eutheria,Boreoeutheria,Laurasiatheria,Artiodactyla,Ruminantia,Pecora,Bovidae,Antilopinae,Eudorcas,Eudorcas rufifrons	Eudorcas rufifrons		69304	Red-fronted gazelle	Artiodactyla	1.0	15011.0		21.03	14.5	no age record available	no age record available	no age record available	no age record available	14.5	0.69		
808	Theria,Eutheria,Boreoeutheria,Laurasiatheria,Artiodactyla,Ruminantia,Pecora,Bovidae,Antilopinae,Gazella,Gazella cuvieri	Gazella cuvieri		69301	Cuvier's gazelle	Artiodactyla	0.96	17500.0		21.64	17.9	no age record available	no age record available	no age record available	no age record available	17.9	0.83		
809	Theria,Eutheria,Boreoeutheria,Laurasiatheria,Artiodactyla,Ruminantia,Pecora,Bovidae,Antilopinae,Gazella,Gazella saudiya	Gazella saudiya		69305	Saudi gazelle	Artiodactyla	1.37	32185.7		24.23	21.0	no age record available	no age record available	no age record available	no age record available	21.0	0.87		
810	Theria,Eutheria,Boreoeutheria,Laurasiatheria,Artiodactyla,Ruminantia,Pecora,Bovidae,Antilopinae,Madoqua,Madoqua guentheri	Madoqua guentheri		66433	Gunther's dik-dik	Artiodactyla	0.38	4550.0		16.84	17.5	no age record available	no age record available	no age record available	no age record available	17.5	1.04		
811	Theria,Eutheria,Boreoeutheria,Laurasiatheria,Artiodactyla,Ruminantia,Pecora,Bovidae,Caprinae,Naemorhedus,Naemorhedus baileyi	Naemorhedus baileyi		1088030	Red goral	Artiodactyla	2.6	28863.0		23.75	19.0	no age record available	no age record available	no age record available	no age record available	19.0	0.8		
812	Theria,Eutheria,Boreoeutheria,Laurasiatheria,Artiodactyla,Ruminantia,Pecora,Bovidae,Caprinae,Naemorhedus,Naemorhedus caudatus	Naemorhedus caudatus		37173	Chinese goral	Artiodactyla	2.6	27000.0		23.45	20.3	no age record available	no age record available	no age record available	no age record available	20.3	0.87		
813	Theria,Eutheria,Boreoeutheria,Laurasiatheria,Artiodactyla,Ruminantia,Pecora,Bovidae,Antilopinae,Nanger,Nanger dama	Nanger dama		67940	Dama gazelle	Artiodactyla	0.3	73000.0		28.22	19.3	no age record available	no age record available	no age record available	no age record available	19.3	0.68		
814	Theria,Eutheria,Boreoeutheria,Laurasiatheria,Artiodactyla,Ruminantia,Pecora,Bovidae,Antilopinae,Nanger,Nanger granti	Nanger granti		27591	Grant's gazelle	Artiodactyla	0.69	67000.0		27.77	23.0	no age record available	no age record available	no age record available	no age record available	23.0	0.83		
815	Theria,Eutheria,Boreoeutheria,Laurasiatheria,Artiodactyla,Ruminantia,Pecora,Bovidae,Hippotraginae,Oryx,Oryx dammah	Oryx dammah		59534	Scimitar-horned oryx	Artiodactyla	1.75	177500.0		33.29	27.5	no age record available	no age record available	no age record available	no age record available	27.5	0.83		
816	Theria,Eutheria,Boreoeutheria,Laurasiatheria,Artiodactyla,Ruminantia,Pecora,Bovidae,Hippotraginae,Oryx,Oryx leucoryx	Oryx leucoryx		39411	Arabian oryx	Artiodactyla	2.17	121350.0		31.02	20.8	no age record available	no age record available	no age record available	no age record available	20.8	0.67		
817	Theria,Eutheria,Boreoeutheria,Laurasiatheria,Artiodactyla,Ruminantia,Pecora,Bovidae,Caprinae,Ovis,Ovis dalli	Ovis dalli		9943	Dall's sheep	Artiodactyla	1.87	73100.0		28.23	19.6	no age record available	no age record available	no age record available	no age record available	19.6	0.69		
818	Theria,Eutheria,Boreoeutheria,Laurasiatheria,Artiodactyla,Ruminantia,Pecora,Bovidae,Cephalophinae,Philantomba,Philantomba maxwellii	Philantomba maxwellii		907741	Maxwell's duiker	Artiodactyla	2.0	7000.0		18.25	18.3	no age record available	no age record available	no age record available	no age record available	18.3	1.0		
819	Theria,Eutheria,Boreoeutheria,Laurasiatheria,Artiodactyla,Ruminantia,Pecora,Bovidae,Antilopinae,Raphicerus,Raphicerus campestris	Raphicerus campestris		59544	Steenbok	Artiodactyla	0.65	13000.0		20.47	9.3	no age record available	no age record available	no age record available	no age record available	9.3	0.45		
820	Theria,Eutheria,Boreoeutheria,Laurasiatheria,Artiodactyla,Ruminantia,Pecora,Bovidae,Bovinae,Taurotragus,Taurotragus derbianus	Taurotragus derbianus		303930	Giant eland	Artiodactyla	3.03	680000.0		42.74	25.0	no age record available	no age record available	no age record available	no age record available	25.0	0.58		
821	Theria,Eutheria,Boreoeutheria,Laurasiatheria,Artiodactyla,Ruminantia,Pecora,Bovidae,Bovinae,Tragelaphus,Tragelaphus scriptus	Tragelaphus scriptus		66440	Bushbuck	Artiodactyla	1.36	60000.0		27.21	15.3	no age record available	no age record available	no age record available	no age record available	15.3	0.56		
822	Theria,Eutheria,Boreoeutheria,Laurasiatheria,Artiodactyla,Tylopoda,Camelidae,Camelus,Camelus bactrianus	Camelus bactrianus		9837	Bactrian camel	Artiodactyla	3.5	475000.0		39.98	35.4	no age record available	no age record available	no age record available	no age record available	35.4	0.89		
823	Theria,Eutheria,Boreoeutheria,Laurasiatheria,Artiodactyla,Tylopoda,Camelidae,Lama,Lama glama	Lama glama		9844	Llama	Artiodactyla	2.19	140000.0		31.86	33.7	no age record available	no age record available	no age record available	no age record available	33.7	1.06		
824	Theria,Eutheria,Boreoeutheria,Laurasiatheria,Artiodactyla,Tylopoda,Camelidae,Vicugna,Vicugna pacos	Vicugna pacos		30538	Alpaca	Artiodactyla	1.18	62000.0		27.38	25.8	no age record available	no age record available	no age record available	no age record available	25.8	0.94		
825	Theria,Eutheria,Boreoeutheria,Laurasiatheria,Artiodactyla,Ruminantia,Pecora,Cervidae,Cervinae,Axis,Axis kuhlii	Axis kuhlii		948700	Bawean deer	Artiodactyla	0.83	55000.0		26.77	17.8	no age record available	no age record available	no age record available	no age record available	17.8	0.66		
826	Theria,Eutheria,Boreoeutheria,Laurasiatheria,Artiodactyla,Ruminantia,Pecora,Cervidae,Odocoileinae,Blastocerus,Blastocerus dichotomus	Blastocerus dichotomus		248133	Marsh deer	Artiodactyla	1.22	102500.0	Age at female sexual maturity filled using lineage; 	30.06	13.7	no age record available	no age record available	no age record available	no age record available	13.7	0.46		
827	Theria,Eutheria,Boreoeutheria,Laurasiatheria,Artiodactyla,Ruminantia,Pecora,Cervidae,Cervinae,Cervus,Cervus nippon	Cervus nippon		9863	Sika deer	Artiodactyla	1.37	42000.0		25.46	26.3	no age record available	no age record available	no age record available	no age record available	26.3	1.03		
828	Theria,Eutheria,Boreoeutheria,Laurasiatheria,Artiodactyla,Ruminantia,Pecora,Cervidae,Muntiacinae,Elaphodus,Elaphodus cephalophus	Elaphodus cephalophus		109298	Tufted deer	Artiodactyla	1.75	33500.0		24.42	22.7	no age record available	no age record available	no age record available	no age record available	22.7	0.93		
829	Theria,Eutheria,Boreoeutheria,Laurasiatheria,Artiodactyla,Ruminantia,Pecora,Cervidae,Muntiacinae,Muntiacus,Muntiacus reevesi	Muntiacus reevesi		9886	Reeves's muntjac	Artiodactyla	0.75	18000.0		21.75	23.2	no age record available	no age record available	no age record available	no age record available	23.2	1.07		
830	Theria,Eutheria,Boreoeutheria,Laurasiatheria,Artiodactyla,Ruminantia,Pecora,Cervidae,Odocoileinae,Odocoileus,Odocoileus hemionus	Odocoileus hemionus		9872	Mule deer	Artiodactyla	1.31	57000.0		26.95	22.0	no age record available	no age record available	no age record available	no age record available	22.0	0.82		
831	Theria,Eutheria,Boreoeutheria,Laurasiatheria,Artiodactyla,Ruminantia,Pecora,Cervidae,Odocoileinae,Ozotoceros,Ozotoceros bezoarticus	Ozotoceros bezoarticus		63824	Pampas deer	Artiodactyla	1.0	32500.0		24.28	21.9	no age record available	no age record available	no age record available	no age record available	21.9	0.9		
832	Theria,Eutheria,Boreoeutheria,Laurasiatheria,Artiodactyla,Ruminantia,Pecora,Cervidae,Cervinae,Rucervus,Rucervus duvaucelii	Rucervus duvaucelii		43328	Barasingha	Artiodactyla	3.0	170000.0		33.03	24.5	no age record available	no age record available	no age record available	no age record available	24.5	0.74		
833	Theria,Eutheria,Boreoeutheria,Laurasiatheria,Artiodactyla,Ruminantia,Pecora,Cervidae,Cervinae,Rusa,Rusa alfredi	Rusa alfredi		1088129	Visayan spotted deer	Artiodactyla	1.63	46475.0		25.95	18.5	no age record available	no age record available	no age record available	no age record available	18.5	0.71		
834	Theria,Eutheria,Boreoeutheria,Laurasiatheria,Artiodactyla,Ruminantia,Pecora,Cervidae,Cervinae,Rusa,Rusa timorensis	Rusa timorensis		1088130	Timor deer	Artiodactyla	1.27	63000.0		27.46	21.1	no age record available	no age record available	no age record available	no age record available	21.1	0.77		
835	Theria,Eutheria,Boreoeutheria,Laurasiatheria,Artiodactyla,Ruminantia,Pecora,Cervidae,Cervinae,Rusa,Rusa unicolor	Rusa unicolor		662561	Sambar	Artiodactyla	1.78	185000.0		33.55	26.42	no age record available	no age record available	no age record available	no age record available	26.42	0.79		
836	Theria,Eutheria,Boreoeutheria,Laurasiatheria,Artiodactyla,Suina,Suidae,Phacochoerus,Phacochoerus africanus	Phacochoerus africanus		41426	Wart hog	Artiodactyla	1.58	100000.0		29.92	30.0	no age record available	no age record available	no age record available	no age record available	30.0	1.0		
837	Theria,Eutheria,Boreoeutheria,Laurasiatheria,Artiodactyla,Suina,Suidae,Sus,Sus barbatus	Sus barbatus		41807	Bearded pig	Artiodactyla	0.99	102750.0		30.07	16.2	no age record available	no age record available	no age record available	no age record available	16.2	0.54		
838	Theria,Eutheria,Boreoeutheria,Laurasiatheria,Artiodactyla,Ruminantia,Tragulina,Tragulidae,Moschiola,Moschiola meminna	Moschiola meminna		439461	Indian spotted chevrotain	Artiodactyla	0.65	2450.0	Age at female sexual maturity filled using lineage; 	15.01	14.5	no age record available	no age record available	no age record available	no age record available	14.5	0.97		
839	Theria,Eutheria,Boreoeutheria,Laurasiatheria,Carnivora,Caniformia,Canidae,Lycalopex,Lycalopex culpaeus	Lycalopex culpaeus		68736	Culpeo	Carnivora	1.0	13000.0		20.47	13.1	no age record available	no age record available	no age record available	no age record available	13.1	0.64		
840	Theria,Eutheria,Boreoeutheria,Laurasiatheria,Carnivora,Caniformia,Canidae,Lycalopex,Lycalopex griseus	Lycalopex griseus		68737	Argentinian gray fox	Carnivora	0.86	3990.0	Age at female sexual maturity filled using lineage; 	16.44	10.9	no age record available	no age record available	no age record available	no age record available	10.9	0.66		
841	Theria,Eutheria,Boreoeutheria,Laurasiatheria,Carnivora,Caniformia,Canidae,Lycalopex,Lycalopex sechurae	Lycalopex sechurae		68739	Sechuran fox	Carnivora	0.86	4000.0	Age at female sexual maturity filled using lineage; 	16.44	9.9	no age record available	no age record available	no age record available	no age record available	9.9	0.6		
842	Theria,Eutheria,Boreoeutheria,Laurasiatheria,Carnivora,Caniformia,Canidae,Lycalopex,Lycalopex vetulus	Lycalopex vetulus		68734	Hoary fox	Carnivora	0.76	5350.0		17.36	12.6	no age record available	no age record available	no age record available	no age record available	12.6	0.73		
843	Theria,Eutheria,Boreoeutheria,Laurasiatheria,Carnivora,Caniformia,Canidae,Urocyon,Urocyon littoralis	Urocyon littoralis		244585	Island gray fox	Carnivora	1.0	1890.7		14.3	8.0	no age record available	no age record available	no age record available	no age record available	8.0	0.56		
844	Theria,Eutheria,Boreoeutheria,Laurasiatheria,Carnivora,Caniformia,Canidae,Vulpes,Vulpes corsac	Vulpes corsac		9629	Corsac fox	Carnivora	1.38	2700.0		15.28	13.0	no age record available	no age record available	no age record available	no age record available	13.0	0.85		
845	Theria,Eutheria,Boreoeutheria,Laurasiatheria,Carnivora,Caniformia,Canidae,Vulpes,Vulpes rueppellii	Vulpes rueppellii		354189	Ruppell's sand fox	Carnivora	1.0	3200.0		15.77	14.3	no age record available	no age record available	no age record available	no age record available	14.3	0.91		
846	Theria,Eutheria,Boreoeutheria,Laurasiatheria,Carnivora,Feliformia,Felidae,Felinae,Felis,Felis chaus	Felis chaus		61376	Jungle cat	Carnivora	0.92	10000.0		19.5	20.0	no age record available	no age record available	no age record available	no age record available	20.0	1.03		
847	Theria,Eutheria,Boreoeutheria,Laurasiatheria,Carnivora,Feliformia,Felidae,Felinae,Otocolobus,Otocolobus manul	Otocolobus manul		61408	Pallas' cat	Carnivora	1.0	3500.0		16.04	15.9	no age record available	no age record available	no age record available	no age record available	15.9	0.99		
848	Theria,Eutheria,Boreoeutheria,Laurasiatheria,Carnivora,Feliformia,Felidae,Felinae,Felis,Felis margarita	Felis margarita		61378	Sand cat	Carnivora	0.75	2750.0		15.34	13.9	no age record available	no age record available	no age record available	no age record available	13.9	0.91		
849	Theria,Eutheria,Boreoeutheria,Laurasiatheria,Carnivora,Feliformia,Felidae,Felinae,Leopardus,Leopardus colocola	Leopardus colocola		3055696	Colocolo	Carnivora	1.59	2950.0	Age at female sexual maturity filled using lineage; 	15.54	19.6	no age record available	no age record available	no age record available	no age record available	19.6	1.26		
850	Theria,Eutheria,Boreoeutheria,Laurasiatheria,Carnivora,Feliformia,Felidae,Felinae,Leopardus,Leopardus geoffroyi	Leopardus geoffroyi		46844	Geoffroy's cat	Carnivora	1.31	4000.0		16.44	23.0	no age record available	no age record available	no age record available	no age record available	23.0	1.4		
851	Theria,Eutheria,Boreoeutheria,Laurasiatheria,Carnivora,Feliformia,Felidae,Felinae,Lynx,Lynx canadensis	Lynx canadensis	Available	61383	Canada lynx	Carnivora	1.36	10100.0		19.53	26.8	19.52	20.61	20.96	21.8	22.32	1.14	23.46	23.52
852	Theria,Eutheria,Boreoeutheria,Laurasiatheria,Carnivora,Feliformia,Felidae,Felinae,Prionailurus,Prionailurus planiceps	Prionailurus planiceps		61403	Flat-headed cat	Carnivora	0.87	6750.0	Age at female sexual maturity filled using lineage; 	18.12	14.0	no age record available	no age record available	no age record available	no age record available	14.0	0.77		
853	Theria,Eutheria,Boreoeutheria,Laurasiatheria,Carnivora,Feliformia,Felidae,Felinae,Prionailurus,Prionailurus rubiginosus	Prionailurus rubiginosus		61387	Rusty-spotted cat	Carnivora	0.87	1350.0	Age at female sexual maturity filled using lineage; 	13.44	17.9	no age record available	no age record available	no age record available	no age record available	17.9	1.33		
854	Theria,Eutheria,Boreoeutheria,Laurasiatheria,Carnivora,Feliformia,Felidae,Felinae,Prionailurus,Prionailurus viverrinus	Prionailurus viverrinus		61388	Fishing cat	Carnivora	0.75	10650.0		19.73	17.2	no age record available	no age record available	no age record available	no age record available	17.2	0.87		
855	Theria,Eutheria,Boreoeutheria,Laurasiatheria,Carnivora,Feliformia,Felidae,Felinae,Caracal,Caracal auratus	Profelis aurata		61412	African golden cat	Carnivora	1.78	10650.0		19.73	21.0	no age record available	no age record available	no age record available	no age record available	21.0	1.06		
856	Theria,Eutheria,Boreoeutheria,Laurasiatheria,Carnivora,Feliformia,Felidae,Felinae,Herpailurus,Herpailurus yagouaroundi	Herpailurus yagouaroundi		1608482	Jaguarundi	Carnivora	2.2	7000.0		18.25	18.6	no age record available	no age record available	no age record available	no age record available	18.6	1.02		
857	Theria,Eutheria,Boreoeutheria,Laurasiatheria,Carnivora,Feliformia,Herpestidae,Galerella,Galerella pulverulenta	Galerella pulverulenta		55052	Cape gray mongoose	Carnivora	1.2	650.0	Age at female sexual maturity filled using lineage; 	11.73	11.7	no age record available	no age record available	no age record available	no age record available	11.7	1.0		
858	Theria,Eutheria,Boreoeutheria,Laurasiatheria,Carnivora,Feliformia,Herpestidae,Herpestes,Herpestes edwardsi	Herpestes edwardsi		2854220	Indian gray mongoose	Carnivora	0.85	1000.0		12.71	12.3	no age record available	no age record available	no age record available	no age record available	12.3	0.97		
859	Theria,Eutheria,Boreoeutheria,Laurasiatheria,Carnivora,Feliformia,Herpestidae,Herpestes,Herpestes smithii	Herpestes smithii		643832	Ruddy mongoose	Carnivora	1.28	1702.5	Age at female sexual maturity filled using lineage; 	14.03	17.8	no age record available	no age record available	no age record available	no age record available	17.8	1.27		
860	Theria,Eutheria,Boreoeutheria,Laurasiatheria,Carnivora,Feliformia,Herpestidae,Herpestes,Herpestes urva	Herpestes urva		328699	Crab-eating mongoose	Carnivora	1.28	1863.2	Age at female sexual maturity filled using lineage; 	14.26	13.33	no age record available	no age record available	no age record available	no age record available	13.33	0.93		
861	Theria,Eutheria,Boreoeutheria,Laurasiatheria,Carnivora,Feliformia,Herpestidae,Herpestes,Herpestes vitticollis	Herpestes vitticollis		643833	Striped-necked mongoose	Carnivora	1.28	2250.0	Age at female sexual maturity filled using lineage; 	14.77	12.8	no age record available	no age record available	no age record available	no age record available	12.8	0.87		
862	Theria,Eutheria,Boreoeutheria,Laurasiatheria,Carnivora,Caniformia,Musteloidea,Mustelidae,Lutrinae,Aonyx,Aonyx cinereus	Aonyx cinereus		452597	Oriental small-clawed otter	Carnivora	2.0	3000.0		15.59	23.0	no age record available	no age record available	no age record available	no age record available	23.0	1.48		
863	Theria,Eutheria,Boreoeutheria,Laurasiatheria,Carnivora,Caniformia,Musteloidea,Mustelidae,Galictinae,Galictis,Galictis cuja	Galictis cuja		470561	Lesser grison	Carnivora	0.76	1000.0	Age at female sexual maturity filled using lineage; 	12.71	10.2	no age record available	no age record available	no age record available	no age record available	10.2	0.8		
864	Theria,Eutheria,Boreoeutheria,Laurasiatheria,Carnivora,Caniformia,Musteloidea,Mustelidae,Lutrinae,Hydrictis,Hydrictis maculicollis	Hydrictis maculicollis		452641	Spotted-necked otter	Carnivora	2.31	4000.0		16.44	22.9	no age record available	no age record available	no age record available	no age record available	22.9	1.39		
865	Theria,Eutheria,Boreoeutheria,Laurasiatheria,Carnivora,Caniformia,Musteloidea,Mustelidae,Lutrinae,Lutrogale,Lutrogale perspicillata	Lutrogale perspicillata		452644	Smooth-coated otter	Carnivora	2.58	9000.0		19.12	20.0	no age record available	no age record available	no age record available	no age record available	20.0	1.05		
866	Theria,Eutheria,Boreoeutheria,Laurasiatheria,Carnivora,Caniformia,Musteloidea,Mustelidae,Mustelinae,Mustela,Mustela erminea	Mustela erminea	Available	36723	Ermine	Carnivora	0.26	110.3		8.43	14.66	9.32	10.07	10.78	11.92	12.57	1.49	14.66	14.66
867	Theria,Eutheria,Boreoeutheria,Laurasiatheria,Carnivora,Caniformia,Musteloidea,Mustelidae,Mustelinae,Mustela,Mustela eversmannii	Mustela eversmannii		77149	Steppe polecat	Carnivora	0.87	1350.0		13.44	9.1	no age record available	no age record available	no age record available	no age record available	9.1	0.68		
868	Theria,Eutheria,Boreoeutheria,Laurasiatheria,Carnivora,Caniformia,Musteloidea,Mustelidae,Mustelinae,Neogale,Neogale frenata	Neogale frenata		3370370	Long-tailed weasel	Carnivora	0.44	150.6		8.93	8.8	no age record available	no age record available	no age record available	no age record available	8.8	0.98		
869	Theria,Eutheria,Boreoeutheria,Laurasiatheria,Carnivora,Caniformia,Musteloidea,Mustelidae,Mustelinae,Mustela,Mustela nivalis	Mustela nivalis		36239	Least weasel	Carnivora	0.33	46.9		7.19	9.1	no age record available	no age record available	no age record available	no age record available	9.1	1.27		
870	Theria,Eutheria,Boreoeutheria,Laurasiatheria,Carnivora,Caniformia,Pinnipedia,Otariidae,Arctocephalus,Arctocephalus australis	Arctocephalus australis		161928	South American fur seal	Carnivora	3.0	110000.0		30.46	30.6	no age record available	no age record available	no age record available	no age record available	30.6	1.0		
871	Theria,Eutheria,Boreoeutheria,Laurasiatheria,Carnivora,Caniformia,Pinnipedia,Otariidae,Neophoca,Neophoca cinerea	Neophoca cinerea		161930	Australian sea lion	Carnivora	3.0	190000.0		33.72	24.1	no age record available	no age record available	no age record available	no age record available	24.1	0.71		
872	Theria,Eutheria,Boreoeutheria,Laurasiatheria,Carnivora,Caniformia,Musteloidea,Procyonidae,Bassaricyon,Bassaricyon alleni	Bassaricyon alleni		392506	Allen's olingo	Carnivora	1.78	1235.0		13.21	25.2	no age record available	no age record available	no age record available	no age record available	25.2	1.91		
873	Theria,Eutheria,Boreoeutheria,Laurasiatheria,Carnivora,Caniformia,Musteloidea,Procyonidae,Nasua,Nasua narica	Nasua narica		352831	White-nosed coati	Carnivora	1.95	3750.0		16.25	26.4	no age record available	no age record available	no age record available	no age record available	26.4	1.62		
874	Theria,Eutheria,Boreoeutheria,Laurasiatheria,Carnivora,Feliformia,Viverridae,Viverrinae,Genetta,Genetta maculata	Genetta maculata		205595	Panther genet	Carnivora	4.02	2225.0	Age at female sexual maturity filled using lineage; 	14.74	20.0	no age record available	no age record available	no age record available	no age record available	20.0	1.36		
875	Theria,Eutheria,Boreoeutheria,Laurasiatheria,Artiodactyla,Whippomorpha,Cetacea,Mysticeti,Balaenidae,Eubalaena,Eubalaena australis	Eubalaena australis		160595	Southern right whale	Artiodactyla	8.99	45000000.0	Curated max observed in Malddaba_life_table, determined from living animals, modeled from existing data, or determined from live individuals using methylation clock, likely underestimation;	93.22	131.8	no age record available	no age record available	no age record available	no age record available	131.8	1.41		
876	Theria,Eutheria,Boreoeutheria,Laurasiatheria,Artiodactyla,Whippomorpha,Cetacea,Mysticeti,Balaenidae,Eubalaena,Eubalaena glacialis	Eubalaena glacialis		27606	North atlantic right whale	Artiodactyla	7.99	23000000.0		82.28	67.0	no age record available	no age record available	no age record available	no age record available	67.0	0.81		
877	Theria,Eutheria,Boreoeutheria,Laurasiatheria,Artiodactyla,Whippomorpha,Cetacea,Odontoceti,Delphinidae,Cephalorhynchus,Cephalorhynchus hectori	Cephalorhynchus hectori		37035	Hector's dolphin	Artiodactyla	7.75	56000.0		26.86	20.0	no age record available	no age record available	no age record available	no age record available	20.0	0.74		
878	Theria,Eutheria,Boreoeutheria,Laurasiatheria,Artiodactyla,Whippomorpha,Cetacea,Odontoceti,Delphinidae,Orcaella,Orcaella brevirostris	Orcaella brevirostris		48747	Irrawaddy dolphin	Artiodactyla	5.0	190000.0		33.72	30.0	no age record available	no age record available	no age record available	no age record available	30.0	0.89		
879	Theria,Eutheria,Boreoeutheria,Laurasiatheria,Artiodactyla,Whippomorpha,Cetacea,Odontoceti,Delphinidae,Sotalia,Sotalia fluviatilis	Sotalia fluviatilis		103598	Tucuxi, or River dolphin	Artiodactyla	6.0	46666.7		25.97	30.0	no age record available	no age record available	no age record available	no age record available	30.0	1.16		
880	Theria,Eutheria,Boreoeutheria,Laurasiatheria,Artiodactyla,Whippomorpha,Cetacea,Odontoceti,Ziphiidae,Mesoplodon,Mesoplodon europaeus	Mesoplodon europaeus		27616	Gervais's beaked whale	Artiodactyla	9.0	5600000.0	Age at female sexual maturity filled using lineage; 	63.26	48.0	no age record available	no age record available	no age record available	no age record available	48.0	0.76		
881	Theria,Eutheria,Boreoeutheria,Laurasiatheria,Artiodactyla,Whippomorpha,Cetacea,Odontoceti,Lipotidae,Lipotes,Lipotes vexillifer	Lipotes vexillifer		118797	Yangzte river dolphin, or Baiji	Artiodactyla	7.99	83500.0		28.94	24.0	no age record available	no age record available	no age record available	no age record available	24.0	0.83		
882	Theria,Eutheria,Boreoeutheria,Laurasiatheria,Chiroptera,Yangochiroptera,Emballonuridae,Emballonurinae,Saccopteryx,Saccopteryx bilineata	Saccopteryx bilineata	Available	59482	Greater sac-winged bat	Chiroptera	1.0	7.9	Curated max observed in Malddaba_life_table, determined from living animals, modeled from existing data, or determined from live individuals using methylation clock, likely underestimation;	5.16	12.0	6.0	7.05	7.85	9.09	9.63	1.87		
883	Theria,Eutheria,Boreoeutheria,Laurasiatheria,Chiroptera,Yangochiroptera,Emballonuridae,Taphozoinae,Taphozous,Taphozous georgianus	Taphozous georgianus		13281	Sharp-nosed tomb bat	Chiroptera	0.76	24.43		6.37	4.0	no age record available	no age record available	no age record available	no age record available	4.0	0.63		
884	Theria,Eutheria,Boreoeutheria,Laurasiatheria,Chiroptera,Yangochiroptera,Emballonuridae,Taphozoinae,Taphozous,Taphozous hilli	Taphozous hilli		446906	Hill's tomb bat	Chiroptera	0.76	21.99	Age at female sexual maturity filled using lineage; 	6.25	8.8	no age record available	no age record available	no age record available	no age record available	8.8	1.41		
885	Theria,Eutheria,Boreoeutheria,Laurasiatheria,Chiroptera,Yinpterochiroptera,Rhinolophoidea,Megadermatidae,Macroderma,Macroderma gigas	Macroderma gigas		9411	Australian false vampire bat	Chiroptera	1.0	150.0		8.93	22.6	no age record available	no age record available	no age record available	no age record available	22.6	2.53		
886	Theria,Eutheria,Boreoeutheria,Laurasiatheria,Chiroptera,Yinpterochiroptera,Rhinolophoidea,Megadermatidae,Lyroderma,Lyroderma lyra	Lyroderma lyra		3371112	Greater false vampire bat	Chiroptera	1.48	38.6		6.94	14.0	no age record available	no age record available	no age record available	no age record available	14.0	2.02		
887	Theria,Eutheria,Boreoeutheria,Laurasiatheria,Chiroptera,Yangochiroptera,Molossidae,Molossus,Molossus molossus	Molossus molossus		27622	Pallas's mastiff bat	Chiroptera	0.28	14.0	Curated max observed in Malddaba_life_table, determined from living animals, modeled from existing data, or determined from live individuals using methylation clock, likely underestimation;	5.74	13.0	no age record available	no age record available	no age record available	no age record available	13.0	2.26		
888	Theria,Eutheria,Boreoeutheria,Laurasiatheria,Chiroptera,Yangochiroptera,Molossidae,Tadarida,Tadarida teniotis	Tadarida teniotis		59483	European free-tailed bat	Chiroptera	1.0	35.0		6.81	13.0	no age record available	no age record available	no age record available	no age record available	13.0	1.91		
889	Theria,Eutheria,Boreoeutheria,Laurasiatheria,Chiroptera,Yangochiroptera,Mystacinidae,Mystacina,Mystacina tuberculata	Mystacina tuberculata		94961	New Zealand lesser short-tailed bat	Chiroptera	0.96	23.5	Age at female sexual maturity filled using lineage; 	6.32	7.6	no age record available	no age record available	no age record available	no age record available	7.6	1.2		
890	Theria,Eutheria,Boreoeutheria,Laurasiatheria,Chiroptera,Yangochiroptera,Phyllostomidae,Desmodontinae,Diphylla,Diphylla ecaudata	Diphylla ecaudata		148089	Hairy-legged vampire bat	Chiroptera	0.78	28.0	Age at female sexual maturity filled using lineage; 	6.53	8.0	no age record available	no age record available	no age record available	no age record available	8.0	1.22		
891	Theria,Eutheria,Boreoeutheria,Laurasiatheria,Chiroptera,Yangochiroptera,Phyllostomidae,Glossophaginae,Leptonycteris,Leptonycteris curasoae	Leptonycteris curasoae		55054	Southern long-nosed bat	Chiroptera	0.84	25.0	Age at female sexual maturity filled using lineage; 	6.4	10.1	no age record available	no age record available	no age record available	no age record available	10.1	1.58		
892	Theria,Eutheria,Boreoeutheria,Laurasiatheria,Chiroptera,Yangochiroptera,Phyllostomidae,Phyllostominae,Macrotus,Macrotus waterhousii	Macrotus waterhousii		124750	Waterhouse's leaf-nosed bat	Chiroptera	0.25	16.0		5.89	10.42	no age record available	no age record available	no age record available	no age record available	10.42	1.77		
893	Theria,Eutheria,Boreoeutheria,Laurasiatheria,Chiroptera,Yangochiroptera,Phyllostomidae,Phyllostominae,Phyllostomus,Phyllostomus discolor	Phyllostomus discolor	Available	89673	Pale spear-nosed bat	Chiroptera	1.1	43.4	Curated max observed in Malddaba_life_table, determined from living animals, modeled from existing data, or determined from live individuals using methylation clock, likely underestimation;	7.09	18.66	14.91	15.62	15.77	16.36	18.66	2.63	17.21	16.71
894	Theria,Eutheria,Boreoeutheria,Laurasiatheria,Chiroptera,Yangochiroptera,Phyllostomidae,Phyllostominae,Phyllostomus,Phyllostomus hastatus	Phyllostomus hastatus	Available	9423	Greater spear-nosed bat	Chiroptera	2.0	81.0	Curated max observed in Malddaba_life_table, determined from living animals, modeled from existing data, or determined from live individuals using methylation clock, likely underestimation;	7.96	23.0	12.64	15.54	15.78	17.73	18.17	2.28		
895	Theria,Eutheria,Boreoeutheria,Laurasiatheria,Chiroptera,Yangochiroptera,Phyllostomidae,Stenodermatinae,Sturnira,Sturnira lilium	Sturnira lilium		27660	Little yellow-shouldered bat	Chiroptera	0.79	20.0		6.14	12.0	no age record available	no age record available	no age record available	no age record available	12.0	1.96		
896	Theria,Eutheria,Boreoeutheria,Laurasiatheria,Chiroptera,Yinpterochiroptera,Pteropodoidea,Pteropodidae,Cynopterinae,Cynopterus,Cynopterus brachyotis	Cynopterus brachyotis		58060	Lesser short-nosed fruit bat	Chiroptera	0.58	45.0		7.14	10.1	no age record available	no age record available	no age record available	no age record available	10.1	1.42		
897	Theria,Eutheria,Boreoeutheria,Laurasiatheria,Chiroptera,Yinpterochiroptera,Pteropodoidea,Pteropodidae,Cynopterinae,Cynopterus,Cynopterus sphinx	Cynopterus sphinx		9400	Greater short-nosed fruit bat	Chiroptera	0.41	75.0		7.85	10.0	no age record available	no age record available	no age record available	no age record available	10.0	1.27		
898	Theria,Eutheria,Boreoeutheria,Laurasiatheria,Chiroptera,Yinpterochiroptera,Pteropodoidea,Pteropodidae,Pteropodinae,Dobsonia,Dobsonia moluccensis	Dobsonia moluccensis		42147	Moluccan naked-backed fruit bat	Chiroptera	1.96	430.0		10.86	12.3	no age record available	no age record available	no age record available	no age record available	12.3	1.13		
899	Theria,Eutheria,Boreoeutheria,Laurasiatheria,Chiroptera,Yinpterochiroptera,Pteropodoidea,Pteropodidae,Epomophorinae,Epomophorini,Epomophorus,Epomophorus gambianus	Epomophorus gambianus		372077	Gambian epauletted fruit bat	Chiroptera	0.67	80.0	Age at female sexual maturity filled using lineage; 	7.94	7.8	no age record available	no age record available	no age record available	no age record available	7.8	0.98		
900	Theria,Eutheria,Boreoeutheria,Laurasiatheria,Chiroptera,Yinpterochiroptera,Pteropodoidea,Pteropodidae,Epomophorinae,Epomophorini,Epomophorus,Epomophorus wahlbergi	Epomophorus wahlbergi		58067	Wahlberg's epauletted fruit bat	Chiroptera	0.67	80.0		7.94	10.1	no age record available	no age record available	no age record available	no age record available	10.1	1.27		
901	Theria,Eutheria,Boreoeutheria,Laurasiatheria,Chiroptera,Yinpterochiroptera,Pteropodoidea,Pteropodidae,Cynopterinae,Haplonycteris,Haplonycteris fischeri	Haplonycteris fischeri		301158	Philippine pygmy fruit bat	Chiroptera	0.33	18.0		6.02	10.0	no age record available	no age record available	no age record available	no age record available	10.0	1.66		
902	Theria,Eutheria,Boreoeutheria,Laurasiatheria,Chiroptera,Yinpterochiroptera,Pteropodoidea,Pteropodidae,Pteropodinae,Pteropus,Pteropus alecto	Pteropus alecto		9402	Black flying fox	Chiroptera	1.53	672.1		11.8	20.3	no age record available	no age record available	no age record available	no age record available	20.3	1.72		
903	Theria,Eutheria,Boreoeutheria,Laurasiatheria,Chiroptera,Yinpterochiroptera,Pteropodoidea,Pteropodidae,Pteropodinae,Pteropus,Pteropus dasymallus	Pteropus dasymallus		126282	Ryukyu flying fox	Chiroptera	1.55	435.0	Age at female sexual maturity filled using lineage; 	10.88	31.0	no age record available	no age record available	no age record available	no age record available	31.0	2.85		
904	Theria,Eutheria,Boreoeutheria,Laurasiatheria,Chiroptera,Yinpterochiroptera,Pteropodoidea,Pteropodidae,Pteropodinae,Pteropus,Pteropus hypomelanus	Pteropus hypomelanus		9405	Variable flying fox	Chiroptera	1.03	450.0		10.95	20.3	no age record available	no age record available	no age record available	no age record available	20.3	1.85		
905	Theria,Eutheria,Boreoeutheria,Laurasiatheria,Chiroptera,Yinpterochiroptera,Pteropodoidea,Pteropodidae,Pteropodinae,Pteropus,Pteropus livingstonii	Pteropus livingstonii		589508	Comoro black flying fox	Chiroptera	1.55	696.5	Age at female sexual maturity filled using lineage; 	11.88	15.0	no age record available	no age record available	no age record available	no age record available	15.0	1.26		
906	Theria,Eutheria,Boreoeutheria,Laurasiatheria,Chiroptera,Yinpterochiroptera,Pteropodoidea,Pteropodidae,Pteropodinae,Pteropus,Pteropus lylei	Pteropus lylei		166054	Lyle's flying fox	Chiroptera	1.55	316.7	Age at female sexual maturity filled using lineage; 	10.26	20.4	no age record available	no age record available	no age record available	no age record available	20.4	1.99		
907	Theria,Eutheria,Boreoeutheria,Laurasiatheria,Chiroptera,Yinpterochiroptera,Pteropodoidea,Pteropodidae,Pteropodinae,Pteropus,Pteropus niger	Pteropus niger		170225	Greater mascarene flying fox	Chiroptera	1.55	456.3	Age at female sexual maturity filled using lineage; 	10.98	19.4	no age record available	no age record available	no age record available	no age record available	19.4	1.77		
908	Theria,Eutheria,Boreoeutheria,Laurasiatheria,Chiroptera,Yinpterochiroptera,Pteropodoidea,Pteropodidae,Pteropodinae,Pteropus,Pteropus poliocephalus	Pteropus poliocephalus		9403	Gray-headed flying fox	Chiroptera	1.48	675.0		11.81	23.6	no age record available	no age record available	no age record available	no age record available	23.6	2.0		
909	Theria,Eutheria,Boreoeutheria,Laurasiatheria,Chiroptera,Yinpterochiroptera,Pteropodoidea,Pteropodidae,Pteropodinae,Pteropus,Pteropus pselaphon	Pteropus pselaphon		1496133	Bonin flying fox	Chiroptera	1.51	321.49		10.29	16.7	no age record available	no age record available	no age record available	no age record available	16.7	1.62		
910	Theria,Eutheria,Boreoeutheria,Laurasiatheria,Chiroptera,Yinpterochiroptera,Pteropodoidea,Pteropodidae,Pteropodinae,Pteropus,Pteropus pumilus	Pteropus pumilus		161598	Little golden-mantled flying fox	Chiroptera	1.55	200.0	Age at female sexual maturity filled using lineage; 	9.42	17.2	no age record available	no age record available	no age record available	no age record available	17.2	1.83		
911	Theria,Eutheria,Boreoeutheria,Laurasiatheria,Chiroptera,Yinpterochiroptera,Pteropodoidea,Pteropodidae,Pteropodinae,Pteropus,Pteropus rodricensis	Pteropus rodricensis		77216	Rodriguez flying fox	Chiroptera	2.07	350.0		10.45	30.0	no age record available	no age record available	no age record available	no age record available	30.0	2.87		
912	Theria,Eutheria,Boreoeutheria,Laurasiatheria,Chiroptera,Yinpterochiroptera,Pteropodoidea,Pteropodidae,Pteropodinae,Pteropus,Pteropus scapulatus	Pteropus scapulatus		94117	Little red flying fox	Chiroptera	1.48	300.0		10.16	15.8	no age record available	no age record available	no age record available	no age record available	15.8	1.56		
913	Theria,Eutheria,Boreoeutheria,Laurasiatheria,Chiroptera,Yinpterochiroptera,Pteropodoidea,Pteropodidae,Epomophorinae,Stenonycterini,Stenonycteris,Stenonycteris lanosa	Stenonycteris lanosa		3370833	Long-haired rousette	Chiroptera	0.58	103.0	Age at female sexual maturity filled using lineage; 	8.33	18.7	no age record available	no age record available	no age record available	no age record available	18.7	2.25		
914	Theria,Eutheria,Boreoeutheria,Laurasiatheria,Chiroptera,Yinpterochiroptera,Pteropodoidea,Pteropodidae,Rousettinae,Rousettus,Rousettus leschenaultii	Rousettus leschenaultii		9408	Leschenault's rousette	Chiroptera	0.41	108.25		8.4	14.0	no age record available	no age record available	no age record available	no age record available	14.0	1.67		
915	Theria,Eutheria,Boreoeutheria,Laurasiatheria,Chiroptera,Yinpterochiroptera,Rhinolophoidea,Rhinolophidae,Rhinolophinae,Rhinolophus,Rhinolophus euryale	Rhinolophus euryale		109476	Mediterranean horseshoe bat	Chiroptera	2.25	8.2		5.2	13.0	no age record available	no age record available	no age record available	no age record available	13.0	2.5		
916	Theria,Eutheria,Boreoeutheria,Laurasiatheria,Chiroptera,Yinpterochiroptera,Rhinolophoidea,Rhinolophidae,Rhinolophinae,Rhinolophus,Rhinolophus megaphyllus	Rhinolophus megaphyllus		76836	Smaller horseshoe bat	Chiroptera	2.0	9.8		5.37	7.5	no age record available	no age record available	no age record available	no age record available	7.5	1.4		
917	Theria,Eutheria,Boreoeutheria,Laurasiatheria,Chiroptera,Yangochiroptera,Vespertilionidae,Chalinolobus,Chalinolobus gouldii	Chalinolobus gouldii		258889	Gould's wattled bat	Chiroptera	1.0	15.87		5.88	7.8	no age record available	no age record available	no age record available	no age record available	7.8	1.33		
918	Theria,Eutheria,Boreoeutheria,Laurasiatheria,Chiroptera,Yangochiroptera,Vespertilionidae,Chalinolobus,Chalinolobus morio	Chalinolobus morio		50353	Chocolate wattled bat	Chiroptera	1.0	8.91	Age at female sexual maturity filled using lineage; 	5.28	9.6	no age record available	no age record available	no age record available	no age record available	9.6	1.82		
919	Theria,Eutheria,Boreoeutheria,Laurasiatheria,Chiroptera,Yangochiroptera,Vespertilionidae,Cnephaeus,Cnephaeus nilssonii	Cnephaeus nilssonii		3371016	Northern bat	Chiroptera	0.96	13.0	Age at female sexual maturity filled using lineage; 	5.66	20.0	no age record available	no age record available	no age record available	no age record available	20.0	3.53		
920	Theria,Eutheria,Boreoeutheria,Laurasiatheria,Chiroptera,Yangochiroptera,Vespertilionidae,Falsistrellus,Falsistrellus tasmaniensis	Falsistrellus tasmaniensis		2491054	Eastern false pipistrelle	Chiroptera	0.96	22.54	Age at female sexual maturity filled using lineage; 	6.28	6.0	no age record available	no age record available	no age record available	no age record available	6.0	0.96		
921	Theria,Eutheria,Boreoeutheria,Laurasiatheria,Chiroptera,Yangochiroptera,Vespertilionidae,Myotis,Myotis adversus	Myotis adversus		59461	Large-footed myotis	Chiroptera	0.63	10.41		5.44	8.0	no age record available	no age record available	no age record available	no age record available	8.0	1.47		
922	Theria,Eutheria,Boreoeutheria,Laurasiatheria,Chiroptera,Yangochiroptera,Vespertilionidae,Myotis,Myotis blythii	Myotis blythii		109482	Lesser mouse-eared bat	Chiroptera	1.15	23.0		6.3	33.0	no age record available	no age record available	no age record available	no age record available	33.0	5.24		
923	Theria,Eutheria,Boreoeutheria,Laurasiatheria,Chiroptera,Yangochiroptera,Vespertilionidae,Myotis,Myotis brandtii	Myotis brandtii		109478	Brandt's bat	Chiroptera	1.05	7.0		5.05	41.0	no age record available	no age record available	no age record available	no age record available	41.0	8.12		
924	Theria,Eutheria,Boreoeutheria,Laurasiatheria,Chiroptera,Yangochiroptera,Vespertilionidae,Myotis,Myotis keenii	Myotis keenii		257881	Keen's myotis	Chiroptera	1.0	7.4		5.1	19.0	no age record available	no age record available	no age record available	no age record available	19.0	3.72		
925	Theria,Eutheria,Boreoeutheria,Laurasiatheria,Chiroptera,Yangochiroptera,Vespertilionidae,Myotis,Myotis leibii	Myotis leibii		27668	Eastern small-footed myotis	Chiroptera	0.98	5.6	Age at female sexual maturity filled using lineage; 	4.84	12.0	no age record available	no age record available	no age record available	no age record available	12.0	2.48		
926	Theria,Eutheria,Boreoeutheria,Laurasiatheria,Chiroptera,Yangochiroptera,Vespertilionidae,Myotis,Myotis velifer	Myotis velifer		9435	Cave myotis	Chiroptera	1.0	10.1		5.41	11.33	no age record available	no age record available	no age record available	no age record available	11.33	2.1		
927	Theria,Eutheria,Boreoeutheria,Laurasiatheria,Chiroptera,Yangochiroptera,Vespertilionidae,Myotis,Myotis yumanensis	Myotis yumanensis		159337	Yuma myotis	Chiroptera	1.0	6.25		4.94	14.0	no q90 record available	no q95 record available	no e90 record available	no e95 record available	14.0	2.83	1.0	
928	Theria,Eutheria,Boreoeutheria,Laurasiatheria,Chiroptera,Yangochiroptera,Vespertilionidae,Nyctalus,Nyctalus leisleri	Nyctalus leisleri		59465	Lesser noctule	Chiroptera	0.25	16.0	Age at female sexual maturity filled using lineage; 	5.89	16.0	no age record available	no age record available	no age record available	no age record available	16.0	2.72		
929	Theria,Eutheria,Boreoeutheria,Laurasiatheria,Chiroptera,Yangochiroptera,Vespertilionidae,Nyctophilus,Nyctophilus geoffroyi	Nyctophilus geoffroyi		258945	Lesser long-eared bat	Chiroptera	0.9	8.0	Age at female sexual maturity filled using lineage; 	5.18	7.3	no age record available	no age record available	no age record available	no age record available	7.3	1.41		
930	Theria,Eutheria,Boreoeutheria,Laurasiatheria,Chiroptera,Yangochiroptera,Vespertilionidae,Nyctophilus,Nyctophilus gouldi	Nyctophilus gouldi		59471	Gould's long-eared bat	Chiroptera	0.9	11.32		5.52	4.0	no age record available	no age record available	no age record available	no age record available	4.0	0.72		
931	Theria,Eutheria,Boreoeutheria,Laurasiatheria,Chiroptera,Yangochiroptera,Vespertilionidae,Pipistrellus,Pipistrellus kuhlii	Pipistrellus kuhlii		59472	Kuhl's pipistrelle	Chiroptera	0.99	6.0		4.91	8.0	no q90 record available	no q95 record available	no e90 record available	no e95 record available	8.0	1.63		1.84
932	Theria,Eutheria,Boreoeutheria,Laurasiatheria,Chiroptera,Yangochiroptera,Vespertilionidae,Pipistrellus,Pipistrellus nathusii	Pipistrellus nathusii		59473	Nathusius's pipistrelle	Chiroptera	0.25	10.0		5.4	11.0	no age record available	no age record available	no age record available	no age record available	11.0	2.04		
933	Theria,Eutheria,Boreoeutheria,Laurasiatheria,Chiroptera,Yangochiroptera,Vespertilionidae,Vespadelus,Vespadelus darlingtoni	Vespadelus darlingtoni		2720888	Large forest bat	Chiroptera	1.15	6.06	Age at female sexual maturity filled using lineage; 	4.92	8.0	no age record available	no age record available	no age record available	no age record available	8.0	1.63		
934	Theria,Eutheria,Boreoeutheria,Laurasiatheria,Chiroptera,Yangochiroptera,Vespertilionidae,Vespadelus,Vespadelus pumilus	Vespadelus pumilus		2720890	Eastern forest bat	Chiroptera	1.15	5.4		4.81	5.0	no age record available	no age record available	no age record available	no age record available	5.0	1.04		
935	Theria,Eutheria,Boreoeutheria,Laurasiatheria,Chiroptera,Yangochiroptera,Vespertilionidae,Vespadelus,Vespadelus regulus	Vespadelus regulus		138978	Southern forest bat	Chiroptera	1.15	5.05	Age at female sexual maturity filled using lineage; 	4.75	8.0	no age record available	no age record available	no age record available	no age record available	8.0	1.68		
936	Theria,Eutheria,Boreoeutheria,Laurasiatheria,Chiroptera,Yangochiroptera,Vespertilionidae,Vespadelus,Vespadelus vulturnus	Vespadelus vulturnus		258942	Little forest bat	Chiroptera	1.15	3.77	Age at female sexual maturity filled using lineage; 	4.5	9.1	no age record available	no age record available	no age record available	no age record available	9.1	2.02		
937	Theria,Eutheria,Boreoeutheria,Laurasiatheria,Chiroptera,Yangochiroptera,Vespertilionidae,Vespertilio,Vespertilio murinus	Vespertilio murinus		59485	Particolored bat	Chiroptera	2.0	18.7		6.06	14.5	no age record available	no age record available	no age record available	no age record available	14.5	2.39		
938	Theria,Eutheria,Xenarthra,Cingulata,Chlamyphoridae,Chaetophractus,Chaetophractus vellerosus	Chaetophractus vellerosus		340076	Screaming hairy armadillo	Cingulata	1.5	840.0		12.3	16.2	no age record available	no age record available	no age record available	no age record available	16.2	1.32		
939	Theria,Eutheria,Xenarthra,Cingulata,Dasypodidae,Dasypus,Dasypus septemcinctus	Dasypus septemcinctus		1700840	Seven-banded armadillo	Cingulata	0.75	1475.0		13.66	16.8	no age record available	no age record available	no age record available	no age record available	16.8	1.23		
940	Theria,Eutheria,Xenarthra,Cingulata,Chlamyphoridae,Tolypeutes,Tolypeutes matacus	Tolypeutes matacus		183749	Southern three-banded armadillo	Cingulata	0.88	1500.0		13.7	36.8	no age record available	no age record available	no age record available	no age record available	36.8	2.69		
941	Theria,Metatheria,Dasyuromorphia,Dasyuridae,Antechinus,Antechinus agilis	Antechinus agilis		400481	Agile antechinus	Dasyuromorphia	0.9	18.0		6.02	4.7	no age record available	no age record available	no age record available	no age record available	4.7	0.78		
942	Theria,Metatheria,Dasyuromorphia,Dasyuridae,Antechinus,Antechinus bellus	Antechinus bellus		71384	Fawn antechinus	Dasyuromorphia	0.96	34.0		6.77	3.4	no age record available	no age record available	no age record available	no age record available	3.4	0.5		
943	Theria,Metatheria,Dasyuromorphia,Dasyuridae,Antechinus,Antechinus swainsonii	Antechinus swainsonii		9284	Dusky antechinus	Dasyuromorphia	0.9	41.0		7.01	3.3	no age record available	no age record available	no age record available	no age record available	3.3	0.47		
944	Theria,Metatheria,Dasyuromorphia,Dasyuridae,Dasyurus,Dasyurus hallucatus	Dasyurus hallucatus		9280	Northern quoll	Dasyuromorphia	0.86	525.0		11.27	5.9	no age record available	no age record available	no age record available	no age record available	5.9	0.52		
945	Theria,Metatheria,Dasyuromorphia,Dasyuridae,Phascogale,Phascogale calura	Phascogale calura		38776	Red-tailed phascogale	Dasyuromorphia	0.9	43.0		7.08	4.7	no age record available	no age record available	no age record available	no age record available	4.7	0.66		
946	Theria,Metatheria,Dasyuromorphia,Dasyuridae,Planigale,Planigale maculata	Planigale maculata		9297	Pygmy planigale	Dasyuromorphia	0.79	10.0		5.4	5.8	no age record available	no age record available	no age record available	no age record available	5.8	1.08		
947	Theria,Metatheria,Dasyuromorphia,Dasyuridae,Planigale,Planigale tenuirostris	Planigale tenuirostris		32557	Narrow-nosed planigale	Dasyuromorphia	0.66	5.3		4.79	5.2	no age record available	no age record available	no age record available	no age record available	5.2	1.08		
948	Theria,Metatheria,Dasyuromorphia,Dasyuridae,Pseudantechinus,Pseudantechinus macdonnellensis	Pseudantechinus macdonnellensis		9299	Fat-tailed marsupial mouse	Dasyuromorphia	0.96	32.5		6.72	7.0	no age record available	no age record available	no age record available	no age record available	7.0	1.04		
949	Theria,Metatheria,Dasyuromorphia,Dasyuridae,Pseudantechinus,Pseudantechinus woolleyae	Pseudantechinus woolleyae		32559	Woolley's pseudantechinus	Dasyuromorphia	0.82	38.0		6.92	4.0	no age record available	no age record available	no age record available	no age record available	4.0	0.58		
950	Theria,Metatheria,Dasyuromorphia,Dasyuridae,Sminthopsis,Sminthopsis crassicaudata	Sminthopsis crassicaudata		9301	Fat-tailed dunnart	Dasyuromorphia	0.31	15.0		5.82	5.0	no age record available	no age record available	no age record available	no age record available	5.0	0.86		
951	Theria,Metatheria,Dasyuromorphia,Dasyuridae,Sminthopsis,Sminthopsis dolichura	Sminthopsis dolichura		75754	Little long-tailed dunnart	Dasyuromorphia	0.7	12.4		5.62	3.17	no age record available	no age record available	no age record available	no age record available	3.17	0.56		
952	Theria,Metatheria,Dasyuromorphia,Dasyuridae,Sminthopsis,Sminthopsis fuliginosa	Sminthopsis griseoventer		75756	Gray-bellied dunnart	Dasyuromorphia	1.0	17.5		5.99	3.6	no age record available	no age record available	no age record available	no age record available	3.6	0.6		
953	Theria,Metatheria,Dasyuromorphia,Dasyuridae,Sminthopsis,Sminthopsis virginiae	Sminthopsis virginiae		90767	Red-cheeked dunnart	Dasyuromorphia	0.63	34.0		6.77	5.3	no age record available	no age record available	no age record available	no age record available	5.3	0.78		
954	Theria,Metatheria,Dasyuromorphia,Dasyuridae,Sminthopsis,Sminthopsis youngsoni	Sminthopsis youngsoni		90770	Lesser hairy-footed dunnart	Dasyuromorphia	0.61	10.0	Age at female sexual maturity filled using lineage; 	5.4	5.3	no age record available	no age record available	no age record available	no age record available	5.3	0.98		
955	Theria,Eutheria,Boreoeutheria,Euarchontoglires,Dermoptera,Cynocephalidae,Cynocephalus,Cynocephalus volans	Cynocephalus volans		110931	Philippine flying lemur	Dermoptera	1.78	1300.0		13.34	17.5	no age record available	no age record available	no age record available	no age record available	17.5	1.31		
956	Theria,Metatheria,Didelphimorphia,Didelphidae,Caluromyinae,Caluromys,Caluromys derbianus	Caluromys derbianus		992409	Central American woolly opossum	Didelphimorphia	0.66	330.0		10.34	8.7	no age record available	no age record available	no age record available	no age record available	8.7	0.84		
957	Theria,Metatheria,Didelphimorphia,Didelphidae,Didelphinae,Didelphis,Didelphis aurita	Didelphis aurita		85694	Big-eared opossum	Didelphimorphia	0.47	850.0		12.33	4.0	no age record available	no age record available	no age record available	no age record available	4.0	0.32		
958	Theria,Metatheria,Didelphimorphia,Didelphidae,Didelphinae,Didelphis,Didelphis marsupialis	Didelphis marsupialis		9268	Southern opossum	Didelphimorphia	0.49	1530.0		13.75	4.2	no age record available	no age record available	no age record available	no age record available	4.2	0.31		
959	Theria,Metatheria,Didelphimorphia,Didelphidae,Didelphinae,Didelphis,Didelphis virginiana	Didelphis virginiana		9267	Virginia opossum	Didelphimorphia	0.5	3000.0		15.59	6.6	no age record available	no age record available	no age record available	no age record available	6.6	0.42		
960	Theria,Metatheria,Didelphimorphia,Didelphidae,Didelphinae,Gracilinanus,Gracilinanus agilis	Gracilinanus agilis		191870	Agile gracile opossum, or Paraguayan slender mouse opossum	Didelphimorphia	0.74	22.0		6.25	6.1	no age record available	no age record available	no age record available	no age record available	6.1	0.98		
961	Theria,Metatheria,Didelphimorphia,Didelphidae,Didelphinae,Marmosa,Marmosa,Marmosa murina	Marmosa murina		126295	Murine mouse opossum	Didelphimorphia	1.11	26.0		6.44	3.6	no age record available	no age record available	no age record available	no age record available	3.6	0.56		
962	Theria,Metatheria,Didelphimorphia,Didelphidae,Didelphinae,Marmosa,Exulomarmosa,Marmosa robinsoni	Marmosa robinsoni		91496	Robinson's mouse opossum	Didelphimorphia	0.76	75.0		7.85	5.0	no age record available	no age record available	no age record available	no age record available	5.0	0.64		
963	Theria,Metatheria,Didelphimorphia,Didelphidae,Didelphinae,Marmosops,Marmosops noctivagus	Marmosops noctivagus		126296	White-bellied slender opossum, or Rio Napo mouse opossum	Didelphimorphia	0.73	21.0	Age at female sexual maturity filled using lineage; 	6.19	4.5	no age record available	no age record available	no age record available	no age record available	4.5	0.73		
964	Theria,Metatheria,Didelphimorphia,Didelphidae,Didelphinae,Monodelphis,Monodelphis adusta	Monodelphis adusta		42726	Sepia short-tailed opossum	Didelphimorphia	0.41	35.0	Age at female sexual maturity filled using lineage; 	6.81	4.1	no age record available	no age record available	no age record available	no age record available	4.1	0.6		
965	Theria,Metatheria,Didelphimorphia,Didelphidae,Didelphinae,Monodelphis,Monodelphis brevicaudata	Monodelphis brevicaudata		203680	Northern red-sided opossum, or Short bare-tailed opossum	Didelphimorphia	0.49	90.0		8.12	3.9	no age record available	no age record available	no age record available	no age record available	3.9	0.48		
966	Theria,Metatheria,Diprotodontia,Acrobatidae,Distoechurus,Distoechurus pennatus	Distoechurus pennatus		38614	Feather-tailed possum	Diprotodontia	0.66	51.5	Age at female sexual maturity filled using lineage; Curated max low relative to order, likely underestimation;	7.32	2.0	no age record available	no age record available	no age record available	no age record available	2.0	0.27		
967	Theria,Metatheria,Diprotodontia,Burramyidae,Cercartetus,Cercartetus caudatus	Cercartetus caudatus		38602	Long-tailed pygmy possum	Diprotodontia	1.26	30.0	Curated max low relative to order, likely underestimation;	6.62	3.2	no age record available	no age record available	no age record available	no age record available	3.2	0.48		
968	Theria,Metatheria,Diprotodontia,Macropodidae,Dendrolagus,Dendrolagus bennettianus	Dendrolagus bennettianus		168239	Bennett's tree kangaroo	Diprotodontia	2.06	9300.0	Age at female sexual maturity filled using lineage; 	19.24	20.0	no age record available	no age record available	no age record available	no age record available	20.0	1.04		
969	Theria,Metatheria,Diprotodontia,Macropodidae,Dorcopsis,Dorcopsis luctuosa	Dorcopsis luctuosa		3369948	Gray dorcopsis	Diprotodontia	1.23	3570.0		16.1	13.9	no age record available	no age record available	no age record available	no age record available	13.9	0.86		
970	Theria,Metatheria,Diprotodontia,Macropodidae,Dorcopsis,Dorcopsis muelleri	Dorcopsis muelleri		3369949	Brown dorcopsis	Diprotodontia	1.32	5000.0		17.14	12.4	no age record available	no age record available	no age record available	no age record available	12.4	0.72		
971	Theria,Metatheria,Diprotodontia,Macropodidae,Dorcopsulus,Dorcopsulus macleayi	Dorcopsulus macleayi		3369950	Macleay's dorcopsis, or Papuan mountain wallaby	Diprotodontia	2.0	2988.0		15.57	7.9	no age record available	no age record available	no age record available	no age record available	7.9	0.51		
972	Theria,Metatheria,Diprotodontia,Macropodidae,Lagorchestes,Lagorchestes conspicillatus	Lagorchestes conspicillatus		65624	Spectacled hare-wallaby	Diprotodontia	0.99	3000.0		15.59	8.8	no age record available	no age record available	no age record available	no age record available	8.8	0.56		
973	Theria,Metatheria,Diprotodontia,Macropodidae,Lagorchestes,Lagorchestes hirsutus	Lagorchestes hirsutus		65632	Rufous hare-wallaby	Diprotodontia	0.9	1310.0		13.36	13.2	no age record available	no age record available	no age record available	no age record available	13.2	0.99		
974	Theria,Metatheria,Diprotodontia,Macropodidae,Osphranter,Osphranter bernardus	Osphranter bernardus		9323	Black wallaroo	Diprotodontia	1.7	17500.0	Age at female sexual maturity filled using lineage; 	21.64	11.8	no age record available	no age record available	no age record available	no age record available	11.8	0.55		
975	Theria,Metatheria,Diprotodontia,Macropodidae,Onychogalea,Onychogalea frenata	Onychogalea frenata		3370452	Bridled nail-tail wallaby, or Ridled nail-tailed wallaby	Diprotodontia	0.51	5500.0		17.45	7.4	no age record available	no age record available	no age record available	no age record available	7.4	0.42		
976	Theria,Metatheria,Diprotodontia,Macropodidae,Onychogalea,Onychogalea unguifera	Onychogalea unguifera		65626	Northern nail-tailed wallaby	Diprotodontia	0.51	5800.0	Age at female sexual maturity filled using lineage; 	17.62	5.5	no age record available	no age record available	no age record available	no age record available	5.5	0.31		
977	Theria,Metatheria,Diprotodontia,Macropodidae,Petrogale,Petrogale assimilis	Petrogale assimilis		41893	Allied rock wallaby	Diprotodontia	1.44	4300.0		16.67	13.0	no age record available	no age record available	no age record available	no age record available	13.0	0.78		
978	Theria,Metatheria,Diprotodontia,Macropodidae,Petrogale,Petrogale brachyotis	Petrogale brachyotis		54079	Short-eared rock-wallaby, or Western rock wallaby	Diprotodontia	1.48	3700.0		16.21	10.1	no age record available	no age record available	no age record available	no age record available	10.1	0.62		
979	Theria,Metatheria,Diprotodontia,Macropodidae,Petrogale,Petrogale concinna	Petrogale concinna		859894	Nabarlek	Diprotodontia	1.18	1250.0		13.24	17.0	no age record available	no age record available	no age record available	no age record available	17.0	1.28		
980	Theria,Metatheria,Diprotodontia,Macropodidae,Petrogale,Petrogale xanthopus	Petrogale xanthopus		9325	Ringtailed rock wallaby	Diprotodontia	1.48	6000.0		17.73	14.4	no age record available	no age record available	no age record available	no age record available	14.4	0.81		
981	Theria,Metatheria,Diprotodontia,Macropodidae,Thylogale,Thylogale brunii	Thylogale brunii		65618	Dusky pademelon	Diprotodontia	0.94	4796.0		17.01	9.4	no age record available	no age record available	no age record available	no age record available	9.4	0.55		
982	Theria,Metatheria,Diprotodontia,Macropodidae,Thylogale,Thylogale stigmatica	Thylogale stigmatica		9328	Red-legged pademelon	Diprotodontia	0.93	4100.0		16.52	9.7	no age record available	no age record available	no age record available	no age record available	9.7	0.59		
983	Theria,Metatheria,Diprotodontia,Macropodidae,Thylogale,Thylogale thetis	Thylogale thetis		442964	Red-necked pademelon	Diprotodontia	1.52	3800.0		16.29	9.0	no age record available	no age record available	no age record available	no age record available	9.0	0.55		
984	Theria,Metatheria,Diprotodontia,Phalangeridae,Phalanger,Phalanger gymnotis	Phalanger gymnotis		65615	Ground cuscus	Diprotodontia	1.14	2400.0		14.95	18.9	no age record available	no age record available	no age record available	no age record available	18.9	1.26		
985	Theria,Metatheria,Diprotodontia,Phalangeridae,Phalanger,Phalanger orientalis	Phalanger orientalis		42473	Gray cuscus	Diprotodontia	1.35	2500.0	Age at female sexual maturity filled using lineage; 	15.07	4.0	no age record available	no age record available	no age record available	no age record available	4.0	0.27		
986	Theria,Metatheria,Diprotodontia,Phalangeridae,Trichosurus,Trichosurus arnhemensis	Trichosurus arnhemensis		175811	Northern brush-tailed possum	Diprotodontia	1.0	1300.0		13.34	11.0	no age record available	no age record available	no age record available	no age record available	11.0	0.82		
987	Theria,Metatheria,Diprotodontia,Potoroidae,Bettongia,Bettongia penicillata	Bettongia penicillata		69259	Woylie	Diprotodontia	0.49	1500.0		13.7	18.8	no age record available	no age record available	no age record available	no age record available	18.8	1.37		
988	Theria,Metatheria,Diprotodontia,Potoroidae,Bettongia,Bettongia tropica	Bettongia tropica		135160	Northern bettong	Diprotodontia	0.82	1200.0		13.14	7.0	no age record available	no age record available	no age record available	no age record available	7.0	0.53		
989	Theria,Metatheria,Diprotodontia,Potoroidae,Potorous,Potorous longipes	Potorous longipes		55310	Long-footed potoroo	Diprotodontia	2.07	1650.0		13.95	15.3	no age record available	no age record available	no age record available	no age record available	15.3	1.1		
990	Theria,Metatheria,Diprotodontia,Vombatidae,Lasiorhinus,Lasiorhinus krefftii	Lasiorhinus krefftii		30667	Northern hairy-nosed wombat	Diprotodontia	1.61	31000.0		24.07	30.0	no age record available	no age record available	no age record available	no age record available	30.0	1.25		
991	Theria,Eutheria,Boreoeutheria,Laurasiatheria,Eulipotyphla,Erinaceidae,Erinaceinae,Atelerix,Atelerix albiventris	Atelerix albiventris		9368	Four-toed hedgehog	Eulipotyphla	0.23	500.0		11.17	11.4	no age record available	no age record available	no age record available	no age record available	11.4	1.02		
992	Theria,Eutheria,Boreoeutheria,Laurasiatheria,Eulipotyphla,Erinaceidae,Erinaceinae,Erinaceus,Erinaceus amurensis	Erinaceus amurensis		757341	Amur hedgehog	Eulipotyphla	0.73	774.48		12.12	8.0	no age record available	no age record available	no age record available	no age record available	8.0	0.66		
993	Theria,Eutheria,Boreoeutheria,Laurasiatheria,Eulipotyphla,Erinaceidae,Erinaceinae,Erinaceus,Erinaceus concolor	Erinaceus concolor		37316	Eastern European hedgehog	Eulipotyphla	0.58	719.0		11.95	7.0	no age record available	no age record available	no age record available	no age record available	7.0	0.59		
994	Theria,Eutheria,Boreoeutheria,Laurasiatheria,Eulipotyphla,Erinaceidae,Erinaceinae,Paraechinus,Paraechinus hypomelas	Paraechinus hypomelas		1543301	Brandt's hedgehog	Eulipotyphla	0.64	292.0	Age at female sexual maturity filled using lineage; 	10.11	7.17	no age record available	no age record available	no age record available	no age record available	7.17	0.71		
995	Theria,Eutheria,Boreoeutheria,Euarchontoglires,Glires,Lagomorpha,Leporidae,Lepus,Lepus brachyurus	Lepus brachyurus		156448	Japanese hare	Lagomorpha	0.74	2519.0	Age at female sexual maturity filled using lineage; 	15.09	13.0	no age record available	no age record available	no age record available	no age record available	13.0	0.86		
996	Theria,Eutheria,Boreoeutheria,Euarchontoglires,Glires,Lagomorpha,Leporidae,Lepus,Lepus townsendii	Lepus townsendii		63225	White-tailed jackrabbit	Lagomorpha	0.91	3035.5		15.62	8.0	no age record available	no age record available	no age record available	no age record available	8.0	0.51		
997	Theria,Eutheria,Boreoeutheria,Euarchontoglires,Glires,Lagomorpha,Leporidae,Sylvilagus,Sylvilagus audubonii	Sylvilagus audubonii		30581	Audubon's cottontail rabbit	Lagomorpha	0.45	900.0		12.46	7.8	no age record available	no age record available	no age record available	no age record available	7.8	0.63		
998	Theria,Eutheria,Boreoeutheria,Euarchontoglires,Glires,Lagomorpha,Leporidae,Sylvilagus,Sylvilagus nuttallii	Sylvilagus nuttallii		50378	Mountain cottontail	Lagomorpha	0.33	760.0		12.07	7.4	no age record available	no age record available	no age record available	no age record available	7.4	0.61		
999	Theria,Eutheria,Boreoeutheria,Euarchontoglires,Glires,Lagomorpha,Leporidae,Sylvilagus,Sylvilagus palustris	Sylvilagus palustris		50380	Marsh rabbit	Lagomorpha	0.6	1233.0		13.21	7.6	no age record available	no age record available	no age record available	no age record available	7.6	0.58		
1000	Theria,Eutheria,Boreoeutheria,Euarchontoglires,Glires,Lagomorpha,Leporidae,Sylvilagus,Sylvilagus transitionalis	Sylvilagus transitionalis		60891	New England cottontail	Lagomorpha	0.33	902.6		12.47	9.3	no age record available	no age record available	no age record available	no age record available	9.3	0.75		
1001	Theria,Eutheria,Boreoeutheria,Euarchontoglires,Glires,Lagomorpha,Ochotonidae,Ochotona,Ochotona hyperborea	Ochotona hyperborea		130834	Northern pika	Lagomorpha	0.56	120.0		8.57	9.4	no age record available	no age record available	no age record available	no age record available	9.4	1.1		
1002	Theria,Eutheria,Afrotheria,Macroscelidea,Macroscelididae,Macroscelides,Macroscelides proboscideus	Macroscelides proboscideus		29082	Short-eared elephant shrew	Macroscelidea	0.12	40.0		6.98	8.7	no age record available	no age record available	no age record available	no age record available	8.7	1.25		
1003	Theria,Metatheria,Peramelemorphia,Peroryctidae,Echymipera,Echymipera kalubu	Echymipera kalubu		42733	Common echymipera, or New Guinea spiny bandicoot	Peramelemorphia	0.25	650.0	Age at female sexual maturity filled using lineage; 	11.73	2.7	no age record available	no age record available	no age record available	no age record available	2.7	0.23		
1004	Theria,Metatheria,Peramelemorphia,Peramelidae,Isoodon,Isoodon auratus	Isoodon auratus		120734	Golden bandicoot	Peramelemorphia	0.47	485.0		11.11	6.7	no age record available	no age record available	no age record available	no age record available	6.7	0.6		
1005	Theria,Metatheria,Peramelemorphia,Peramelidae,Isoodon,Isoodon obesulus	Isoodon obesulus		65612	Southern brown bandicoot	Peramelemorphia	0.57	700.0		11.89	6.5	no age record available	no age record available	no age record available	no age record available	6.5	0.55		
1006	Theria,Metatheria,Peramelemorphia,Peramelidae,Perameles,Perameles bougainville	Perameles bougainville		120735	Western barred bandicoot	Peramelemorphia	0.33	226.0		9.64	5.8	no age record available	no age record available	no age record available	no age record available	5.8	0.6		
1007	Theria,Metatheria,Peramelemorphia,Peramelidae,Perameles,Perameles nasuta	Perameles nasuta		9344	Long-nosed bandicoot	Peramelemorphia	0.37	859.0		12.35	5.6	no age record available	no age record available	no age record available	no age record available	5.6	0.45		
1008	Theria,Eutheria,Boreoeutheria,Laurasiatheria,Perissodactyla,Equidae,Equus,Equus kiang	Equus kiang		94398	Kiang	Perissodactyla	2.74	275000.0		36.12	30.1	no age record available	no age record available	no age record available	no age record available	30.1	0.83		
1009	Theria,Eutheria,Boreoeutheria,Laurasiatheria,Perissodactyla,Tapiridae,Tapirus,Tapirus bairdii	Tapirus bairdii		56117	Baird's tapir	Perissodactyla	1.94	300000.0		36.71	29.6	no age record available	no age record available	no age record available	no age record available	29.6	0.81		
1010	Theria,Eutheria,Boreoeutheria,Laurasiatheria,Perissodactyla,Tapiridae,Tapirus,Tapirus pinchaque	Tapirus pinchaque		30582	Mountain tapir	Perissodactyla	3.05	148950.0		32.22	28.5	no age record available	no age record available	no age record available	no age record available	28.5	0.88		
1011	Theria,Eutheria,Boreoeutheria,Laurasiatheria,Pholidota,Manidae,Manis,Manis pentadactyla	Manis pentadactyla	Available	143292	Chinese pangolin	Pholidota	2.07	2350.0		14.89	23.74	12.86	15.09	16.75	19.27	20.7	1.39	17.14	23.74
1012	Theria,Eutheria,Xenarthra,Pilosa,Folivora,Bradypodidae,Bradypus,Bradypus tridactylus	Bradypus tridactylus		9354	Pale-throated three-toed sloth	Pilosa	4.5	4250.0		16.63	40.0	no age record available	no age record available	no age record available	no age record available	40.0	2.41		
1013	Theria,Eutheria,Boreoeutheria,Euarchontoglires,Primates,Haplorrhini,Simiiformes,Platyrrhini,Aotidae,Aotus,Aotus azarai	Aotus azarai		30591	Azara's night monkey	Primates	1.85	1230.0	Age at female sexual maturity filled using lineage; 	13.2	30.0	no q90 record available	no q95 record available	no e90 record available	no e95 record available	30.0	2.27		
1014	Theria,Eutheria,Boreoeutheria,Euarchontoglires,Primates,Haplorrhini,Simiiformes,Platyrrhini,Aotidae,Aotus,Aotus lemurinus	Aotus lemurinus	Available	43147	Lemurine night monkey	Primates	2.07	874.0		12.39	33.8	27.18	29.16	29.58	30.78	33.8	2.73		
1015	Theria,Eutheria,Boreoeutheria,Euarchontoglires,Primates,Haplorrhini,Simiiformes,Platyrrhini,Aotidae,Aotus,Aotus vociferans	Aotus vociferans	Available	57176	Noisy night monkey	Primates	2.26	873.0		12.39	22.1	16.1	18.03	18.05	18.07	22.1	1.78	15.59	18.07
1016	Theria,Eutheria,Boreoeutheria,Euarchontoglires,Primates,Haplorrhini,Simiiformes,Platyrrhini,Atelidae,Atelinae,Ateles,Ateles chamek	Ateles chamek		118643	Chamek spider monkey	Primates	4.36	6000.0		17.73	42.8	no age record available	no age record available	no age record available	no age record available	42.8	2.41		
1017	Theria,Eutheria,Boreoeutheria,Euarchontoglires,Primates,Haplorrhini,Simiiformes,Platyrrhini,Atelidae,Atelinae,Ateles,Ateles geoffroyi	Ateles geoffroyi	Available	9509	Central American spider monkey	Primates	5.0	7267.5		18.37	47.1	37.02	41.31	41.71	44.58	45.24	2.46		
1018	Theria,Eutheria,Boreoeutheria,Euarchontoglires,Primates,Haplorrhini,Simiiformes,Platyrrhini,Atelidae,Atelinae,Ateles,Ateles marginatus	Ateles marginatus		1529884	White-whiskered spider monkey	Primates	4.0	6000.0		17.73	44.0	no age record available	no age record available	no age record available	no age record available	44.0	2.48		
1019	Theria,Eutheria,Boreoeutheria,Euarchontoglires,Primates,Haplorrhini,Simiiformes,Platyrrhini,Atelidae,Atelinae,Brachyteles,Brachyteles arachnoides	Brachyteles arachnoides		30594	Southern muriqui, or Woolly spider monkey, or Muriqui	Primates	7.5	11170.0		19.9	40.0	no age record available	no age record available	no age record available	no age record available	40.0	2.01		
1020	Theria,Eutheria,Boreoeutheria,Euarchontoglires,Primates,Haplorrhini,Simiiformes,Platyrrhini,Cebidae,Callitrichinae,Callithrix,Callithrix,Callithrix geoffroyi	Callithrix geoffroyi	Available	52231	Geoffroy's marmoset	Primates	1.31	342.0		10.41	17.6	13.77	15.65	15.83	17.07	17.6	1.69		
1021	Theria,Eutheria,Boreoeutheria,Euarchontoglires,Primates,Haplorrhini,Simiiformes,Platyrrhini,Cebidae,Callitrichinae,Callithrix,Callithrix,Callithrix kuhlii	Callithrix kuhlii		867363	Wied's black-tufted-ear marmoset	Primates	1.31	342.0		10.41	20.0	no q90 record available	no q95 record available	no e90 record available	no e95 record available	20.0	1.92		
1022	Theria,Eutheria,Boreoeutheria,Euarchontoglires,Primates,Haplorrhini,Simiiformes,Platyrrhini,Cebidae,Callitrichinae,Callithrix,Callithrix,Callithrix penicillata	Callithrix penicillata		57378	Black-pencilled marmoset	Primates	1.31	307.0		10.2	15.4	no age record available	no age record available	no age record available	no age record available	15.4	1.51		
1023	Theria,Eutheria,Boreoeutheria,Euarchontoglires,Primates,Haplorrhini,Simiiformes,Platyrrhini,Cebidae,Callitrichinae,Leontopithecus,Leontopithecus chrysomelas	Leontopithecus chrysomelas	Available	57374	Golden-headed lion tamarin	Primates	1.79	535.0		11.31	25.04	18.39	20.52	21.17	22.66	23.23	2.05		
1024	Theria,Eutheria,Boreoeutheria,Euarchontoglires,Primates,Haplorrhini,Simiiformes,Platyrrhini,Cebidae,Callitrichinae,Leontopithecus,Leontopithecus chrysopygus	Leontopithecus chrysopygus		58710	Golden-rumped lion tamarin	Primates	1.79	570.0		11.44	17.9	no age record available	no age record available	no age record available	no age record available	17.9	1.56		
1025	Theria,Eutheria,Boreoeutheria,Euarchontoglires,Primates,Haplorrhini,Simiiformes,Platyrrhini,Cebidae,Callitrichinae,Saguinus,Saguinus bicolor	Saguinus bicolor		37588	Brazilian bare-faced tamarin	Primates	1.75	495.8		11.15	19.0	no age record available	no age record available	no age record available	no age record available	19.0	1.7		
1026	Theria,Eutheria,Boreoeutheria,Euarchontoglires,Primates,Haplorrhini,Simiiformes,Platyrrhini,Cebidae,Callitrichinae,Saguinus,Saguinus geoffroyi	Saguinus geoffroyi		43778	Geoffroy's tamarin	Primates	1.5	499.3		11.17	20.5	no q90 record available	no q95 record available	no e90 record available	no e95 record available	20.5	1.84		
1027	Theria,Eutheria,Boreoeutheria,Euarchontoglires,Primates,Haplorrhini,Simiiformes,Platyrrhini,Cebidae,Callitrichinae,Saguinus,Saguinus labiatus	Saguinus labiatus		78454	Red-chested mustached tamarin	Primates	3.0	501.3		11.17	20.5	no q90 record available	no q95 record available	no e90 record available	no e95 record available	20.5	1.83		
1028	Theria,Eutheria,Boreoeutheria,Euarchontoglires,Primates,Haplorrhini,Simiiformes,Platyrrhini,Cebidae,Callitrichinae,Saguinus,Saguinus leucopus	Saguinus leucopus		290597	Silvery-brown bare-face tamarin	Primates	1.89	490.0	Age at female sexual maturity filled using lineage; 	11.13	15.2	no age record available	no age record available	no age record available	no age record available	15.2	1.37		
1029	Theria,Eutheria,Boreoeutheria,Euarchontoglires,Primates,Haplorrhini,Simiiformes,Platyrrhini,Cebidae,Callitrichinae,Saguinus,Saguinus midas	Saguinus midas	Available	30586	Midas tamarin	Primates	1.66	553.8		11.38	24.54	14.21	16.37	17.11	19.03	20.13	1.77	24.54	22.76
1030	Theria,Eutheria,Boreoeutheria,Euarchontoglires,Primates,Haplorrhini,Simiiformes,Platyrrhini,Cebidae,Callitrichinae,Saguinus,Saguinus mystax	Saguinus mystax		9488	Black-chested mustached tamarin	Primates	1.33	543.5		11.34	21.93	no age record available	no age record available	no age record available	no age record available	21.93	1.76		
1031	Theria,Eutheria,Boreoeutheria,Euarchontoglires,Primates,Haplorrhini,Simiiformes,Platyrrhini,Cebidae,Saimiriinae,Saimiri,Saimiri boliviensis	Saimiri boliviensis	Available	27679	Bolivian squirrel monkey	Primates	2.99	615.0		11.61	30.3	24.81	24.87	25.17	25.46	30.3	2.61		
1032	Theria,Eutheria,Boreoeutheria,Euarchontoglires,Primates,Haplorrhini,Simiiformes,Catarrhini,Cercopithecoidea,Cercopithecidae,Cercopithecinae,Allochrocebus,Allochrocebus preussi	Allochrocebus preussi		147649	Preuss's monkey	Primates	4.7	5250.0		17.3	26.0	no age record available	no age record available	no age record available	no age record available	26.0	1.5		
1033	Theria,Eutheria,Boreoeutheria,Euarchontoglires,Primates,Haplorrhini,Simiiformes,Catarrhini,Cercopithecoidea,Cercopithecidae,Cercopithecinae,Cercocebus,Cercocebus agilis	Cercocebus agilis		255237	Agile mangabey	Primates	4.21	8000.0		18.71	31.0	no age record available	no age record available	no age record available	no age record available	31.0	1.66		
1034	Theria,Eutheria,Boreoeutheria,Euarchontoglires,Primates,Haplorrhini,Simiiformes,Catarrhini,Cercopithecoidea,Cercopithecidae,Cercopithecinae,Cercopithecus,Cercopithecus erythrogaster	Cercopithecus erythrogaster		161496	Red-bellied monkey	Primates	4.3	3250.0		15.82	24.0	no age record available	no age record available	no age record available	no age record available	24.0	1.52		
1035	Theria,Eutheria,Boreoeutheria,Euarchontoglires,Primates,Haplorrhini,Simiiformes,Catarrhini,Cercopithecoidea,Cercopithecidae,Cercopithecinae,Cercopithecus,Cercopithecus wolfi	Cercopithecus wolfi		263448	Wolf's monkey	Primates	4.61	3390.0		15.94	24.0	no age record available	no age record available	no age record available	no age record available	24.0	1.51		
1036	Theria,Eutheria,Boreoeutheria,Euarchontoglires,Primates,Haplorrhini,Simiiformes,Catarrhini,Cercopithecoidea,Cercopithecidae,Colobinae,Colobus,Colobus angolensis	Colobus angolensis		54131	Angolan colobus	Primates	4.5	8625.0		18.97	35.3	no q90 record available	no q95 record available	no e90 record available	no e95 record available	35.3	1.86		
1037	Theria,Eutheria,Boreoeutheria,Euarchontoglires,Primates,Haplorrhini,Simiiformes,Catarrhini,Cercopithecoidea,Cercopithecidae,Cercopithecinae,Macaca,Macaca assamensis	Macaca assamensis		9551	Assam macaque	Primates	4.26	9100.0		19.16	31.4	no age record available	no age record available	no age record available	no age record available	31.4	1.64		
1038	Theria,Eutheria,Boreoeutheria,Euarchontoglires,Primates,Haplorrhini,Simiiformes,Catarrhini,Cercopithecoidea,Cercopithecidae,Cercopithecinae,Macaca,Macaca maura	Macaca maura		90383	Moor macaque	Primates	5.0	5575.0		17.49	33.0	no age record available	no age record available	no age record available	no age record available	33.0	1.89		
1039	Theria,Eutheria,Boreoeutheria,Euarchontoglires,Primates,Haplorrhini,Simiiformes,Catarrhini,Cercopithecoidea,Cercopithecidae,Cercopithecinae,Macaca,Macaca nigra	Macaca nigra	Available	54600	Celebes crested macaque	Primates	4.08	7965.0		18.69	35.32	25.43	26.93	29.69	31.33	35.32	1.82		
1040	Theria,Eutheria,Boreoeutheria,Euarchontoglires,Primates,Haplorrhini,Simiiformes,Catarrhini,Cercopithecoidea,Cercopithecidae,Cercopithecinae,Macaca,Macaca ochreata	Macaca ochreata		90385	Booted macaque	Primates	4.08	3950.0		16.4	29.0	no age record available	no age record available	no age record available	no age record available	29.0	1.77		
1041	Theria,Eutheria,Boreoeutheria,Euarchontoglires,Primates,Haplorrhini,Simiiformes,Catarrhini,Cercopithecoidea,Cercopithecidae,Cercopithecinae,Macaca,Macaca thibetana	Macaca thibetana		54602	Tibetan macaque	Primates	3.98	10300.0		19.61	27.0	no age record available	no age record available	no age record available	no age record available	27.0	1.38		
1042	Theria,Eutheria,Boreoeutheria,Euarchontoglires,Primates,Haplorrhini,Simiiformes,Catarrhini,Cercopithecoidea,Cercopithecidae,Cercopithecinae,Macaca,Macaca tonkeana	Macaca tonkeana		40843	Tonkean macaque	Primates	4.3	11950.0		20.16	28.4	no age record available	no age record available	no age record available	no age record available	28.4	1.41		
1043	Theria,Eutheria,Boreoeutheria,Euarchontoglires,Primates,Haplorrhini,Simiiformes,Catarrhini,Cercopithecoidea,Cercopithecidae,Colobinae,Rhinopithecus,Rhinopithecus roxellana	Rhinopithecus roxellana		61622	Golden snub-nosed monkey	Primates	5.33	14750.0		20.96	29.5	no age record available	no age record available	no age record available	no age record available	29.5	1.41		
1044	Theria,Eutheria,Boreoeutheria,Euarchontoglires,Primates,Haplorrhini,Simiiformes,Catarrhini,Cercopithecoidea,Cercopithecidae,Colobinae,Trachypithecus,Trachypithecus johnii	Trachypithecus johnii		66063	Hooded leaf monkey	Primates	3.98	12000.0	Age at female sexual maturity filled using lineage; 	20.17	34.0	no age record available	no age record available	no age record available	no age record available	34.0	1.69		
1045	Theria,Eutheria,Boreoeutheria,Euarchontoglires,Primates,Haplorrhini,Simiiformes,Catarrhini,Cercopithecoidea,Cercopithecidae,Colobinae,Trachypithecus,Trachypithecus vetulus	Trachypithecus vetulus		54137	Purple-faced leaf monkey	Primates	3.5	7081.8		18.29	26.1	no age record available	no age record available	no age record available	no age record available	26.1	1.43		
1046	Theria,Eutheria,Boreoeutheria,Euarchontoglires,Primates,Haplorrhini,Simiiformes,Catarrhini,Cercopithecoidea,Cercopithecidae,Colobinae,Trachypithecus,Trachypithecus auratus	Trachypithecus auratus		222416	Javan langur	Primates	3.5	9720.0		19.4	31.1	no q90 record available	no q95 record available	no e90 record available	no e95 record available	31.1	1.6		
1047	Theria,Eutheria,Boreoeutheria,Euarchontoglires,Primates,Haplorrhini,Simiiformes,Catarrhini,Cercopithecoidea,Cercopithecidae,Colobinae,Trachypithecus,Trachypithecus francoisi	Trachypithecus francoisi	Available	54180	Francois's leaf monkey	Primates	4.0	7325.0		18.4	27.44	21.55	23.95	25.11	26.49	27.44	1.43		
1048	Theria,Eutheria,Boreoeutheria,Euarchontoglires,Primates,Haplorrhini,Simiiformes,Catarrhini,Cercopithecoidea,Cercopithecidae,Colobinae,Trachypithecus,Trachypithecus phayrei	Trachypithecus phayrei		61618	Phayre's leaf monkey	Primates	4.0	8400.0		18.88	28.3	no age record available	no age record available	no age record available	no age record available	28.3	1.5		
1049	Theria,Eutheria,Boreoeutheria,Euarchontoglires,Primates,Haplorrhini,Simiiformes,Catarrhini,Cercopithecoidea,Cercopithecidae,Colobinae,Trachypithecus,Trachypithecus pileatus	Trachypithecus pileatus		164651	Capped leaf monkey	Primates	4.45	11450.0		20.0	25.2	no age record available	no age record available	no age record available	no age record available	25.2	1.26		
1050	Theria,Eutheria,Boreoeutheria,Euarchontoglires,Primates,Strepsirrhini,Lorisiformes,Galagidae,Galago,Galago moholi	Galago moholi	Available	30609	South African galago	Primates	0.4	169.2		9.13	16.63	11.4	11.55	12.79	13.8	14.85	1.63	15.78	16.63
1051	Theria,Eutheria,Boreoeutheria,Euarchontoglires,Primates,Haplorrhini,Simiiformes,Catarrhini,Hominoidea,Hylobatidae,Hoolock,Hoolock hoolock	Hoolock hoolock		61851	Western hoolock gibbon, or Hoolock gibbon	Primates	7.0	6875.0		18.19	41.0	no age record available	no age record available	no age record available	no age record available	41.0	2.25		
1052	Theria,Eutheria,Boreoeutheria,Euarchontoglires,Primates,Haplorrhini,Simiiformes,Catarrhini,Hominoidea,Hylobatidae,Hylobates,Hylobates klossii	Hylobates klossii		9587	Kloss's gibbon	Primates	6.5	5900.0		17.68	37.0	no age record available	no age record available	no age record available	no age record available	37.0	2.09		
1053	Theria,Eutheria,Boreoeutheria,Euarchontoglires,Primates,Haplorrhini,Simiiformes,Catarrhini,Hominoidea,Hylobatidae,Hylobates,Hylobates muelleri	Hylobates muelleri		9588	Borneo gibbon	Primates	7.8	5765.0		17.6	60.0	no q90 record available	no q95 record available	no e90 record available	no e95 record available	60.0	3.41		
1054	Theria,Eutheria,Boreoeutheria,Euarchontoglires,Primates,Haplorrhini,Simiiformes,Catarrhini,Hominoidea,Hylobatidae,Nomascus,Nomascus leucogenys	Nomascus leucogenys		61853	Northern white-cheeked gibbon, or White-cheeked gibbon	Primates	8.4	6000.0		17.73	55.74	no age record available	no age record available	no age record available	no age record available	55.74	2.49		
1055	Theria,Eutheria,Boreoeutheria,Euarchontoglires,Primates,Strepsirrhini,Lemuriformes,Indriidae,Propithecus,Propithecus tattersalli	Propithecus tattersalli		30601	Golden-crowned sifaka	Primates	4.5	3545.0		16.08	25.41	no age record available	no age record available	no age record available	no age record available	25.41	1.24		
1056	Theria,Eutheria,Boreoeutheria,Euarchontoglires,Primates,Strepsirrhini,Lemuriformes,Lemuridae,Eulemur,Eulemur rubriventer	Eulemur rubriventer	Available	34829	Red-bellied lemur	Primates	1.77	2191.5		14.7	34.76	24.67	26.23	28.51	31.46	32.12	2.18	33.81	32.83
1057	Theria,Eutheria,Boreoeutheria,Euarchontoglires,Primates,Strepsirrhini,Lemuriformes,Lemuridae,Varecia,Varecia rubra	Varecia rubra	Available	554167	Red ruffed lemur	Primates	1.67	3601.3		16.13	38.56	29.95	32.82	33.38	35.76	36.33	2.25		
1058	Theria,Eutheria,Boreoeutheria,Euarchontoglires,Primates,Strepsirrhini,Lorisiformes,Lorisidae,Xanthonycticebus,Xanthonycticebus pygmaeus	Xanthonycticebus pygmaeus	Available	101278	Pygmy slow loris	Primates	0.75	419.0		10.81	20.82	16.24	17.87	18.36	19.53	19.96	1.85		
1059	Theria,Eutheria,Boreoeutheria,Euarchontoglires,Primates,Haplorrhini,Simiiformes,Platyrrhini,Pitheciidae,Callicebinae,Plecturocebus,Plecturocebus cupreus	Plecturocebus cupreus	Available	202457	Coppery titi	Primates	4.0	1120.0		12.98	32.25	24.41	26.42	28.09	30.76	31.21	2.41	27.72	32.25
1060	Theria,Eutheria,Boreoeutheria,Euarchontoglires,Primates,Haplorrhini,Simiiformes,Platyrrhini,Pitheciidae,Callicebinae,Plecturocebus,Plecturocebus donacophilus	Plecturocebus donacophilus	Available	230833	Bolivian titi	Primates	2.8	795.0		12.17	25.0	no q90 record available	no q95 record available	no e90 record available	no e95 record available	25.0	2.05		
1061	Theria,Eutheria,Boreoeutheria,Euarchontoglires,Glires,Rodentia,Hystricomorpha,Bathyergidae,Fukomys,Fukomys anselli	Fukomys anselli	Available	261002	Ansell's mole-rat	Rodentia	1.0	90.0		8.12	21.5	13.33	14.83	16.19	18.33	19.08	2.35		
1062	Theria,Eutheria,Boreoeutheria,Euarchontoglires,Glires,Rodentia,Hystricomorpha,Bathyergidae,Fukomys,Fukomys damarensis	Fukomys damarensis		885580	Damaraland mole-rat	Rodentia	1.4	180.0		9.24	20.0	no age record available	no age record available	no age record available	no age record available	20.0	1.68		
1063	Theria,Eutheria,Boreoeutheria,Euarchontoglires,Glires,Rodentia,Hystricomorpha,Bathyergidae,Cryptomys,Cryptomys hottentotus	Cryptomys hottentotus		10175	African mole rat	Rodentia	1.23	90.0		8.12	11.75	no age record available	no age record available	no age record available	no age record available	11.75	1.35		
1064	Theria,Eutheria,Boreoeutheria,Euarchontoglires,Glires,Rodentia,Hystricomorpha,Bathyergidae,Fukomys,Fukomys mechowii	Fukomys mechowii	Available	423607	Giant mole-rat	Rodentia	1.5	378.0	Mass filled from web encyclopedia; 	10.6	26.0	12.48	14.99	16.07	18.44	20.24	1.91		
1065	Theria,Eutheria,Boreoeutheria,Euarchontoglires,Glires,Rodentia,Myomorpha,Muroidea,Calomyscidae,Calomyscinae,Calomyscus,Calomyscus bailwardi	Calomyscus bailwardi		107264	Mouse-like hamster	Rodentia	0.25	20.4	Age at female sexual maturity filled using lineage; 	6.16	9.4	no age record available	no age record available	no age record available	no age record available	9.4	1.53		
1066	Theria,Eutheria,Boreoeutheria,Euarchontoglires,Glires,Rodentia,Hystricomorpha,Caviidae,Cavia,Cavia aperea	Cavia aperea		37548	Brazilian guinea pig	Rodentia	0.2	341.0		10.4	6.0	no age record available	no age record available	no age record available	no age record available	6.0	0.58		
1067	Theria,Eutheria,Boreoeutheria,Euarchontoglires,Glires,Rodentia,Hystricomorpha,Caviidae,Cavia,Cavia tschudii	Cavia tschudii		143287	Montane guinea pig	Rodentia	0.17	637.5		11.69	6.3	no age record available	no age record available	no age record available	no age record available	6.3	0.54		
1068	Theria,Eutheria,Boreoeutheria,Euarchontoglires,Glires,Rodentia,Hystricomorpha,Caviidae,Galea,Galea musteloides	Galea musteloides		10146	Common yellow-toothed cavy	Rodentia	0.18	337.9		10.38	3.5	no age record available	no age record available	no age record available	no age record available	3.5	0.34		
1069	Theria,Eutheria,Boreoeutheria,Euarchontoglires,Glires,Rodentia,Hystricomorpha,Chinchillidae,Lagidium,Lagidium viscacia	Lagidium viscacia		84623	Mountain viscacha	Rodentia	1.0	1540.0	Age at female sexual maturity filled using lineage; 	13.77	19.5	no age record available	no age record available	no age record available	no age record available	19.5	1.42		
1070	Theria,Eutheria,Boreoeutheria,Euarchontoglires,Glires,Rodentia,Myomorpha,Muroidea,Cricetidae,Arvicolinae,Alticola,Alticola semicanus	Alticola semicanus		347518	Mongolian silver vole	Rodentia	0.18	36.0	Age at female sexual maturity filled using lineage; 	6.85	3.8	no age record available	no age record available	no age record available	no age record available	3.8	0.56		
1071	Theria,Eutheria,Boreoeutheria,Euarchontoglires,Glires,Rodentia,Myomorpha,Muroidea,Cricetidae,Cricetinae,Cricetulus,Cricetulus barabensis	Cricetulus barabensis		329629	Striped dwarf hamster	Rodentia	0.27	35.0	Mass filled from web encyclopedia; Age at female sexual maturity filled using lineage; 	6.81	5.3	no age record available	no age record available	no age record available	no age record available	5.3	0.78		
1072	Theria,Eutheria,Boreoeutheria,Euarchontoglires,Glires,Rodentia,Myomorpha,Muroidea,Cricetidae,Arvicolinae,Dicrostonyx,Dicrostonyx groenlandicus	Dicrostonyx groenlandicus		85953	Collared lemming	Rodentia	0.11	66.0		7.66	3.3	no age record available	no age record available	no age record available	no age record available	3.3	0.43		
1073	Theria,Eutheria,Boreoeutheria,Euarchontoglires,Glires,Rodentia,Myomorpha,Muroidea,Cricetidae,Arvicolinae,Ellobius,Ellobius talpinus	Ellobius talpinus		329620	Northern mole vole	Rodentia	0.26	40.0		6.98	6.4	no age record available	no age record available	no age record available	no age record available	6.4	0.92		
1074	Theria,Eutheria,Boreoeutheria,Euarchontoglires,Glires,Rodentia,Myomorpha,Muroidea,Cricetidae,Arvicolinae,Lagurus,Lagurus lagurus	Lagurus lagurus		175522	Steppe lemming	Rodentia	0.1	20.3		6.15	3.8	no age record available	no age record available	no age record available	no age record available	3.8	0.62		
1075	Theria,Eutheria,Boreoeutheria,Euarchontoglires,Glires,Rodentia,Myomorpha,Muroidea,Cricetidae,Arvicolinae,Lasiopodomys,Lasiopodomys brandtii	Lasiopodomys brandtii		407171	Brandt's vole	Rodentia	0.17	40.0		6.98	4.1	no age record available	no age record available	no age record available	no age record available	4.1	0.59		
1076	Theria,Eutheria,Boreoeutheria,Euarchontoglires,Glires,Rodentia,Myomorpha,Muroidea,Cricetidae,Cricetinae,Mesocricetus,Mesocricetus brandti	Mesocricetus brandti		10037	Brandt's hamster	Rodentia	0.11	174.0		9.18	4.4	no age record available	no age record available	no age record available	no age record available	4.4	0.48		
1077	Theria,Eutheria,Boreoeutheria,Euarchontoglires,Glires,Rodentia,Myomorpha,Muroidea,Cricetidae,Arvicolinae,Microtus,Microtus ochrogaster	Microtus ochrogaster		79684	Prairie vole	Rodentia	0.13	40.0		6.98	5.3	no age record available	no age record available	no age record available	no age record available	5.3	0.76		
1078	Theria,Eutheria,Boreoeutheria,Euarchontoglires,Glires,Rodentia,Myomorpha,Muroidea,Cricetidae,Arvicolinae,Microtus,Microtus pennsylvanicus	Microtus pennsylvanicus	Available	10058	Meadow vole	Rodentia	0.08	49.0		7.25	3.25	1.63	2.03	2.21	2.63	2.78	0.38	3.25	2.93
1079	Theria,Eutheria,Boreoeutheria,Euarchontoglires,Glires,Rodentia,Myomorpha,Muroidea,Cricetidae,Arvicolinae,Microtus,Microtus subterraneus	Microtus subterraneus		137712	European pine vole	Rodentia	0.26	20.0		6.14	2.83	no age record available	no age record available	no age record available	no age record available	2.83	0.46		
1080	Theria,Eutheria,Boreoeutheria,Euarchontoglires,Glires,Rodentia,Myomorpha,Muroidea,Cricetidae,Arvicolinae,Clethrionomys,Clethrionomys rutilus	Clethrionomys rutilus		537920	Northern red-backed vole	Rodentia	0.18	20.0	Age at female sexual maturity filled using lineage; Curated max low relative to order, likely underestimation;	6.14	2.1	no age record available	no age record available	no age record available	no age record available	2.1	0.34		
1081	Theria,Eutheria,Boreoeutheria,Euarchontoglires,Glires,Rodentia,Myomorpha,Muroidea,Cricetidae,Neotominae,Neotoma,Neotoma lepida	Neotoma lepida		56216	Desert woodrat	Rodentia	0.21	236.0		9.71	10.5	no age record available	no age record available	no age record available	no age record available	10.5	1.08		
1082	Theria,Eutheria,Boreoeutheria,Euarchontoglires,Glires,Rodentia,Myomorpha,Muroidea,Cricetidae,Neotominae,Neotoma,Neotoma micropus	Neotoma micropus		105150	Southern plains woodrat	Rodentia	0.37	236.3		9.72	2.25	no age record available	no age record available	no age record available	no age record available	2.25	0.23		
1083	Theria,Eutheria,Boreoeutheria,Euarchontoglires,Glires,Rodentia,Myomorpha,Muroidea,Cricetidae,Neotominae,Peromyscus,Peromyscus californicus	Peromyscus californicus		42520	California mouse	Rodentia	0.13	42.0		7.05	5.5	no age record available	no age record available	no age record available	no age record available	5.5	0.78		
1084	Theria,Eutheria,Boreoeutheria,Euarchontoglires,Glires,Rodentia,Myomorpha,Muroidea,Cricetidae,Neotominae,Peromyscus,Peromyscus crinitus	Peromyscus crinitus		144753	Canyon mouse	Rodentia	0.19	16.5		5.92	7.7	no age record available	no age record available	no age record available	no age record available	7.7	1.3		
1085	Theria,Eutheria,Boreoeutheria,Euarchontoglires,Glires,Rodentia,Myomorpha,Muroidea,Cricetidae,Neotominae,Peromyscus,Peromyscus eremicus	Peromyscus eremicus	Available	42410	Cactus mouse	Rodentia	0.35	25.0		6.4	7.4	5.05	5.46	5.58	5.81	5.93	0.93	5.59	6.11
1086	Theria,Eutheria,Boreoeutheria,Euarchontoglires,Glires,Rodentia,Myomorpha,Muroidea,Cricetidae,Neotominae,Peromyscus,Peromyscus guatemalensis	Peromyscus guatemalensis		409024	Guatemalan deer mouse	Rodentia	0.14	40.0		6.98	5.7	no age record available	no age record available	no age record available	no age record available	5.7	0.82		
1087	Theria,Eutheria,Boreoeutheria,Euarchontoglires,Glires,Rodentia,Myomorpha,Muroidea,Cricetidae,Neotominae,Peromyscus,Peromyscus leucopus	Peromyscus leucopus	Available	10041	White-footed mouse	Rodentia	0.2	23.0		6.3	7.9	5.38	5.51	5.58	5.71	7.9	1.25	5.2	5.71
1088	Theria,Eutheria,Boreoeutheria,Euarchontoglires,Glires,Rodentia,Myomorpha,Muroidea,Cricetidae,Neotominae,Peromyscus,Peromyscus polionotus	Peromyscus polionotus	Available	42413	Oldfield mouse	Rodentia	0.08	14.0		5.74	6.81	4.44	4.71	4.85	5.13	5.37	0.93	6.81	5.4
1089	Theria,Eutheria,Boreoeutheria,Euarchontoglires,Glires,Rodentia,Myomorpha,Muroidea,Cricetidae,Neotominae,Peromyscus,Peromyscus truei	Peromyscus truei		89101	Pinyon mouse	Rodentia	0.14	25.0		6.4	5.4	no age record available	no age record available	no age record available	no age record available	5.4	0.84		
1090	Theria,Eutheria,Boreoeutheria,Euarchontoglires,Glires,Rodentia,Myomorpha,Muroidea,Cricetidae,Cricetinae,Phodopus,Phodopus roborovskii	Phodopus roborovskii		109678	Desert hamster	Rodentia	0.67	16.0	Mass filled from web encyclopedia; 	5.89	4.8	no age record available	no age record available	no age record available	no age record available	4.8	0.82		
1091	Theria,Eutheria,Boreoeutheria,Euarchontoglires,Glires,Rodentia,Myomorpha,Muroidea,Cricetidae,Neotominae,Podomys,Podomys floridanus	Podomys floridanus		56323	Florida mouse	Rodentia	0.11	32.0		6.7	7.42	no age record available	no age record available	no age record available	no age record available	7.42	1.11		
1092	Theria,Eutheria,Boreoeutheria,Euarchontoglires,Glires,Rodentia,Myomorpha,Muroidea,Cricetidae,Neotominae,Reithrodontomys,Reithrodontomys humulis	Reithrodontomys humulis		129430	Eastern harvest mouse	Rodentia	0.29	10.3		5.42	2.25	no age record available	no age record available	no age record available	no age record available	2.25	0.41		
1093	Theria,Eutheria,Boreoeutheria,Euarchontoglires,Glires,Rodentia,Hystricomorpha,Ctenodactylidae,Ctenodactylus,Ctenodactylus gundi	Ctenodactylus gundi	Available	10166	Gundi	Rodentia	0.87	288.8		10.08	9.69	6.32	7.07	7.4	8.09	8.47	0.84	8.94	9.69
1094	Theria,Eutheria,Boreoeutheria,Euarchontoglires,Glires,Rodentia,Hystricomorpha,Cuniculidae,Cuniculus,Cuniculus taczanowskii	Cuniculus taczanowskii		143288	Mountain paca	Rodentia	0.94	8999.9		19.12	18.9	no age record available	no age record available	no age record available	no age record available	18.9	0.99		
1095	Theria,Eutheria,Boreoeutheria,Euarchontoglires,Glires,Rodentia,Hystricomorpha,Dasyproctidae,Dasyprocta,Dasyprocta azarae	Dasyprocta azarae		1541202	Azara's agouti	Rodentia	0.93	2650.0	Age at female sexual maturity filled using lineage; 	15.23	11.8	no age record available	no age record available	no age record available	no age record available	11.8	0.77		
1096	Theria,Eutheria,Boreoeutheria,Euarchontoglires,Glires,Rodentia,Hystricomorpha,Dasyproctidae,Dasyprocta,Dasyprocta fuliginosa	Dasyprocta fuliginosa		193455	Black agouti	Rodentia	0.93	3500.0	Age at female sexual maturity filled using lineage; 	16.04	18.0	no age record available	no age record available	no age record available	no age record available	18.0	1.12		
1097	Theria,Eutheria,Boreoeutheria,Euarchontoglires,Glires,Rodentia,Hystricomorpha,Dasyproctidae,Dasyprocta,Dasyprocta ruatanica	Dasyprocta ruatanica		3082515	Ruatan island agouti, or Ruatan agouti	Rodentia	0.93	4000.0	Mass filled from web encyclopedia; Age at female sexual maturity filled using lineage; 	16.44	13.7	no age record available	no age record available	no age record available	no age record available	13.7	0.83		
1098	Theria,Eutheria,Boreoeutheria,Euarchontoglires,Glires,Rodentia,Myomorpha,Dipodoidea,Dipodidae,Allactaginae,Scarturus,Scarturus elater	Scarturus elater		73861	Small five-toed jerboa	Rodentia	0.39	58.7		7.5	5.2	no age record available	no age record available	no age record available	no age record available	5.2	0.69		
1099	Theria,Eutheria,Boreoeutheria,Euarchontoglires,Glires,Rodentia,Myomorpha,Dipodoidea,Dipodidae,Allactaginae,Allactaga,Allactaga major	Allactaga major		233182	Great jerboa	Rodentia	1.03	350.0		10.45	7.0	no age record available	no age record available	no age record available	no age record available	7.0	0.67		
1100	Theria,Eutheria,Boreoeutheria,Euarchontoglires,Glires,Rodentia,Myomorpha,Dipodoidea,Dipodidae,Allactaginae,Orientallactaga,Orientallactaga sibirica	Orientallactaga sibirica		234626	Mongolian five-toed jerboa	Rodentia	0.71	117.5	Age at female sexual maturity filled using lineage; 	8.53	4.5	no age record available	no age record available	no age record available	no age record available	4.5	0.53		
1101	Theria,Eutheria,Boreoeutheria,Euarchontoglires,Glires,Rodentia,Myomorpha,Dipodoidea,Dipodidae,Dipodinae,Jaculus,Jaculus jaculus	Jaculus jaculus	Available	51337	Lesser Egyptian jerboa	Rodentia	0.9	55.0		7.41	10.08	5.65	6.53	6.95	7.84	8.29	1.12	10.08	8.72
1102	Theria,Eutheria,Boreoeutheria,Euarchontoglires,Glires,Rodentia,Myomorpha,Dipodoidea,Dipodidae,Dipodinae,Jaculus,Jaculus orientalis	Jaculus orientalis		48868	Greater Egyptian jerboa	Rodentia	0.9	134.0	Age at female sexual maturity filled using lineage; 	8.74	5.5	no age record available	no age record available	no age record available	no age record available	5.5	0.63		
1103	Theria,Eutheria,Boreoeutheria,Euarchontoglires,Glires,Rodentia,Hystricomorpha,Echimyidae,Hoplomys,Hoplomys gymnurus	Hoplomys gymnurus		176501	Armored rat	Rodentia	0.39	504.0	Age at female sexual maturity filled using lineage; 	11.19	7.0	no age record available	no age record available	no age record available	no age record available	7.0	0.63		
1104	Theria,Eutheria,Boreoeutheria,Euarchontoglires,Glires,Rodentia,Hystricomorpha,Echimyidae,Proechimys,Proechimys brevicauda	Proechimys brevicauda		2025600	Andean spiny rat, or Short-tailed spiny-rat	Rodentia	0.41	285.0		10.06	6.8	no age record available	no age record available	no age record available	no age record available	6.8	0.68		
1105	Theria,Eutheria,Boreoeutheria,Euarchontoglires,Glires,Rodentia,Hystricomorpha,Echimyidae,Thrichomys,Thrichomys apereoides	Thrichomys apereoides		43327	Common punare, or Brazilian spiny rat	Rodentia	0.49	373.5		10.58	7.0	no age record available	no age record available	no age record available	no age record available	7.0	0.66		
1106	Theria,Eutheria,Boreoeutheria,Euarchontoglires,Glires,Rodentia,Hystricomorpha,Erethizontidae,Coendou,Coendou mexicanus	Coendou mexicanus		637443	Mexican hairy dwarf porcupine	Rodentia	1.58	2000.0	Age at female sexual maturity filled using lineage; 	14.45	16.7	no age record available	no age record available	no age record available	no age record available	16.7	1.16		
1107	Theria,Eutheria,Boreoeutheria,Euarchontoglires,Glires,Rodentia,Castorimorpha,Geomyidae,Thomomys,Thomomys bottae	Thomomys bottae		10013	Botta's pocket gopher	Rodentia	0.87	115.5		8.5	7.12	no age record available	no age record available	no age record available	no age record available	7.12	0.72	1.0	7.12
1108	Theria,Eutheria,Boreoeutheria,Euarchontoglires,Glires,Rodentia,Sciuromorpha,Gliridae,Leithiinae,Eliomys,Eliomys melanurus	Eliomys melanurus		221695	Asian garden dormouse	Rodentia	1.5	122.5		8.6	6.2	no age record available	no age record available	no age record available	no age record available	6.2	0.72		
1109	Theria,Eutheria,Boreoeutheria,Euarchontoglires,Glires,Rodentia,Sciuromorpha,Gliridae,Glirinae,Glirulus,Glirulus japonicus	Glirulus japonicus		55147	Japanese dormouse	Rodentia	0.4	27.0		6.49	7.0	no age record available	no age record available	no age record available	no age record available	7.0	1.08		
1110	Theria,Eutheria,Boreoeutheria,Euarchontoglires,Glires,Rodentia,Sciuromorpha,Gliridae,Graphiurinae,Graphiurus,Graphiurus platyops	Graphiurus platyops		221699	Rock dormouse	Rodentia	1.0	46.1	Age at female sexual maturity filled using lineage; 	7.17	7.3	no age record available	no age record available	no age record available	no age record available	7.3	1.02		
1111	Theria,Eutheria,Boreoeutheria,Euarchontoglires,Glires,Rodentia,Castorimorpha,Heteromyidae,Perognathinae,Chaetodipus,Chaetodipus nelsoni	Chaetodipus nelsoni		145412	Nelson's pocket mouse	Rodentia	0.73	14.4	Age at female sexual maturity filled using lineage; 	5.77	2.58	no age record available	no age record available	no age record available	no age record available	2.58	0.45		
1112	Theria,Eutheria,Boreoeutheria,Euarchontoglires,Glires,Rodentia,Castorimorpha,Heteromyidae,Dipodomyinae,Dipodomys,Dipodomys deserti	Dipodomys deserti		284671	Desert kangaroo rat	Rodentia	0.14	116.0		8.51	9.0	no age record available	no age record available	no age record available	no age record available	9.0	1.06		
1113	Theria,Eutheria,Boreoeutheria,Euarchontoglires,Glires,Rodentia,Castorimorpha,Heteromyidae,Dipodomyinae,Dipodomys,Dipodomys heermanni	Dipodomys heermanni		10018	Heermann's kangaroo rat	Rodentia	0.15	65.0		7.64	8.3	no age record available	no age record available	no age record available	no age record available	8.3	1.09		
1114	Theria,Eutheria,Boreoeutheria,Euarchontoglires,Glires,Rodentia,Castorimorpha,Heteromyidae,Dipodomyinae,Dipodomys,Dipodomys merriami	Dipodomys merriami		94247	Merriam's kangaroo rat	Rodentia	0.28	42.0		7.05	9.7	no age record available	no age record available	no age record available	no age record available	9.7	1.38		
1115	Theria,Eutheria,Boreoeutheria,Euarchontoglires,Glires,Rodentia,Castorimorpha,Heteromyidae,Perognathinae,Perognathus,Perognathus amplus	Perognathus amplus		38408	Arizona pocket mouse	Rodentia	0.31	11.7	Age at female sexual maturity filled using lineage; 	5.55	5.9	no age record available	no age record available	no age record available	no age record available	5.9	1.06		
1116	Theria,Eutheria,Boreoeutheria,Euarchontoglires,Glires,Rodentia,Castorimorpha,Heteromyidae,Perognathinae,Perognathus,Perognathus merriami	Perognathus merriami		38670	Merriam's pocket mouse	Rodentia	0.31	8.0	Age at female sexual maturity filled using lineage; 	5.18	2.5	no age record available	no age record available	no age record available	no age record available	2.5	0.48		
1117	Theria,Eutheria,Boreoeutheria,Euarchontoglires,Glires,Rodentia,Castorimorpha,Heteromyidae,Perognathinae,Perognathus,Perognathus parvus	Perognathus parvus		38671	Great Basin pocket mouse	Rodentia	0.27	20.1		6.14	5.8	no age record available	no age record available	no age record available	no age record available	5.8	0.94		
1118	Theria,Eutheria,Boreoeutheria,Euarchontoglires,Glires,Rodentia,Hystricomorpha,Hystricidae,Hystrix,Hystrix africaeaustralis	Hystrix africaeaustralis		10138	Cape porcupine	Rodentia	1.03	24000.0		22.95	23.1	no age record available	no age record available	no age record available	no age record available	23.1	1.01		
1119	Theria,Eutheria,Boreoeutheria,Euarchontoglires,Glires,Rodentia,Hystricomorpha,Hystricidae,Hystrix,Hystrix cristata	Hystrix cristata		10137	African porcupine	Rodentia	0.9	20000.0		22.18	28.0	no age record available	no age record available	no age record available	no age record available	28.0	1.26		
1120	Theria,Eutheria,Boreoeutheria,Euarchontoglires,Glires,Rodentia,Hystricomorpha,Hystricidae,Hystrix,Hystrix indica	Hystrix indica		192883	Indian crested porcupine	Rodentia	0.94	20000.0	Age at female sexual maturity filled using lineage; 	22.18	27.1	no age record available	no age record available	no age record available	no age record available	27.1	1.22		
1121	Theria,Eutheria,Boreoeutheria,Euarchontoglires,Glires,Rodentia,Myomorpha,Muroidea,Muridae,Deomyinae,Acomys,Acomys cilicicus	Acomys cilicicus		83530	Turkish spiny mouse	Rodentia	0.19	48.0	Mass filled from web encyclopedia; Age at female sexual maturity filled using lineage; 	7.22	4.0	no age record available	no age record available	no age record available	no age record available	4.0	0.55		
1122	Theria,Eutheria,Boreoeutheria,Euarchontoglires,Glires,Rodentia,Myomorpha,Muroidea,Muridae,Deomyinae,Acomys,Acomys russatus	Acomys russatus	Available	60746	Golden spiny mouse	Rodentia	0.25	54.4		7.39	6.59	3.96	4.26	4.91	5.93	5.98	0.81	5.84	6.59
1123	Theria,Eutheria,Boreoeutheria,Euarchontoglires,Glires,Rodentia,Myomorpha,Muroidea,Muridae,Deomyinae,Acomys,Acomys wilsoni	Acomys wilsoni		37436	Wilson's spiny mouse	Rodentia	0.19	20.0	Age at female sexual maturity filled using lineage; 	6.14	5.6	no age record available	no age record available	no age record available	no age record available	5.6	0.91		
1124	Theria,Eutheria,Boreoeutheria,Euarchontoglires,Glires,Rodentia,Myomorpha,Muroidea,Muridae,Murinae,Apodemus,Apodemus argenteus	Apodemus argenteus		61837	Small Japanese field mouse	Rodentia	0.17	23.4		6.32	5.0	no age record available	no age record available	no age record available	no age record available	5.0	0.79		
1125	Theria,Eutheria,Boreoeutheria,Euarchontoglires,Glires,Rodentia,Myomorpha,Muroidea,Muridae,Murinae,Apodemus,Apodemus peninsulae	Apodemus peninsulae		105297	Korean field mouse	Rodentia	0.14	32.9		6.73	4.4	no age record available	no age record available	no age record available	no age record available	4.4	0.65		
1126	Theria,Eutheria,Boreoeutheria,Euarchontoglires,Glires,Rodentia,Myomorpha,Muroidea,Muridae,Murinae,Apodemus,Apodemus speciosus	Apodemus speciosus		105296	Large Japanese field mouse	Rodentia	0.25	44.0		7.11	5.3	no age record available	no age record available	no age record available	no age record available	5.3	0.75		
1127	Theria,Eutheria,Boreoeutheria,Euarchontoglires,Glires,Rodentia,Myomorpha,Muroidea,Muridae,Murinae,Arvicanthis,Arvicanthis niloticus	Arvicanthis niloticus	Available	61156	Nile kusu	Rodentia	0.12	110.0		8.43	6.7	3.78	3.85	3.9	3.97	3.98	0.47	4.0	4.0
1128	Theria,Eutheria,Boreoeutheria,Euarchontoglires,Glires,Rodentia,Myomorpha,Muroidea,Muridae,Murinae,Chiropodomys,Chiropodomys gliroides	Chiropodomys gliroides		491874	Pencil-tailed tree mouse	Rodentia	0.28	29.0		6.58	3.6	no age record available	no age record available	no age record available	no age record available	3.6	0.55		
1129	Theria,Eutheria,Boreoeutheria,Euarchontoglires,Glires,Rodentia,Myomorpha,Muroidea,Muridae,Murinae,Conilurus,Conilurus penicillatus	Conilurus penicillatus		10127	Brush-tailed rabbit rat	Rodentia	0.28	144.0	Age at female sexual maturity filled using lineage; 	8.86	4.5	no age record available	no age record available	no age record available	no age record available	4.5	0.51		
1130	Theria,Eutheria,Boreoeutheria,Euarchontoglires,Glires,Rodentia,Myomorpha,Muroidea,Muridae,Murinae,Crateromys,Crateromys heaneyi	Crateromys heaneyi		349701	Panay crateromys	Rodentia	0.28	1000.0	Mass filled from web encyclopedia; Age at female sexual maturity filled using lineage; 	12.71	8.8	no age record available	no age record available	no age record available	no age record available	8.8	0.69		
1131	Theria,Eutheria,Boreoeutheria,Euarchontoglires,Glires,Rodentia,Myomorpha,Muroidea,Muridae,Gerbillinae,Desmodillus,Desmodillus auricularis	Desmodillus auricularis		298896	Cape short-eared gerbil	Rodentia	0.24	54.5	Age at female sexual maturity filled using lineage; 	7.4	6.1	no age record available	no age record available	no age record available	no age record available	6.1	0.82		
1132	Theria,Eutheria,Boreoeutheria,Euarchontoglires,Glires,Rodentia,Myomorpha,Muroidea,Muridae,Gerbillinae,Dipodillus,Dipodillus campestris	Dipodillus campestris		41199	North African gerbil	Rodentia	0.24	28.4	Age at female sexual maturity filled using lineage; 	6.55	7.3	no age record available	no age record available	no age record available	no age record available	7.3	1.11		
1133	Theria,Eutheria,Boreoeutheria,Euarchontoglires,Glires,Rodentia,Myomorpha,Muroidea,Muridae,Gerbillinae,Gerbilliscus,Gerbilliscus afer	Gerbilliscus afer		3370000	Cape gerbil	Rodentia	0.42	74.8		7.84	5.7	no age record available	no age record available	no age record available	no age record available	5.7	0.73		
1134	Theria,Eutheria,Boreoeutheria,Euarchontoglires,Glires,Rodentia,Myomorpha,Muroidea,Muridae,Gerbillinae,Gerbilliscus,Gerbilliscus validus	Gerbilliscus validus		410306	Southern savanna gerbil	Rodentia	0.27	113.0		8.47	5.0	no age record available	no age record available	no age record available	no age record available	5.0	0.59		
1135	Theria,Eutheria,Boreoeutheria,Euarchontoglires,Glires,Rodentia,Myomorpha,Muroidea,Muridae,Gerbillinae,Gerbillus,Gerbillus gerbillus	Gerbillus gerbillus		298880	Lesser Egyptian gerbil	Rodentia	0.23	30.0	Age at female sexual maturity filled using lineage; 	6.62	5.9	no age record available	no age record available	no age record available	no age record available	5.9	0.89		
1136	Theria,Eutheria,Boreoeutheria,Euarchontoglires,Glires,Rodentia,Myomorpha,Muroidea,Muridae,Gerbillinae,Gerbillus,Gerbillus nanus	Gerbillus nanus		298881	Baluchistan gerbil	Rodentia	0.23	18.5	Age at female sexual maturity filled using lineage; 	6.05	4.5	no age record available	no age record available	no age record available	no age record available	4.5	0.74		
1137	Theria,Eutheria,Boreoeutheria,Euarchontoglires,Glires,Rodentia,Myomorpha,Muroidea,Muridae,Gerbillinae,Gerbillus,Gerbillus perpallidus	Gerbillus perpallidus		522528	Pale gerbil	Rodentia	0.25	50.0		7.28	5.5	no age record available	no age record available	no age record available	no age record available	5.5	0.76		
1138	Theria,Eutheria,Boreoeutheria,Euarchontoglires,Glires,Rodentia,Myomorpha,Muroidea,Muridae,Murinae,Hydromys,Hydromys chrysogaster	Hydromys chrysogaster		160448	Golden-bellied water rat	Rodentia	0.45	850.0		12.33	7.3	no age record available	no age record available	no age record available	no age record available	7.3	0.59		
1139	Theria,Eutheria,Boreoeutheria,Euarchontoglires,Glires,Rodentia,Myomorpha,Muroidea,Muridae,Murinae,Lemniscomys,Lemniscomys barbarus	Lemniscomys barbarus		54111	Barbary striped grass mouse	Rodentia	0.46	26.2	Age at female sexual maturity filled using lineage; 	6.45	4.4	no age record available	no age record available	no age record available	no age record available	4.4	0.68		
1140	Theria,Eutheria,Boreoeutheria,Euarchontoglires,Glires,Rodentia,Myomorpha,Muroidea,Muridae,Murinae,Leporillus,Leporillus conditor	Leporillus conditor		253152	Greater stick-nest rat	Rodentia	0.62	332.5		10.35	5.3	no age record available	no age record available	no age record available	no age record available	5.3	0.51		
1141	Theria,Eutheria,Boreoeutheria,Euarchontoglires,Glires,Rodentia,Myomorpha,Muroidea,Muridae,Gerbillinae,Meriones,Meriones libycus	Meriones libycus		298886	Libyan jird	Rodentia	0.25	100.0		8.28	5.2	no age record available	no age record available	no age record available	no age record available	5.2	0.63		
1142	Theria,Eutheria,Boreoeutheria,Euarchontoglires,Glires,Rodentia,Myomorpha,Muroidea,Muridae,Gerbillinae,Meriones,Meriones meridianus	Meriones meridianus		261754	Mid-day jird	Rodentia	0.2	53.0	Age at female sexual maturity filled using lineage; 	7.36	6.8	no age record available	no age record available	no age record available	no age record available	6.8	0.92		
1143	Theria,Eutheria,Boreoeutheria,Euarchontoglires,Glires,Rodentia,Myomorpha,Muroidea,Muridae,Gerbillinae,Meriones,Meriones persicus	Meriones persicus		1395794	Persian jird	Rodentia	0.2	100.0	Age at female sexual maturity filled using lineage; 	8.28	6.0	no age record available	no age record available	no age record available	no age record available	6.0	0.72		
1144	Theria,Eutheria,Boreoeutheria,Euarchontoglires,Glires,Rodentia,Myomorpha,Muroidea,Muridae,Gerbillinae,Meriones,Meriones vinogradovi	Meriones vinogradovi		1920703	Vinogradov's jird	Rodentia	0.2	150.0	Age at female sexual maturity filled using lineage; 	8.93	6.7	no age record available	no age record available	no age record available	no age record available	6.7	0.75		
1145	Theria,Eutheria,Boreoeutheria,Euarchontoglires,Glires,Rodentia,Myomorpha,Muroidea,Muridae,Murinae,Mesembriomys,Mesembriomys macrurus	Mesembriomys macrurus		442659	Golden-backed tree rat	Rodentia	0.19	268.5	Age at female sexual maturity filled using lineage; 	9.95	7.1	no age record available	no age record available	no age record available	no age record available	7.1	0.71		
1146	Theria,Eutheria,Boreoeutheria,Euarchontoglires,Glires,Rodentia,Myomorpha,Muroidea,Muridae,Murinae,Micaelamys,Micaelamys namaquensis	Micaelamys namaquensis		472707	Namaqua rock rat, or Rock mouse	Rodentia	0.28	47.6	Age at female sexual maturity filled using lineage; 	7.21	4.7	no age record available	no age record available	no age record available	no age record available	4.7	0.65		
1147	Theria,Eutheria,Boreoeutheria,Euarchontoglires,Glires,Rodentia,Myomorpha,Muroidea,Muridae,Murinae,Mus,Mus,Mus spicilegus	Mus spicilegus		10103	Mound-building mouse	Rodentia	0.18	19.9		6.13	3.5	no age record available	no age record available	no age record available	no age record available	3.5	0.57		
1148	Theria,Eutheria,Boreoeutheria,Euarchontoglires,Glires,Rodentia,Myomorpha,Muroidea,Muridae,Murinae,Notomys,Notomys mitchellii	Notomys mitchellii		442590	Mitchell's hopping mouse	Rodentia	0.2	52.0		7.33	5.3	no age record available	no age record available	no age record available	no age record available	5.3	0.72		
1149	Theria,Eutheria,Boreoeutheria,Euarchontoglires,Glires,Rodentia,Myomorpha,Muroidea,Muridae,Murinae,Phloeomys,Phloeomys cumingi	Phloeomys cumingi		248813	Slender-tailed cloud rat	Rodentia	0.28	1750.0	Age at female sexual maturity filled using lineage; 	14.1	13.6	no age record available	no age record available	no age record available	no age record available	13.6	0.96		
1150	Theria,Eutheria,Boreoeutheria,Euarchontoglires,Glires,Rodentia,Myomorpha,Muroidea,Muridae,Murinae,Phloeomys,Phloeomys pallidus	Phloeomys pallidus		1330388	Northern Luzon slender-tailed cloud rat	Rodentia	0.28	1744.0	Age at female sexual maturity filled using lineage; 	14.09	10.7	no age record available	no age record available	no age record available	no age record available	10.7	0.76		
1151	Theria,Eutheria,Boreoeutheria,Euarchontoglires,Glires,Rodentia,Myomorpha,Muroidea,Muridae,Gerbillinae,Psammomys,Psammomys obesus	Psammomys obesus		48139	Fat sand rat	Rodentia	0.27	212.0		9.52	3.2	no age record available	no age record available	no age record available	no age record available	3.2	0.34		
1152	Theria,Eutheria,Boreoeutheria,Euarchontoglires,Glires,Rodentia,Myomorpha,Muroidea,Muridae,Murinae,Pseudomys,Pseudomys chapmani	Pseudomys chapmani		221128	Western pebble-mound mouse	Rodentia	0.69	12.0	Age at female sexual maturity filled using lineage; 	5.58	6.8	no age record available	no age record available	no age record available	no age record available	6.8	1.22		
1153	Theria,Eutheria,Boreoeutheria,Euarchontoglires,Glires,Rodentia,Myomorpha,Muroidea,Muridae,Murinae,Pseudomys,Pseudomys fumeus	Pseudomys fumeus		442609	Smoky mouse	Rodentia	0.69	70.0	Age at female sexual maturity filled using lineage; 	7.75	6.5	no age record available	no age record available	no age record available	no age record available	6.5	0.84		
1154	Theria,Eutheria,Boreoeutheria,Euarchontoglires,Glires,Rodentia,Myomorpha,Muroidea,Muridae,Murinae,Pseudomys,Pseudomys laborifex	Pseudomys laborifex		442613	Kimberly mouse	Rodentia	0.69	12.0	Age at female sexual maturity filled using lineage; 	5.58	6.9	no age record available	no age record available	no age record available	no age record available	6.9	1.24		
1155	Theria,Eutheria,Boreoeutheria,Euarchontoglires,Glires,Rodentia,Myomorpha,Muroidea,Muridae,Murinae,Pseudomys,Pseudomys shortridgei	Pseudomys shortridgei		442619	Heath mouse	Rodentia	0.92	64.0		7.62	6.0	no age record available	no age record available	no age record available	no age record available	6.0	0.79		
1156	Theria,Eutheria,Boreoeutheria,Euarchontoglires,Glires,Rodentia,Myomorpha,Muroidea,Muridae,Murinae,Rattus,Rattus fuscipes	Rattus fuscipes		10119	Bush rat	Rodentia	0.29	130.0		8.69	5.3	no age record available	no age record available	no age record available	no age record available	5.3	0.61		
1157	Theria,Eutheria,Boreoeutheria,Euarchontoglires,Glires,Rodentia,Myomorpha,Muroidea,Muridae,Murinae,Rattus,Rattus lutreolus	Rattus lutreolus		472760	Australian swamp rat	Rodentia	0.22	115.0		8.5	4.4	no age record available	no age record available	no age record available	no age record available	4.4	0.52		
1158	Theria,Eutheria,Boreoeutheria,Euarchontoglires,Glires,Rodentia,Myomorpha,Muroidea,Muridae,Murinae,Rattus,Rattus norvegicus	Rattus norvegicus	Available	10116	Norway rat	Rodentia	0.25	300.0		10.16	8.94	2.95	3.22	3.55	4.04	4.56	0.45	8.94	6.77
1159	Theria,Eutheria,Boreoeutheria,Euarchontoglires,Glires,Rodentia,Myomorpha,Muroidea,Muridae,Murinae,Zyzomys,Zyzomys palatalis	Zyzomys palatalis		2303643	Carpentarian rock rat	Rodentia	0.42	123.0	Age at female sexual maturity filled using lineage; 	8.6	6.2	no age record available	no age record available	no age record available	no age record available	6.2	0.72		
1160	Theria,Eutheria,Boreoeutheria,Euarchontoglires,Glires,Rodentia,Myomorpha,Muroidea,Muridae,Murinae,Zyzomys,Zyzomys pedunculatus	Zyzomys pedunculatus		442625	Central rock rat	Rodentia	0.42	100.0	Age at female sexual maturity filled using lineage; 	8.28	7.5	no age record available	no age record available	no age record available	no age record available	7.5	0.91		
1161	Theria,Eutheria,Boreoeutheria,Euarchontoglires,Glires,Rodentia,Myomorpha,Muroidea,Nesomyidae,Cricetomyinae,Cricetomys,Cricetomys emini	Cricetomys emini		107265	Giant rat	Rodentia	0.44	1300.0		13.34	7.4	no age record available	no age record available	no age record available	no age record available	7.4	0.55		
1162	Theria,Eutheria,Boreoeutheria,Euarchontoglires,Glires,Rodentia,Myomorpha,Muroidea,Nesomyidae,Cricetomyinae,Cricetomys,Cricetomys gambianus	Cricetomys gambianus		10085	Gambian rat	Rodentia	0.43	1500.0		13.7	8.4	no age record available	no age record available	no age record available	no age record available	8.4	0.61		
1163	Theria,Eutheria,Boreoeutheria,Euarchontoglires,Glires,Rodentia,Myomorpha,Muroidea,Nesomyidae,Dendromurinae,Dendromus,Dendromus melanotis	Dendromus melanotis		1424209	Gray climbing mouse	Rodentia	0.66	7.4	Age at female sexual maturity filled using lineage; 	5.1	4.2	no age record available	no age record available	no age record available	no age record available	4.2	0.82		
1164	Theria,Eutheria,Boreoeutheria,Euarchontoglires,Glires,Rodentia,Myomorpha,Muroidea,Nesomyidae,Nesomyinae,Hypogeomys,Hypogeomys antimena	Hypogeomys antimena		89379	Malagasy giant rat	Rodentia	2.0	1250.0		13.24	12.6	no age record available	no age record available	no age record available	no age record available	12.6	0.95		
1165	Theria,Eutheria,Boreoeutheria,Euarchontoglires,Glires,Rodentia,Sciuromorpha,Sciuridae,Xerinae,Marmotini,Ammospermophilus,Ammospermophilus harrisii	Ammospermophilus harrisii		45487	Harris's antelope squirrel	Rodentia	0.87	126.0		8.64	10.6	no age record available	no age record available	no age record available	no age record available	10.6	1.23		
1166	Theria,Eutheria,Boreoeutheria,Euarchontoglires,Glires,Rodentia,Sciuromorpha,Sciuridae,Xerinae,Marmotini,Ammospermophilus,Ammospermophilus nelsoni	Ammospermophilus nelsoni		2502157	Nelson's antelope squirrel	Rodentia	1.03	154.5		8.98	5.67	no age record available	no age record available	no age record available	no age record available	5.67	0.63		
1167	Theria,Eutheria,Boreoeutheria,Euarchontoglires,Glires,Rodentia,Sciuromorpha,Sciuridae,Callosciurinae,Callosciurini,Callosciurus,Callosciurus caniceps	Callosciurus caniceps		64664	Gray-bellied squirrel	Rodentia	1.13	257.0	Age at female sexual maturity filled using lineage; 	9.87	13.7	no age record available	no age record available	no age record available	no age record available	13.7	1.39		
1168	Theria,Eutheria,Boreoeutheria,Euarchontoglires,Glires,Rodentia,Sciuromorpha,Sciuridae,Callosciurinae,Callosciurini,Callosciurus,Callosciurus finlaysonii	Callosciurus finlaysonii		127500	Finlayson's squirrel	Rodentia	1.13	278.0	Mass filled from web encyclopedia; Age at female sexual maturity filled using lineage; 	10.01	12.8	no age record available	no age record available	no age record available	no age record available	12.8	1.28		
1169	Theria,Eutheria,Boreoeutheria,Euarchontoglires,Glires,Rodentia,Sciuromorpha,Sciuridae,Callosciurinae,Callosciurini,Callosciurus,Callosciurus prevostii	Callosciurus prevostii		64676	Prevost's squirrel	Rodentia	1.13	400.0	Age at female sexual maturity filled using lineage; 	10.71	21.1	no age record available	no age record available	no age record available	no age record available	21.1	1.97		
1170	Theria,Eutheria,Boreoeutheria,Euarchontoglires,Glires,Rodentia,Sciuromorpha,Sciuridae,Xerinae,Marmotini,Callospermophilus,Callospermophilus lateralis	Callospermophilus lateralis		76772	Golden-mantled ground squirrel	Rodentia	1.74	157.6		9.01	10.4	no age record available	no age record available	no age record available	no age record available	10.4	1.15		
1171	Theria,Eutheria,Boreoeutheria,Euarchontoglires,Glires,Rodentia,Sciuromorpha,Sciuridae,Callosciurinae,Funambulini,Funisciurus,Funisciurus anerythrus	Funisciurus anerythrus		1235483	Thomas's rope squirrel	Rodentia	0.5	218.0	Age at female sexual maturity filled using lineage; 	9.57	10.0	no age record available	no age record available	no age record available	no age record available	10.0	1.04		
1172	Theria,Eutheria,Boreoeutheria,Euarchontoglires,Glires,Rodentia,Sciuromorpha,Sciuridae,Callosciurinae,Funambulini,Funisciurus,Funisciurus pyrropus	Funisciurus pyrropus		226680	Fire-footed rope squirrel	Rodentia	0.5	271.7	Age at female sexual maturity filled using lineage; 	9.97	9.5	no age record available	no age record available	no age record available	no age record available	9.5	0.95		
1173	Theria,Eutheria,Boreoeutheria,Euarchontoglires,Glires,Rodentia,Sciuromorpha,Sciuridae,Xerinae,Marmotini,Ictidomys,Ictidomys tridecemlineatus	Ictidomys tridecemlineatus	Available	43179	Thirteen-lined ground squirrel	Rodentia	0.97	172.7		9.17	7.9	6.72	6.91	6.9	6.98	6.98	0.76	6.93	7.0
1174	Theria,Eutheria,Boreoeutheria,Euarchontoglires,Glires,Rodentia,Sciuromorpha,Sciuridae,Xerinae,Marmotini,Marmota,Marmota caligata	Marmota caligata		93160	Hoary marmot	Rodentia	2.49	4300.0		16.67	12.1	no age record available	no age record available	no age record available	no age record available	12.1	0.73		
1175	Theria,Eutheria,Boreoeutheria,Euarchontoglires,Glires,Rodentia,Sciuromorpha,Sciuridae,Xerinae,Marmotini,Marmota,Marmota monax	Marmota monax	Available	9995	Woodchuck	Rodentia	1.5	4000.0		16.44	15.0	9.96	10.86	11.74	12.85	13.72	0.83	15.0	15.0
1176	Theria,Eutheria,Boreoeutheria,Euarchontoglires,Glires,Rodentia,Sciuromorpha,Sciuridae,Xerinae,Marmotini,Marmota,Marmota vancouverensis	Marmota vancouverensis		93167	Vancouver marmot	Rodentia	3.25	4750.0		16.98	12.1	no age record available	no age record available	no age record available	no age record available	12.1	0.71		
1177	Theria,Eutheria,Boreoeutheria,Euarchontoglires,Glires,Rodentia,Sciuromorpha,Sciuridae,Xerinae,Marmotini,Otospermophilus,Otospermophilus variegatus	Otospermophilus variegatus		45472	Rock squirrel	Rodentia	1.15	663.0		11.77	9.8	no age record available	no age record available	no age record available	no age record available	9.8	0.83		
1178	Theria,Eutheria,Boreoeutheria,Euarchontoglires,Glires,Rodentia,Sciuromorpha,Sciuridae,Sciurinae,Pteromyini,Petaurista,Petaurista alborufus	Petaurista alborufus		89094	Red and white giant flying squirrel	Rodentia	0.99	1700.0	Age at female sexual maturity filled using lineage; 	14.02	21.4	no age record available	no age record available	no age record available	no age record available	21.4	1.53		
1179	Theria,Eutheria,Boreoeutheria,Euarchontoglires,Glires,Rodentia,Sciuromorpha,Sciuridae,Sciurinae,Pteromyini,Petaurista,Petaurista leucogenys	Petaurista leucogenys		55156	Japanese giant flying squirrel	Rodentia	0.99	1650.0	Age at female sexual maturity filled using lineage; 	13.95	19.2	no age record available	no age record available	no age record available	no age record available	19.2	1.38		
1180	Theria,Eutheria,Boreoeutheria,Euarchontoglires,Glires,Rodentia,Sciuromorpha,Sciuridae,Xerinae,Marmotini,Poliocitellus,Poliocitellus franklinii	Poliocitellus franklinii		45470	Franklin's ground squirrel	Rodentia	0.9	459.0		10.99	7.2	no age record available	no age record available	no age record available	no age record available	7.2	0.65		
1181	Theria,Eutheria,Boreoeutheria,Euarchontoglires,Glires,Rodentia,Sciuromorpha,Sciuridae,Ratufinae,Ratufa,Ratufa bicolor	Ratufa bicolor		226822	Black giant squirrel	Rodentia	2.95	2000.0		14.45	19.0	no age record available	no age record available	no age record available	no age record available	19.0	1.31		
1182	Theria,Eutheria,Boreoeutheria,Euarchontoglires,Glires,Rodentia,Sciuromorpha,Sciuridae,Ratufinae,Ratufa,Ratufa indica	Ratufa indica		1639871	Indian giant squirrel	Rodentia	2.95	2000.0	Age at female sexual maturity filled using lineage; 	14.45	20.0	no age record available	no age record available	no age record available	no age record available	20.0	1.38		
1183	Theria,Eutheria,Boreoeutheria,Euarchontoglires,Glires,Rodentia,Sciuromorpha,Sciuridae,Sciurinae,Sciurini,Sciurus,Sciurus aureogaster	Sciurus aureogaster		1357733	Red-bellied squirrel	Rodentia	0.89	600.0	Age at female sexual maturity filled using lineage; 	11.55	11.5	no age record available	no age record available	no age record available	no age record available	11.5	1.0		
1184	Theria,Eutheria,Boreoeutheria,Euarchontoglires,Glires,Rodentia,Sciuromorpha,Sciuridae,Sciurinae,Sciurini,Sciurus,Sciurus granatensis	Sciurus granatensis		226870	Red-tailed squirrel	Rodentia	0.89	374.0	Age at female sexual maturity filled using lineage; 	10.58	11.5	no age record available	no age record available	no age record available	no age record available	11.5	1.09		
1185	Theria,Eutheria,Boreoeutheria,Euarchontoglires,Glires,Rodentia,Sciuromorpha,Sciuridae,Sciurinae,Sciurini,Sciurus,Sciurus niger	Sciurus niger	Available	34861	Eastern fox squirrel	Rodentia	0.97	800.0		12.19	16.0	11.5	13.63	14.0	15.34	16.0	1.31	15.89	11.92
1186	Theria,Eutheria,Boreoeutheria,Euarchontoglires,Glires,Rodentia,Sciuromorpha,Sciuridae,Sciurinae,Sciurini,Sciurus,Sciurus variegatoides	Sciurus variegatoides		226875	Variegated squirrel	Rodentia	0.89	485.0	Age at female sexual maturity filled using lineage; 	11.11	15.1	no age record available	no age record available	no age record available	no age record available	15.1	1.36		
1187	Theria,Eutheria,Boreoeutheria,Euarchontoglires,Glires,Rodentia,Sciuromorpha,Sciuridae,Xerinae,Marmotini,Spermophilus,Spermophilus citellus	Spermophilus citellus		9997	European ground squirrel	Rodentia	0.86	217.0		9.56	6.7	no age record available	no age record available	no age record available	no age record available	6.7	0.7		
1188	Theria,Eutheria,Boreoeutheria,Euarchontoglires,Glires,Rodentia,Sciuromorpha,Sciuridae,Xerinae,Marmotini,Spermophilus,Spermophilus pygmaeus	Spermophilus pygmaeus		99855	Little ground squirrel	Rodentia	0.86	136.0	Age at female sexual maturity filled using lineage; 	8.77	7.1	no age record available	no age record available	no age record available	no age record available	7.1	0.81		
1189	Theria,Eutheria,Boreoeutheria,Euarchontoglires,Glires,Rodentia,Sciuromorpha,Sciuridae,Callosciurinae,Callosciurini,Sundasciurus,Sundasciurus hippurus	Sundasciurus hippurus		1620830	Horse-tailed squirrel	Rodentia	1.13	312.5	Age at female sexual maturity filled using lineage; 	10.23	14.0	no age record available	no age record available	no age record available	no age record available	14.0	1.37		
1190	Theria,Eutheria,Boreoeutheria,Euarchontoglires,Glires,Rodentia,Sciuromorpha,Sciuridae,Callosciurinae,Callosciurini,Sundasciurus,Sundasciurus lowii	Sundasciurus lowii		1002722	Low's squirrel	Rodentia	1.13	67.0	Age at female sexual maturity filled using lineage; 	7.69	11.1	no age record available	no age record available	no age record available	no age record available	11.1	1.44		
1191	Theria,Eutheria,Boreoeutheria,Euarchontoglires,Glires,Rodentia,Sciuromorpha,Sciuridae,Callosciurinae,Callosciurini,Sundasciurus,Sundasciurus tenuis	Sundasciurus tenuis		1620839	Slender squirrel	Rodentia	1.13	75.0	Age at female sexual maturity filled using lineage; 	7.85	10.0	no age record available	no age record available	no age record available	no age record available	10.0	1.27		
1192	Theria,Eutheria,Boreoeutheria,Euarchontoglires,Glires,Rodentia,Sciuromorpha,Sciuridae,Xerinae,Marmotini,Tamias,Tamias amoenus	Tamias amoenus		64679	Yellow-pine chipmunk	Rodentia	1.0	48.2		7.23	5.17	no age record available	no age record available	no age record available	no age record available	5.17	0.71		
1193	Theria,Eutheria,Boreoeutheria,Euarchontoglires,Glires,Rodentia,Sciuromorpha,Sciuridae,Xerinae,Marmotini,Tamias,Tamias dorsalis	Tamias dorsalis		45467	Cliff chipmunk	Rodentia	0.9	62.8	Age at female sexual maturity filled using lineage; 	7.59	12.6	no age record available	no age record available	no age record available	no age record available	12.6	1.66		
1194	Theria,Eutheria,Boreoeutheria,Euarchontoglires,Glires,Rodentia,Sciuromorpha,Sciuridae,Xerinae,Marmotini,Tamias,Tamias minimus	Tamias minimus		45468	Least chipmunk	Rodentia	1.0	44.1		7.11	10.0	no age record available	no age record available	no age record available	no age record available	10.0	1.41		
1195	Theria,Eutheria,Boreoeutheria,Euarchontoglires,Glires,Rodentia,Sciuromorpha,Sciuridae,Xerinae,Marmotini,Tamias,Tamias sibiricus	Tamias sibiricus		64680	Siberian chipmunk	Rodentia	0.96	85.0		8.03	9.6	no age record available	no age record available	no age record available	no age record available	9.6	1.2		
1196	Theria,Eutheria,Boreoeutheria,Euarchontoglires,Glires,Rodentia,Sciuromorpha,Sciuridae,Xerinae,Marmotini,Tamias,Tamias townsendii	Tamias townsendii		123796	Townsend's chipmunk	Rodentia	0.97	75.0		7.85	9.3	no age record available	no age record available	no age record available	no age record available	9.3	1.19		
1197	Theria,Eutheria,Boreoeutheria,Euarchontoglires,Glires,Rodentia,Sciuromorpha,Sciuridae,Xerinae,Marmotini,Xerospermophilus,Xerospermophilus mohavensis	Xerospermophilus mohavensis		99847	Mohave ground squirrel	Rodentia	0.89	150.0	Age at female sexual maturity filled using lineage; 	8.93	7.8	no age record available	no age record available	no age record available	no age record available	7.8	0.87		
1198	Theria,Eutheria,Boreoeutheria,Euarchontoglires,Glires,Rodentia,Sciuromorpha,Sciuridae,Xerinae,Marmotini,Xerospermophilus,Xerospermophilus tereticaudus	Xerospermophilus tereticaudus		99860	Round-tailed ground squirrel	Rodentia	0.89	163.3		9.07	8.9	no age record available	no age record available	no age record available	no age record available	8.9	0.98		
1199	Theria,Eutheria,Boreoeutheria,Euarchontoglires,Glires,Rodentia,Myomorpha,Muroidea,Spalacidae,Spalacinae,Nannospalax,Nannospalax ehrenbergi	Nannospalax ehrenbergi		30637	Palestine mole rat	Rodentia	0.41	160.0	Age at female sexual maturity filled using lineage; 	9.04	20.2	no age record available	no age record available	no age record available	no age record available	20.2	2.24		
1200	Theria,Eutheria,Boreoeutheria,Euarchontoglires,Scandentia,Tupaiidae,Tupaia,Tupaia minor	Tupaia minor		143289	Pygmy tree shrew	Scandentia	0.17	58.6		7.5	12.2	no age record available	no age record available	no age record available	no age record available	12.2	1.63		
1201	Theria,Eutheria,Boreoeutheria,Euarchontoglires,Scandentia,Tupaiidae,Tupaia,Tupaia tana	Tupaia tana	Available	70687	Large tree shrew	Scandentia	1.0	197.8		9.4	14.0	8.95	9.67	9.94	10.57	10.9	1.16	11.39	11.53
1202	Theria,Eutheria,Boreoeutheria,Laurasiatheria,Eulipotyphla,Soricidae,Soricinae,Blarina,Blarina hylophaga	Blarina hylophaga		183659	Elliot's short-tailed shrew	Eulipotyphla	0.23	14.5		5.78	2.8	no age record available	no age record available	no age record available	no age record available	2.8	0.48		
1203	Theria,Eutheria,Boreoeutheria,Laurasiatheria,Eulipotyphla,Soricidae,Crocidurinae,Crocidura,Crocidura flavescens	Crocidura flavescens		214442	Greater red musk shrew	Eulipotyphla	0.31	45.0	Age at female sexual maturity filled using lineage; 	7.14	2.2	no age record available	no age record available	no age record available	no age record available	2.2	0.31		
1204	Theria,Eutheria,Boreoeutheria,Laurasiatheria,Eulipotyphla,Soricidae,Soricinae,Cryptotis,Cryptotis parvus	Cryptotis parvus		183661	Least shrew	Eulipotyphla	0.11	4.5		4.65	3.5	no age record available	no age record available	no age record available	no age record available	3.5	0.75		
1205	Theria,Eutheria,Boreoeutheria,Laurasiatheria,Eulipotyphla,Soricidae,Crocidurinae,Myosorex,Myosorex varius	Myosorex varius		389264	Forest shrew	Eulipotyphla	0.41	17.5	Age at female sexual maturity filled using lineage; 	5.99	2.1	no age record available	no age record available	no age record available	no age record available	2.1	0.35		
1206	Theria,Eutheria,Boreoeutheria,Laurasiatheria,Eulipotyphla,Talpidae,Condylura,Condylura cristata	Condylura cristata		143302	Star-nosed mole	Eulipotyphla	0.83	55.3		7.42	2.5	no age record available	no age record available	no age record available	no age record available	2.5	0.34		
1207	Theria,Eutheria,Boreoeutheria,Laurasiatheria,Eulipotyphla,Talpidae,Mogera,Mogera wogura	Mogera wogura		62295	Japanese mole	Eulipotyphla	0.91	97.0	Age at female sexual maturity filled using lineage; 	8.23	3.2	no age record available	no age record available	no age record available	no age record available	3.2	0.39		
1208	Theria,Eutheria,Boreoeutheria,Laurasiatheria,Artiodactyla,Ruminantia,Pecora,Bovidae,Alcelaphinae,Alcelaphus,Alcelaphus caama	Alcelaphus caama		59519	Red Hartebeest	Artiodactyla	2.0	150000.0	Mass filled from web encyclopedia; Age at female sexual maturity filled using lineage; 	32.27	15.33	no age record available	no age record available	no age record available	no age record available	15.33	0.48		
1209	Theria,Eutheria,Boreoeutheria,Laurasiatheria,Artiodactyla,Ruminantia,Pecora,Cervidae,Odocoileinae,Alces,Alces americanus	Alces americanus		999462	Moose	Artiodactyla	2.06	700000.0	Mass filled from web encyclopedia; Age at female sexual maturity filled using lineage; 	42.97	25.0	no age record available	no age record available	no age record available	no age record available	25.0	0.58		
1210	Theria,Eutheria,Boreoeutheria,Laurasiatheria,Carnivora,Caniformia,Pinnipedia,Otariidae,Arctocephalus,Arctocephalus townsendi	Arctocephalus townsendi		161921	Guadalupe Fur Seal	Carnivora	5.0	181437.0	Mass filled from web encyclopedia; 	33.43	24.0	no age record available	no age record available	no age record available	no age record available	24.0	0.72		
1211	Theria,Eutheria,Boreoeutheria,Laurasiatheria,Artiodactyla,Whippomorpha,Cetacea,Mysticeti,Balaenopteridae,Balaenoptera,Balaenoptera bonaerensis	Balaenoptera bonaerensis		33556	Antarctic Minke Whale	Artiodactyla	7.5	8800000.0	Mass filled from web encyclopedia; 	68.81	73.0	no age record available	no age record available	no age record available	no age record available	73.0	1.06		
1212	Theria,Eutheria,Boreoeutheria,Laurasiatheria,Artiodactyla,Whippomorpha,Cetacea,Odontoceti,Ziphiidae,Berardius,Berardius arnuxii	Berardius arnuxii		74391	Arnoux's Beaked Whale	Artiodactyla	12.0	90000000.0	Mass filled from web encyclopedia; Age at female sexual maturity filled using lineage; 	106.04	84.0	no age record available	no age record available	no age record available	no age record available	84.0	0.79		
1213	Theria,Eutheria,Boreoeutheria,Laurasiatheria,Artiodactyla,Ruminantia,Pecora,Bovidae,Cephalophinae,Cephalophorus,Cephalophorus leucogaster	Cephalophorus leucogaster		70738	White-bellied Duiker	Artiodactyla	0.74	20000.0	Mass filled from web encyclopedia; Age at female sexual maturity filled using lineage; Curated max low relative to order, likely underestimation;	22.18	5.33	no age record available	no age record available	no age record available	no age record available	5.33	0.24		
1214	Theria,Eutheria,Boreoeutheria,Laurasiatheria,Artiodactyla,Ruminantia,Pecora,Bovidae,Cephalophinae,Cephalophus,Cephalophus spadix	Cephalophus spadix		129231	Abbott's Duiker	Artiodactyla	1.58	55000.0	Mass filled from web encyclopedia; Age at female sexual maturity filled using lineage; Curated max low relative to order, likely underestimation;	26.77	5.42	no age record available	no age record available	no age record available	no age record available	5.42	0.2		
1215	Theria,Eutheria,Afrotheria,Afrosoricida,Chrysochloridae,Chrysochlorinae,Chrysospalax,Chrysospalax trevelyani	Chrysospalax trevelyani		176108	Giant Golden Mole	Afrosoricida	0.95	500.0	Mass filled from web encyclopedia; Age at female sexual maturity filled using lineage; 	11.17	4.0	no age record available	no age record available	no age record available	no age record available	4.0	0.36		
1216	Theria,Eutheria,Boreoeutheria,Laurasiatheria,Chiroptera,Yinpterochiroptera,Pteropodoidea,Pteropodidae,Cynopterinae,Cynopterus,Cynopterus horsfieldii	Cynopterus horsfieldii		298109	Horsfield's Fruit Bat	Chiroptera	0.5	60.0	Mass filled from web encyclopedia; Age at female sexual maturity filled using lineage; Curated max low relative to order, likely underestimation;	7.53	2.58	no age record available	no age record available	no age record available	no age record available	2.58	0.34		
1217	Theria,Metatheria,Dasyuromorphia,Dasyuridae,Dasyurus,Dasyurus spartacus	Dasyurus spartacus		32546	Bronze Quoll	Dasyuromorphia	0.93	1100.0	Mass filled from web encyclopedia; Age at female sexual maturity filled using lineage; 	12.93	3.0	no age record available	no age record available	no age record available	no age record available	3.0	0.23		
1218	Theria,Metatheria,Diprotodontia,Macropodidae,Dendrolagus,Dendrolagus scottae	Dendrolagus scottae		65609	Tenkile	Diprotodontia	2.06	11000.0	Mass filled from web encyclopedia; Age at female sexual maturity filled using lineage; 	19.85	20.0	no age record available	no age record available	no age record available	no age record available	20.0	1.01		
1219	Theria,Eutheria,Boreoeutheria,Laurasiatheria,Eulipotyphla,Talpidae,Desmana,Desmana moschata	Desmana moschata		182682	Desman	Eulipotyphla	0.41	1135.8	Mass filled from web encyclopedia; 	13.01	10.0	no age record available	no age record available	no age record available	no age record available	10.0	0.77		
1220	Theria,Eutheria,Boreoeutheria,Laurasiatheria,Chiroptera,Yinpterochiroptera,Pteropodoidea,Pteropodidae,Pteropodinae,Eidolon,Eidolon dupreanum	Eidolon dupreanum	Available	58063	Malagasy Straw-colored Fruit Bat	Chiroptera	1.25	316.75	Mass filled from web encyclopedia; Curated max observed in Malddaba_life_table, determined from living animals, modeled from existing data, or determined from live individuals using methylation clock, likely underestimation;	10.26	20.0	11.57	12.18	12.52	13.11	13.5	1.32		
1221	Theria,Eutheria,Afrotheria,Afrosoricida,Chrysochloridae,Chrysochlorinae,Eremitalpa,Eremitalpa granti	Eremitalpa granti		481707	Grant's Golden Mole	Afrosoricida	0.95	25.0	Mass filled from web encyclopedia; Age at female sexual maturity filled using lineage; 	6.4	2.0	no age record available	no age record available	no age record available	no age record available	2.0	0.31		
1222	Theria,Eutheria,Boreoeutheria,Laurasiatheria,Artiodactyla,Whippomorpha,Cetacea,Mysticeti,Balaenidae,Eubalaena,Eubalaena japonica	Eubalaena japonica		302098	North Pacific Right Whale	Artiodactyla	9.53	90000000.0	Mass filled from web encyclopedia; 	106.04	50.0	no age record available	no age record available	no age record available	no age record available	50.0	0.47		
1223	Theria,Eutheria,Boreoeutheria,Laurasiatheria,Artiodactyla,Whippomorpha,Cetacea,Odontoceti,Delphinidae,Feresa,Feresa attenuata	Feresa attenuata		103592	Pygmy Killer Whale	Artiodactyla	8.18	224982.0	Mass filled from web encyclopedia; Age at female sexual maturity filled using lineage; 	34.79	21.0	no age record available	no age record available	no age record available	no age record available	21.0	0.6		
1224	Theria,Eutheria,Boreoeutheria,Euarchontoglires,Dermoptera,Cynocephalidae,Galeopterus,Galeopterus variegatus	Galeopterus variegatus		482537	Sunda Flying Lemur	Dermoptera	1.68	1300.0	Mass filled from web encyclopedia; 	13.34	17.5	no age record available	no age record available	no age record available	no age record available	17.5	1.31		
1225	Theria,Eutheria,Boreoeutheria,Laurasiatheria,Artiodactyla,Ruminantia,Pecora,Bovidae,Antilopinae,Gazella,Gazella arabica	Gazella arabica		1229624	Arabian Gazelle	Artiodactyla	1.32	24000.0	Mass filled from web encyclopedia; Age at female sexual maturity filled using lineage; 	22.95	11.33	no age record available	no age record available	no age record available	no age record available	11.33	0.49		
1226	Theria,Eutheria,Boreoeutheria,Laurasiatheria,Carnivora,Feliformia,Viverridae,Viverrinae,Genetta,Genetta cristata	Genetta cristata		235203	Crested Servaline Genet	Carnivora	4.02	2267.96	Mass filled from web encyclopedia; Age at female sexual maturity filled using lineage; 	14.8	34.0	no age record available	no age record available	no age record available	no age record available	34.0	2.3		
1227	Theria,Metatheria,Didelphimorphia,Didelphidae,Didelphinae,Gracilinanus,Gracilinanus microtarsus	Gracilinanus microtarsus		126289	Brazilian Gracile Opossum	Didelphimorphia	0.74	52.0	Mass filled from web encyclopedia; Age at female sexual maturity filled using lineage; Curated max low relative to order, likely underestimation;	7.33	2.0	no age record available	no age record available	no age record available	no age record available	2.0	0.27		
1228	Theria,Eutheria,Boreoeutheria,Euarchontoglires,Glires,Rodentia,Myomorpha,Muroidea,Cricetidae,Sigmodontinae,Hylaeamys,Hylaeamys megacephalus	Hylaeamys megacephalus		89099	Azara's Broad-headed Oryzomys	Rodentia	0.14	115.0	Mass filled from web encyclopedia; Age at female sexual maturity filled using lineage; 	8.5	3.75	no age record available	no age record available	no age record available	no age record available	3.75	0.44		
1229	Theria,Eutheria,Boreoeutheria,Euarchontoglires,Primates,Strepsirrhini,Lemuriformes,Lepilemuridae,Lepilemur,Lepilemur leucopus	Lepilemur leucopus		100475	White-footed Sportive Lemur	Primates	1.62	540.0	Mass filled from web encyclopedia; Age at female sexual maturity filled using lineage; Curated max low relative to order, likely underestimation;	11.33	8.58	no age record available	no age record available	no age record available	no age record available	8.58	0.76		
1230	Theria,Eutheria,Boreoeutheria,Euarchontoglires,Glires,Lagomorpha,Leporidae,Lepus,Lepus arcticus	Lepus arcticus		62618	Arctic Hare	Lagomorpha	0.74	5500.0	Mass filled from web encyclopedia; Age at female sexual maturity filled using lineage; 	17.45	7.0	no age record available	no age record available	no age record available	no age record available	7.0	0.4		
1231	Theria,Eutheria,Boreoeutheria,Laurasiatheria,Artiodactyla,Ruminantia,Pecora,Bovidae,Cephalophinae,Leucocephalophus,Leucocephalophus adersi	Leucocephalophus adersi		129222	Aders' Duiker	Artiodactyla	1.27	12000.0	Mass filled from web encyclopedia; Age at female sexual maturity filled using lineage; Curated max low relative to order, likely underestimation;	20.17	4.08	no age record available	no age record available	no age record available	no age record available	4.08	0.2		
1232	Theria,Eutheria,Boreoeutheria,Laurasiatheria,Artiodactyla,Whippomorpha,Cetacea,Odontoceti,Delphinidae,Lissodelphis,Lissodelphis borealis	Lissodelphis borealis		103588	Northern Right Whale Dolphin	Artiodactyla	8.18	100000.0	Mass filled from web encyclopedia; Age at female sexual maturity filled using lineage; 	29.92	42.0	no age record available	no age record available	no age record available	no age record available	42.0	1.4		
1233	Theria,Eutheria,Boreoeutheria,Euarchontoglires,Primates,Haplorrhini,Simiiformes,Catarrhini,Cercopithecoidea,Cercopithecidae,Cercopithecinae,Macaca,Macaca pagensis	Macaca pagensis		230653	Pagai Island Macaque	Primates	4.05	9000.0	Mass filled from web encyclopedia; Age at female sexual maturity filled using lineage; 	19.12	30.0	no age record available	no age record available	no age record available	no age record available	30.0	1.57		
1234	Theria,Eutheria,Boreoeutheria,Laurasiatheria,Chiroptera,Yangochiroptera,Phyllostomidae,Phyllostominae,Macrophyllum,Macrophyllum macrophyllum	Macrophyllum macrophyllum		148062	Long-legged Bat	Chiroptera	0.92	9.0	Mass filled from web encyclopedia; Age at female sexual maturity filled using lineage; Curated max low relative to order, likely underestimation;	5.29	2.74	no age record available	no age record available	no age record available	no age record available	2.74	0.52		
1235	Theria,Eutheria,Boreoeutheria,Euarchontoglires,Glires,Rodentia,Sciuromorpha,Sciuridae,Xerinae,Marmotini,Marmota,Marmota menzbieri	Marmota menzbieri		93164	Menzbier's Marmot	Rodentia	2.37	5000.0	Mass filled from web encyclopedia; Age at female sexual maturity filled using lineage; 	17.14	15.0	no age record available	no age record available	no age record available	no age record available	15.0	0.88		
1236	Theria,Eutheria,Boreoeutheria,Laurasiatheria,Chiroptera,Yangochiroptera,Molossidae,Molossus,Molossus sinaloae	Molossus sinaloae		58076	Sinaloan Mastiff Bat	Chiroptera	0.28	24.0	Mass filled from web encyclopedia; Age at female sexual maturity filled using lineage; 	6.35	6.0	no age record available	no age record available	no age record available	no age record available	6.0	0.95		
1237	Theria,Eutheria,Boreoeutheria,Laurasiatheria,Chiroptera,Yangochiroptera,Vespertilionidae,Murina,Murina hilgendorfi	Murina hilgendorfi		685731	Hilgendorf's Tube-nosed Bat	Chiroptera	0.28	4.0	Mass filled from web encyclopedia; Age at female sexual maturity filled using lineage; 	4.55	16.0	no age record available	no age record available	no age record available	no age record available	16.0	3.52		
1238	Theria,Eutheria,Boreoeutheria,Laurasiatheria,Chiroptera,Yinpterochiroptera,Pteropodoidea,Pteropodidae,Epomophorinae,Myonycterini,Myonycteris,Myonycteris torquata	Myonycteris torquata		77243	Little Collared Fruit Bat	Chiroptera	0.58	43.0	Mass filled from web encyclopedia; Age at female sexual maturity filled using lineage; 	7.08	30.0	no age record available	no age record available	no age record available	no age record available	30.0	4.24		
1239	Theria,Eutheria,Boreoeutheria,Laurasiatheria,Chiroptera,Yangochiroptera,Vespertilionidae,Myotis,Myotis auriculus	Myotis auriculus		321263	Southwestern Myotis	Chiroptera	0.98	10.02	Mass at adulthood filled using lineage; Age at female sexual maturity filled using lineage; Curated max low relative to order, likely underestimation;	5.4	3.0	no age record available	no age record available	no age record available	no age record available	3.0	0.56		
1240	Theria,Eutheria,Boreoeutheria,Laurasiatheria,Chiroptera,Yangochiroptera,Vespertilionidae,Myotis,Myotis austroriparius	Myotis austroriparius		258936	Southeastern myotis	Chiroptera	0.98	8.0	Mass filled from web encyclopedia; Age at female sexual maturity filled using lineage; 	5.18	6.0	no age record available	no age record available	no age record available	no age record available	6.0	1.16		
1241	Theria,Eutheria,Boreoeutheria,Laurasiatheria,Chiroptera,Yangochiroptera,Vespertilionidae,Myotis,Myotis californicus	Myotis californicus		257882	California myotis	Chiroptera	0.98	5.4	Mass filled from web encyclopedia; Age at female sexual maturity filled using lineage; 	4.81	15.0	no age record available	no age record available	no age record available	no age record available	15.0	3.12		
1242	Theria,Eutheria,Boreoeutheria,Laurasiatheria,Chiroptera,Yangochiroptera,Vespertilionidae,Myotis,Myotis septentrionalis	Myotis septentrionalis		258941	Northern Myotis	Chiroptera	0.98	8.0	Mass filled from web encyclopedia; Age at female sexual maturity filled using lineage; 	5.18	19.0	no age record available	no age record available	no age record available	no age record available	19.0	3.67		
1243	Theria,Eutheria,Boreoeutheria,Laurasiatheria,Chiroptera,Yangochiroptera,Natalidae,Natalus,Natalus stramineus	Natalus stramineus		155040	Mexican Greater Funnel-eared Bat	Chiroptera	0.96	15.18	Mass at adulthood filled using lineage; Age at female sexual maturity filled using lineage; 	5.83	4.83	no age record available	no age record available	no age record available	no age record available	4.83	0.83		
1244	Theria,Eutheria,Boreoeutheria,Euarchontoglires,Glires,Rodentia,Myomorpha,Muroidea,Cricetidae,Neotominae,Neotoma,Neotoma magister	Neotoma magister		85047	Allegheny Woodrat	Rodentia	0.41	357.0	Mass filled from web encyclopedia; Age at female sexual maturity filled using lineage; 	10.49	4.83	no age record available	no age record available	no age record available	no age record available	4.83	0.46		
1245	Theria,Eutheria,Boreoeutheria,Euarchontoglires,Glires,Lagomorpha,Ochotonidae,Ochotona,Ochotona alpina	Ochotona alpina		130819	Alpine Pika	Lagomorpha	0.65	360.0	Mass filled from web encyclopedia; Age at female sexual maturity filled using lineage; Curated max low relative to order, likely underestimation;	10.51	3.0	no age record available	no age record available	no age record available	no age record available	3.0	0.29		
1246	Theria,Eutheria,Boreoeutheria,Euarchontoglires,Glires,Lagomorpha,Ochotonidae,Ochotona,Ochotona cansus	Ochotona cansus		130821	Gansu Pika	Lagomorpha	0.65	18400.0	Mass filled from web encyclopedia; Age at female sexual maturity filled using lineage; 	21.84	5.0	no age record available	no age record available	no age record available	no age record available	5.0	0.23		
1247	Theria,Eutheria,Boreoeutheria,Euarchontoglires,Glires,Lagomorpha,Ochotonidae,Ochotona,Ochotona pallasi	Ochotona pallasi		130839	Pallas's Pika	Lagomorpha	0.65	200.0	Mass filled from web encyclopedia; Age at female sexual maturity filled using lineage; 	9.42	4.0	no age record available	no age record available	no age record available	no age record available	4.0	0.42		
1248	Theria,Eutheria,Boreoeutheria,Euarchontoglires,Glires,Rodentia,Myomorpha,Muroidea,Cricetidae,Sigmodontinae,Oryzomys,Oryzomys palustris	Oryzomys palustris		37020	Marsh Oryzomys	Rodentia	0.14	80.0	Mass filled from web encyclopedia; Age at female sexual maturity filled using lineage; 	7.94	2.38	no age record available	no age record available	no age record available	no age record available	2.38	0.3		
1249	Theria,Eutheria,Boreoeutheria,Laurasiatheria,Chiroptera,Yangochiroptera,Vespertilionidae,Parastrellus,Parastrellus hesperus	Parastrellus hesperus		712816	Western Pipistrelle	Chiroptera	0.96	6.0	Mass filled from web encyclopedia; Age at female sexual maturity filled using lineage; 	4.91	6.08	no age record available	no age record available	no age record available	no age record available	6.08	1.24		
1250	Theria,Metatheria,Diprotodontia,Pseudocheiridae,Pseudochirulus,Pseudochirulus herbertensis	Pseudochirulus herbertensis		596260	Herbert River Ringtail	Diprotodontia	1.58	1500.0	Mass filled from web encyclopedia; Age at female sexual maturity filled using lineage; 	13.7	6.0	no age record available	no age record available	no age record available	no age record available	6.0	0.44		
1251	Theria,Eutheria,Boreoeutheria,Laurasiatheria,Artiodactyla,Whippomorpha,Cetacea,Odontoceti,Delphinidae,Sagmatias,Sagmatias obscurus	Sagmatias obscurus		3371156	Dusky Dolphin	Artiodactyla	10.49	85000.0	Mass filled from web encyclopedia; Age at female sexual maturity filled using lineage; 	29.03	36.0	no age record available	no age record available	no age record available	no age record available	36.0	1.24		
1252	Theria,Eutheria,Boreoeutheria,Euarchontoglires,Primates,Haplorrhini,Simiiformes,Platyrrhini,Cebidae,Cebinae,Sapajus,Sapajus nigritus	Sapajus nigritus		867366	Black Capuchin	Primates	4.66	2642.5	Mass at adulthood filled using lineage; Age at female sexual maturity filled using lineage; 	15.22	44.0	no age record available	no age record available	no age record available	no age record available	44.0	2.89		
1253	Theria,Metatheria,Dasyuromorphia,Dasyuridae,Sminthopsis,Sminthopsis leucopus	Sminthopsis leucopus		90761	White-footed Dunnart	Dasyuromorphia	0.61	27.0	Mass filled from web encyclopedia; Age at female sexual maturity filled using lineage; 	6.49	2.5	no age record available	no age record available	no age record available	no age record available	2.5	0.39		
1254	Theria,Eutheria,Boreoeutheria,Laurasiatheria,Chiroptera,Yinpterochiroptera,Pteropodoidea,Pteropodidae,Macroglossinae,Syconycteris,Syconycteris australis	Syconycteris australis		58085	Southern Blossom Bat	Chiroptera	1.15	21.0	Mass filled from web encyclopedia; Age at female sexual maturity filled using lineage; Curated max low relative to order, likely underestimation;	6.19	2.0	no age record available	no age record available	no age record available	no age record available	2.0	0.32		
1255	Theria,Eutheria,Boreoeutheria,Euarchontoglires,Glires,Lagomorpha,Leporidae,Sylvilagus,Sylvilagus dicei	Sylvilagus dicei		1868290	Dice's Cottontail	Lagomorpha	0.41	940.93	Mass at adulthood filled using lineage; Age at female sexual maturity filled using lineage; 	12.56	9.0	no age record available	no age record available	no age record available	no age record available	9.0	0.72		
1256	Theria,Eutheria,Boreoeutheria,Laurasiatheria,Artiodactyla,Ruminantia,Pecora,Bovidae,Bovinae,Tragelaphus,Tragelaphus buxtoni	Tragelaphus buxtoni		69296	Mountain Nyala	Artiodactyla	1.86	300000.0	Mass filled from web encyclopedia; 	36.71	15.0	no age record available	no age record available	no age record available	no age record available	15.0	0.41		
1257	Theria,Eutheria,Afrotheria,Sirenia,Trichechidae,Trichechus,Trichechus senegalensis	Trichechus senegalensis		327957	African Manatee	Sirenia	3.25	360000.0	Mass filled from web encyclopedia; Age at female sexual maturity filled using lineage; 	37.97	30.0	no age record available	no age record available	no age record available	no age record available	30.0	0.79		
1258	Theria,Eutheria,Boreoeutheria,Euarchontoglires,Scandentia,Tupaiidae,Tupaia,Tupaia longipes	Tupaia longipes		246436	Long-footed Treeshrew	Scandentia	0.44	164.1	Mass at adulthood filled using lineage; Age at female sexual maturity filled using lineage; 	9.08	12.0	no age record available	no age record available	no age record available	no age record available	12.0	1.32		
1259	Theria,Eutheria,Boreoeutheria,Laurasiatheria,Chiroptera,Yangochiroptera,Phyllostomidae,Phyllostominae,Vampyrum,Vampyrum spectrum	Vampyrum spectrum		148074	Spectral Bat	Chiroptera	0.92	6.7	Mass filled from web encyclopedia; Age at female sexual maturity filled using lineage; 	5.01	6.5	no age record available	no age record available	no age record available	no age record available	6.5	1.3		
1260	Prototheria,Monotremata,Tachyglossidae,Zaglossus,Zaglossus bartoni	Zaglossus bartoni		1684342	Eastern Long-beaked Echidna	Monotremata	1.5	10000.0	Mass filled from web encyclopedia; Age at female sexual maturity filled using lineage; 	19.5	30.0	no age record available	no age record available	no age record available	no age record available	30.0	1.54		
1261	Theria,Eutheria,Boreoeutheria,Laurasiatheria,Carnivora,Caniformia,Pinnipedia,Otariidae,Zalophus,Zalophus wollebaeki	Zalophus wollebaeki		419013	Galapagos Sea Lion	Carnivora	3.0	400000.0	Mass filled from web encyclopedia; Age at female sexual maturity filled using lineage; 	38.72	24.0	no age record available	no age record available	no age record available	no age record available	24.0	0.62		
1262	Theria,Eutheria,Boreoeutheria,Euarchontoglires,Primates,Haplorrhini,Simiiformes,Catarrhini,Hominoidea,Hominidae,Ponginae,Pongo,Pongo abelii	Pongo abelii	Available	9601	Sumatran orangutan	Primates	13.73	200000.0	Mass filled from web encyclopedia; 	34.04	60.94	48.07	51.07	52.34	54.8	56.37	1.66	60.94	57.59
1263	Theria,Eutheria,Afrotheria,Macroscelidea,Macroscelididae,Rhynchocyon,Rhynchocyon petersi	Rhynchocyon petersi	Available	320637	Black and rufous sengi	Macroscelidea	0.1	700.0	Mass filled from web encyclopedia; Age at female sexual maturity filled using lineage; 	11.89	8.87	6.68	7.51	7.78	8.35	8.54	0.72	8.87	8.76
1264	Theria,Eutheria,Boreoeutheria,Laurasiatheria,Artiodactyla,Suina,Suidae,Babyrousa,Babyrousa celebensis	Babyrousa celebensis	Available	1303000	North Sulawesi babirusa	Artiodactyla	1.5	100000.0	Mass filled from web encyclopedia; 	29.92	22.2	18.92	20.17	20.32	20.87	21.17	0.71	22.2	20.63
1265	Theria,Eutheria,Boreoeutheria,Laurasiatheria,Chiroptera,Yangochiroptera,Vespertilionidae,Pipistrellus,Pipistrellus pygmaeus	Pipistrellus pygmaeus		246814	Soprano pipistrelle	Chiroptera	1.25	6.0	Mass filled from web encyclopedia; Curated max observed in Malddaba_life_table, determined from living animals, modeled from existing data, or determined from live individuals using methylation clock, likely underestimation;	4.91	8.0	no age record available	no age record available	no age record available	no age record available	8.0	1.63		
1266	Theria,Eutheria,Boreoeutheria,Euarchontoglires,Primates,Haplorrhini,Simiiformes,Platyrrhini,Aotidae,Aotus,Aotus nancymaae	Aotus nancymaae	Available	37293	Nancy Ma's night monkey	Primates	0.84	790.0	Mass filled from web encyclopedia; 	12.16	32.2	26.47	30.03	30.84	31.82	32.2	2.65		
1267	Theria,Eutheria,Boreoeutheria,Euarchontoglires,Primates,Haplorrhini,Simiiformes,Platyrrhini,Aotidae,Aotus,Aotus nigriceps	Aotus nigriceps		57175	Black-headed night monkey	Primates	1.85	750.0	Mass filled from web encyclopedia; Age at female sexual maturity filled using lineage; 	12.04	30.02	no age record available	no age record available	no age record available	no age record available	30.02	2.49		
1268	Theria,Eutheria,Boreoeutheria,Euarchontoglires,Primates,Haplorrhini,Simiiformes,Platyrrhini,Pitheciidae,Pitheciinae,Chiropotes,Chiropotes chiropotes	Chiropotes chiropotes	Available	658221	Colombian black spider monkey	Primates	4.0	7100.0	Mass filled from web encyclopedia; Age at female sexual maturity filled using lineage; 	18.3	12.87	12.69	12.78	12.87	12.87	12.87	0.7		
1269	Theria,Eutheria,Boreoeutheria,Euarchontoglires,Primates,Haplorrhini,Simiiformes,Catarrhini,Cercopithecoidea,Cercopithecidae,Cercopithecinae,Chlorocebus,Chlorocebus sabaeus	Chlorocebus sabaeus	Available	60711	African green monkey	Primates	4.0	8000.0	Mass filled from web encyclopedia; 	18.71	31.49	26.88	29.03	29.06	30.28	30.49	1.63		
1270	Theria,Eutheria,Boreoeutheria,Euarchontoglires,Primates,Strepsirrhini,Lemuriformes,Lemuridae,Eulemur,Eulemur sanfordi	Eulemur sanfordi	Available	122225	Red brown lemur	Primates	1.64	1900.0	Mass filled from web encyclopedia; 	14.32	32.92	26.13	29.83	30.99	32.92	32.92	2.3		
1271	Theria,Eutheria,Boreoeutheria,Euarchontoglires,Primates,Strepsirrhini,Lemuriformes,Lemuridae,Eulemur,Eulemur albifrons	Eulemur albifrons	Available	1215604	Northern giant mouse lemur	Primates	1.62	2300.0	Mass filled from web encyclopedia; 	14.83	34.56	27.73	30.8	34.56	34.56	34.56	2.33		
1272	Theria,Eutheria,Boreoeutheria,Euarchontoglires,Primates,Strepsirrhini,Lemuriformes,Lemuridae,Eulemur,Eulemur rufus	Eulemur rufus		859983	White-headed lemur	Primates	2.8	2300.0	Mass filled from web encyclopedia; 	14.83	22.26	no age record available	no age record available	no age record available	no age record available	22.26	1.5		
1273	Theria,Eutheria,Boreoeutheria,Euarchontoglires,Primates,Strepsirrhini,Lemuriformes,Cheirogaleidae,Mirza,Mirza zaza	Mirza zaza	Available	339999	Northern giant mouse lemur	Primates	1.32	300.0	Mass filled from web encyclopedia; 	10.16	19.96	16.49	17.39	17.82	18.65	18.98	1.87		
1274	Theria,Eutheria,Boreoeutheria,Euarchontoglires,Primates,Strepsirrhini,Lemuriformes,Lemuridae,Eulemur,Eulemur rufifrons	Eulemur rufifrons	Available	859984	Red-fronted lemur	Primates	1.77	2300.0	Mass filled from web encyclopedia; Age at female sexual maturity filled using lineage; 	14.83	35.48	30.26	33.11	33.92	34.43	35.48	2.39		
1275	Theria,Eutheria,Boreoeutheria,Euarchontoglires,Primates,Strepsirrhini,Lorisiformes,Lorisidae,Loris,Loris lydekkerianus	Loris lydekkerianus		300163	Gray slender loris	Primates	1.03	255.0	Mass filled from web encyclopedia; 	9.85	15.07	no age record available	no age record available	no age record available	no age record available	15.07	1.53		
1276	Theria,Eutheria,Boreoeutheria,Euarchontoglires,Primates,Haplorrhini,Simiiformes,Catarrhini,Hominoidea,Hylobatidae,Nomascus,Nomascus gabriellae	Nomascus gabriellae		61852	Yellow-cheeked gibbon	Primates	7.47	7400.0	Mass filled from web encyclopedia; 	18.44	33.45	no age record available	no age record available	no age record available	no age record available	33.45	1.81		
1277	Theria,Eutheria,Boreoeutheria,Laurasiatheria,Chiroptera,Yangochiroptera,Phyllostomidae,Carolliinae,Carollia,Carollia sowelli	Carollia sowelli		208969	Sowell's short-tailed bat	Chiroptera	0.71	15.0	Mass at adulthood filled using lineage; Age at female sexual maturity filled using lineage; Curated max observed in Malddaba_life_table, determined from living animals, modeled from existing data, or determined from live individuals using methylation clock, likely underestimation;	5.82	7.35	no age record available	no age record available	no age record available	no age record available	7.35	1.26		
1278	Theria,Eutheria,Boreoeutheria,Laurasiatheria,Chiroptera,Yangochiroptera,Phyllostomidae,Stenodermatinae,Dermanura,Dermanura phaeotis	Dermanura phaeotis		40229	"Pygmy fruit-eating bat
"	Chiroptera	0.79	15.0	Mass filled from web encyclopedia; Age at female sexual maturity filled using lineage; Curated max observed in Malddaba_life_table, determined from living animals, modeled from existing data, or determined from live individuals using methylation clock, likely underestimation;	5.82	6.82	no age record available	no age record available	no age record available	no age record available	6.82	1.17		
1279	Theria,Eutheria,Boreoeutheria,Laurasiatheria,Chiroptera,Yangochiroptera,Phyllostomidae,Glossophaginae,Glossophaga,Glossophaga mutica	Glossophaga mutica		2994998	Merriam's Long-tongued Bat	Chiroptera	0.84	10.0	Mass at adulthood filled using lineage; Age at female sexual maturity filled using lineage; Curated max observed in Malddaba_life_table, determined from living animals, modeled from existing data, or determined from live individuals using methylation clock, likely underestimation;	5.4	8.52	no age record available	no age record available	no age record available	no age record available	8.52	1.58		
1280	Theria,Eutheria,Boreoeutheria,Laurasiatheria,Chiroptera,Yinpterochiroptera,Rhinolophoidea,Hipposideridae,Hipposideros,Hipposideros ruber	Hipposideros ruber	Available	463808	Noack's roundleaf bat	Chiroptera	1.48	9.6	Mass filled from web encyclopedia; Age at female sexual maturity filled using lineage; Curated max observed in Malddaba_life_table, determined from living animals, modeled from existing data, or determined from live individuals using methylation clock, likely underestimation;	5.35	15.48	9.5	11.59	13.43	15.48	15.48	2.89		
1281	Theria,Eutheria,Boreoeutheria,Laurasiatheria,Chiroptera,Yangochiroptera,Molossidae,Molossus,Molossus nigricans	Molossus nigricans		2997257	Northern Black Mastiff Bat	Chiroptera	0.28	19.0	Mass at adulthood filled using lineage; Age at female sexual maturity filled using lineage; Curated max observed in Malddaba_life_table, determined from living animals, modeled from existing data, or determined from live individuals using methylation clock, likely underestimation;	6.08	9.08	no age record available	no age record available	no age record available	no age record available	9.08	1.49		
1282	Theria,Eutheria,Boreoeutheria,Laurasiatheria,Chiroptera,Yangochiroptera,Vespertilionidae,Myotis,Myotis pilosatibialis	Myotis pilosatibialis		2940081	Northern Hairy-legged Myotis	Chiroptera	0.98	10.02	Mass at adulthood filled using lineage; Age at female sexual maturity filled using lineage; Curated max observed in Malddaba_life_table, determined from living animals, modeled from existing data, or determined from live individuals using methylation clock, likely underestimation;	5.4	4.73	no age record available	no age record available	no age record available	no age record available	4.73	0.88		
1283	Theria,Eutheria,Boreoeutheria,Laurasiatheria,Chiroptera,Yangochiroptera,Mormoopidae,Pteronotus,Pteronotus fulvus	Pteronotus fulvus		1884723	Thomas's Naked-backed Bat	Chiroptera	0.96	7.5	Mass filled from web encyclopedia; Age at female sexual maturity filled using lineage; Curated max observed in Malddaba_life_table, determined from living animals, modeled from existing data, or determined from live individuals using methylation clock, likely underestimation;	5.11	6.8	no age record available	no age record available	no age record available	no age record available	6.8	1.33		
1284	Theria,Eutheria,Boreoeutheria,Laurasiatheria,Chiroptera,Yangochiroptera,Mormoopidae,Pteronotus,Pteronotus mesoamericanus	Pteronotus mesoamericanus		1884717	Mesoamerican common mustached bat	Chiroptera	0.96	7.5	Mass at adulthood filled using lineage; Age at female sexual maturity filled using lineage; Curated max observed in Malddaba_life_table, determined from living animals, modeled from existing data, or determined from live individuals using methylation clock, likely underestimation;	5.11	7.74	no age record available	no age record available	no age record available	no age record available	7.74	1.51		
1285	Theria,Eutheria,Boreoeutheria,Laurasiatheria,Chiroptera,Yangochiroptera,Mormoopidae,Pteronotus,Pteronotus pusillus	Pteronotus pusillus		280975	Hispaniolan Common Mustached Bat	Chiroptera	0.96	7.5	Mass at adulthood filled using lineage; Age at female sexual maturity filled using lineage; Curated max observed in Malddaba_life_table, determined from living animals, modeled from existing data, or determined from live individuals using methylation clock, likely underestimation;	5.11	10.67	no age record available	no age record available	no age record available	no age record available	10.67	2.09		
1286	Theria,Eutheria,Boreoeutheria,Laurasiatheria,Chiroptera,Yinpterochiroptera,Rhinolophoidea,Rhinolophidae,Rhinolophinae,Rhinolophus,Rhinolophus alcyone	Rhinolophus alcyone	Available	249024	Halcyon horseshoe bat	Chiroptera	1.9	23.0	Mass filled from web encyclopedia; Age at female sexual maturity filled using lineage; Curated max observed in Malddaba_life_table, determined from living animals, modeled from existing data, or determined from live individuals using methylation clock, likely underestimation;	6.3	9.79	7.57	8.5	9.79	9.79	9.79	1.55		
1287	Theria,Eutheria,Boreoeutheria,Laurasiatheria,Chiroptera,Yangochiroptera,Phyllostomidae,Stenodermatinae,Sturnira,Sturnira parvidens	Sturnira parvidens		196700	Northern Yellow-shouldered Bat	Chiroptera	0.79	19.0	Mass filled from web encyclopedia; Age at female sexual maturity filled using lineage; Curated max observed in Malddaba_life_table, determined from living animals, modeled from existing data, or determined from live individuals using methylation clock, likely underestimation;	6.08	8.97	no age record available	no age record available	no age record available	no age record available	8.97	1.48		
1288	Theria,Eutheria,Boreoeutheria,Laurasiatheria,Chiroptera,Yangochiroptera,Nycteridae,Nycteris,Nycteris thebaica	Nycteris thebaica		59467	Egyptian slit-faced bat	Chiroptera	0.96	9.7	Mass filled from web encyclopedia; Age at female sexual maturity filled using lineage; Curated max observed in Malddaba_life_table, determined from living animals, modeled from existing data, or determined from live individuals using methylation clock, likely underestimation;	5.36	8.0	no age record available	no age record available	no age record available	no age record available	8.0	1.49		
1289	Theria,Eutheria,Boreoeutheria,Laurasiatheria,Chiroptera,Yinpterochiroptera,Rhinolophoidea,Hipposideridae,Hipposideros,Hipposideros armiger	Hipposideros armiger		186990	Great roundleaf bat	Chiroptera	1.42	60.0	Mass filled from web encyclopedia; Curated max observed in Malddaba_life_table, determined from living animals, modeled from existing data, or determined from live individuals using methylation clock, likely underestimation;	7.53	10.0	no age record available	no age record available	no age record available	no age record available	10.0	1.33		
1290	Theria,Eutheria,Boreoeutheria,Laurasiatheria,Chiroptera,Yangochiroptera,Vespertilionidae,Myotis,Myotis sibiricus	Myotis sibiricus		3380546	Siberian Whiskered Myotis	Chiroptera	0.98	6.0	Age at female sexual maturity filled using lineage; 	4.91	41.0	no age record available	no age record available	no age record available	no age record available	41.0	8.36		
1291	Theria,Eutheria,Boreoeutheria,Laurasiatheria,Chiroptera,Yinpterochiroptera,Pteropodoidea,Pteropodidae,Pteropodinae,Pteropus,Pteropus rufus	Pteropus rufus		196297	Madagascan flying fox	Chiroptera	1.75	750.0	Mass filled from web encyclopedia; Curated max observed in Malddaba_life_table, determined from living animals, modeled from existing data, or determined from live individuals using methylation clock, likely underestimation;	12.04	10.0	no age record available	no age record available	no age record available	no age record available	10.0	0.83		
1292	Theria,Eutheria,Boreoeutheria,Laurasiatheria,Chiroptera,Yinpterochiroptera,Pteropodoidea,Pteropodidae,Rousettinae,Eonycteris,Eonycteris spelaea	Eonycteris spelaea		58065	Cave nectar bat	Chiroptera	0.83	57.0	Mass filled from web encyclopedia; 	7.46	21.0	no age record available	no age record available	no age record available	no age record available	21.0	2.82		
1293	Theria,Eutheria,Boreoeutheria,Laurasiatheria,Chiroptera,Yangochiroptera,Miniopteridae,Miniopterus,Miniopterus natalensis	Miniopterus natalensis		291302	Natal long-fingered bat	Chiroptera	1.91	10.2	Mass filled from web encyclopedia; Curated max observed in Malddaba_life_table, determined from living animals, modeled from existing data, or determined from live individuals using methylation clock, likely underestimation;	5.42	12.5	no age record available	no age record available	no age record available	no age record available	12.5	2.31		
1294	Theria,Eutheria,Boreoeutheria,Euarchontoglires,Glires,Rodentia,Hystricomorpha,Bathyergidae,Bathyergus,Bathyergus suillus	Bathyergus suillus		10172	Cape dune mole-rat 	Rodentia	1.1	780.0	Age at female sexual maturity filled using lineage; 	12.13	6.0	no age record available	no age record available	no age record available	no age record available	6.0	0.49		
1295	Theria,Eutheria,Boreoeutheria,Euarchontoglires,Glires,Rodentia,Hystricomorpha,Bathyergidae,Fukomys,Fukomys darlingi	Fukomys darlingi		63616	Mashona mole-rat	Rodentia	1.3	110.0	Age at female sexual maturity filled using lineage; 	8.43	18.0	no age record available	no age record available	no age record available	no age record available	18.0	2.14		
1296	Theria,Eutheria,Boreoeutheria,Laurasiatheria,Artiodactyla,Ruminantia,Pecora,Bovidae,Bovinae,Bison	Bison spp.		0	Bison	Artiodactyla	2.25	620000.0	Mass at adulthood filled using lineage; Age at female sexual maturity filled using lineage; 	42.01	40.0	no age record available	no age record available	no age record available	no age record available	40.0	0.95		
1297	Theria,Eutheria,Boreoeutheria,Laurasiatheria,Artiodactyla	Nemorhaedus spp.		0	Goral	Artiodactyla	3.08	3174934.5	Mass at adulthood filled using lineage; Age at female sexual maturity filled using lineage; 	56.93	17.6	no age record available	no age record available	no age record available	no age record available	17.6	0.31		
1298	Theria,Eutheria,Boreoeutheria,Laurasiatheria,Artiodactyla,Ruminantia,Pecora,Bovidae,Hippotraginae,Oryx	Oryx spp.		0	Oryx	Artiodactyla	1.81	156283.33	Mass at adulthood filled using lineage; Age at female sexual maturity filled using lineage; 	32.51	20.0	no age record available	no age record available	no age record available	no age record available	20.0	0.62		
1299	Theria,Eutheria,Boreoeutheria,Laurasiatheria,Artiodactyla,Ruminantia,Pecora,Bovidae,Caprinae,Ovis	Ovis spp.		0	Sheep	Artiodactyla	1.6	86675.0	Mass at adulthood filled using lineage; Age at female sexual maturity filled using lineage; 	29.14	24.0	no age record available	no age record available	no age record available	no age record available	24.0	0.82	24.0	20.0
1300	Theria,Eutheria,Boreoeutheria,Laurasiatheria,Artiodactyla,Ruminantia,Pecora,Bovidae,Caprinae,Pseudois	Pseudois spp.		0	Bharal	Artiodactyla	2.0	55000.0	Mass at adulthood filled using lineage; Age at female sexual maturity filled using lineage; 	26.77	20.3	no age record available	no age record available	no age record available	no age record available	20.3	0.76		
1301	Theria,Eutheria,Boreoeutheria,Laurasiatheria,Artiodactyla	Rupricapra spp.		0	Chamois	Artiodactyla	3.08	3174934.5	Mass at adulthood filled using lineage; Age at female sexual maturity filled using lineage; 	56.93	22.0	no age record available	no age record available	no age record available	no age record available	22.0	0.39		
1302	Theria,Eutheria,Boreoeutheria,Laurasiatheria,Artiodactyla,Tylopoda,Camelidae,Camelus	Camelus spp.		0	Camel	Artiodactyla	2.94	636333.33	Mass at adulthood filled using lineage; Age at female sexual maturity filled using lineage; 	42.22	50.0	no age record available	no age record available	no age record available	no age record available	50.0	1.18		
1303	Theria,Eutheria,Boreoeutheria,Laurasiatheria,Artiodactyla,Ruminantia,Pecora,Cervidae,Odocoileinae,Capreolus	Capreolus spp.		0	Roe deer	Artiodactyla	1.13	30558.35	Mass at adulthood filled using lineage; Age at female sexual maturity filled using lineage; 	24.0	17.0	no age record available	no age record available	no age record available	no age record available	17.0	0.71		
1304	Theria,Eutheria,Boreoeutheria,Laurasiatheria,Artiodactyla,Ruminantia,Pecora,Moschidae,Moschus	Moschus spp.		0	Musk deer	Artiodactyla	1.51	11000.0	Mass at adulthood filled using lineage; Age at female sexual maturity filled using lineage; 	19.85	20.0	no age record available	no age record available	no age record available	no age record available	20.0	1.01		
1305	Theria,Eutheria,Boreoeutheria,Laurasiatheria,Artiodactyla,Suina,Suidae,Sus	Sus spp.		0	Pig,hog,or boar	Artiodactyla	0.89	102916.67	Mass at adulthood filled using lineage; Age at female sexual maturity filled using lineage; 	30.08	27.0	no age record available	no age record available	no age record available	no age record available	27.0	0.9		
1306	Theria,Eutheria,Boreoeutheria,Laurasiatheria,Carnivora,Caniformia,Canidae,Urocyon	Urocyon spp.		0	Gray fox	Carnivora	0.97	3320.35	Mass at adulthood filled using lineage; Age at female sexual maturity filled using lineage; 	15.88	13.7	no age record available	no age record available	no age record available	no age record available	13.7	0.86		
1307	Theria,Eutheria,Boreoeutheria,Laurasiatheria,Carnivora,Caniformia,Musteloidea,Mephitidae,Mephitis	Mephitis spp.		0	Striped skunk	Carnivora	0.92	2232.5	Mass at adulthood filled using lineage; Age at female sexual maturity filled using lineage; 	14.75	12.9	no age record available	no age record available	no age record available	no age record available	12.9	0.87		
1308	Theria,Eutheria,Boreoeutheria,Laurasiatheria,Carnivora,Caniformia,Musteloidea,Mephitidae,Spilogale	Spilogale spp.		0	Spotted skunk	Carnivora	0.42	600.0	Mass at adulthood filled using lineage; Age at female sexual maturity filled using lineage; 	11.55	9.8	no age record available	no age record available	no age record available	no age record available	9.8	0.85		
1309	Theria,Eutheria,Boreoeutheria,Laurasiatheria,Carnivora,Caniformia,Musteloidea,Procyonidae,Bassaricyon	Bassaricyon spp.		0	Olingo	Carnivora	1.83	1235.0	Mass at adulthood filled using lineage; Age at female sexual maturity filled using lineage; 	13.21	17.1	no age record available	no age record available	no age record available	no age record available	17.1	1.29		
1310	Theria,Eutheria,Boreoeutheria,Laurasiatheria,Carnivora,Caniformia,Musteloidea,Procyonidae,Procyon	Procyon spp.		0	Common raccoon	Carnivora	1.5	3128.33	Mass at adulthood filled using lineage; Age at female sexual maturity filled using lineage; 	15.71	20.6	no age record available	no age record available	no age record available	no age record available	20.6	1.31		
1311	Theria,Eutheria,Boreoeutheria,Laurasiatheria,Carnivora,Feliformia,Herpestidae,Crossarchus	Crossarchus spp.		0	Cusimanse	Carnivora	0.75	790.0	Mass at adulthood filled using lineage; Age at female sexual maturity filled using lineage; 	12.16	9.0	no age record available	no age record available	no age record available	no age record available	9.0	0.74		
1312	Theria,Eutheria,Boreoeutheria,Euarchontoglires,Dermoptera	Cynocephallus spp.		0	Colugo flying lemur	Dermoptera	1.73	1300.0	Mass at adulthood filled using lineage; Age at female sexual maturity filled using lineage; 	13.34	17.5	no age record available	no age record available	no age record available	no age record available	17.5	1.31		
1313	Theria,Eutheria,Afrotheria,Hyracoidea,Procaviidae,Heterohyrax	Heterohyrax spp.		0	Gray hyrax	Hyracoidea	1.35	2456.7	Mass at adulthood filled using lineage; Age at female sexual maturity filled using lineage; 	15.02	11.0	no age record available	no age record available	no age record available	no age record available	11.0	0.73	11.0	
1314	Theria,Eutheria,Boreoeutheria,Laurasiatheria,Eulipotyphla,Soricidae,Crocidurinae,Crocidura	Crocidura spp.		0	White-toothed shrew	Eulipotyphla	0.31	18.82	Mass at adulthood filled using lineage; Age at female sexual maturity filled using lineage; 	6.07	4.0	no age record available	no age record available	no age record available	no age record available	4.0	0.66		
1315	Theria,Eutheria,Boreoeutheria,Laurasiatheria,Eulipotyphla,Soricidae,Soricinae,Sorex	Sorex spp.		0	Long-tailed shrew	Eulipotyphla	0.79	7.47	Mass at adulthood filled using lineage; Age at female sexual maturity filled using lineage; 	5.11	2.0	no age record available	no age record available	no age record available	no age record available	2.0	0.39	2.0	
1316	Theria,Eutheria,Boreoeutheria,Laurasiatheria,Eulipotyphla,Soricidae,Crocidurinae,Suncus	Suncus spp.		0	Musk shrew	Eulipotyphla	0.55	24.0	Mass at adulthood filled using lineage; Age at female sexual maturity filled using lineage; 	6.35	2.5	no age record available	no age record available	no age record available	no age record available	2.5	0.39		
1317	Theria,Eutheria,Boreoeutheria,Laurasiatheria,Eulipotyphla,Soricidae,Soricinae,Cryptotis	Cryptotis spp.		0	Small-eared shrew	Eulipotyphla	0.11	4.5	Mass at adulthood filled using lineage; Age at female sexual maturity filled using lineage; 	4.65	2.6	no age record available	no age record available	no age record available	no age record available	2.6	0.56		
1318	Theria,Metatheria,Dasyuromorphia,Dasyuridae,Antechinus	Antechinus spp.		0	Broad-footed marsupial mouse	Dasyuromorphia	0.91	37.36	Mass at adulthood filled using lineage; Age at female sexual maturity filled using lineage; 	6.89	3.0	no age record available	no age record available	no age record available	no age record available	3.0	0.44	3.0	2.7
1319	Theria,Metatheria,Dasyuromorphia,Dasyuridae,Ningaui	Ningaui spp.		0	Ningaui	Dasyuromorphia	0.79	9.5	Mass at adulthood filled using lineage; Age at female sexual maturity filled using lineage; 	5.34	2.1	no age record available	no age record available	no age record available	no age record available	2.1	0.39	2.1	
1320	Theria,Metatheria,Didelphimorphia,Didelphidae,Didelphinae,Didelphis	Didelphis spp.		0	Large American opossum	Didelphimorphia	0.61	1571.0	Mass at adulthood filled using lineage; Age at female sexual maturity filled using lineage; 	13.82	7.0	no age record available	no age record available	no age record available	no age record available	7.0	0.51		
1321	Theria,Metatheria,Didelphimorphia,Didelphidae,Didelphinae,Marmosa,Exulomarmosa	Marmosa spp.		0	Murine mouse opossum	Didelphimorphia	0.94	62.25	Mass at adulthood filled using lineage; Age at female sexual maturity filled using lineage; 	7.58	3.0	no age record available	no age record available	no age record available	no age record available	3.0	0.4		
1322	Theria,Metatheria,Diprotodontia,Macropodidae,Dorcopsis	Dorcopsis spp.		0	Forest wallaby	Didelphimorphia	1.28	6723.33	Mass at adulthood filled using lineage; Age at female sexual maturity filled using lineage; 	18.11	8.0	no age record available	no age record available	no age record available	no age record available	8.0	0.44		
1323	Theria,Metatheria,Diprotodontia,Macropodidae,Onychogalea	Onychogalea spp.		0	Nailtail wallaby	Diprotodontia	0.51	5650.0	Mass at adulthood filled using lineage; Age at female sexual maturity filled using lineage; 	17.53	7.3	no age record available	no age record available	no age record available	no age record available	7.3	0.42		
1324	Theria,Metatheria,Diprotodontia,Macropodidae,Petrogale	Petrogale spp.		0	Rock wallaby	Diprotodontia	1.42	4241.67	Mass at adulthood filled using lineage; Age at female sexual maturity filled using lineage; 	16.62	14.4	no age record available	no age record available	no age record available	no age record available	14.4	0.87		
1325	Theria,Metatheria,Peramelemorphia,Peroryctidae,Echymipera	Echymipera spp.		0	New Guinean spiny bandicoot	Peramelemorphia	0.25	950.0	Mass at adulthood filled using lineage; Age at female sexual maturity filled using lineage; 	12.59	2.8	no age record available	no age record available	no age record available	no age record available	2.8	0.22		
1326	Theria,Metatheria,Peramelemorphia,Peramelidae,Isoodon	Isoodon spp.		0	Short-nosed bandicoot	Peramelemorphia	0.46	928.33	Mass at adulthood filled using lineage; Age at female sexual maturity filled using lineage; 	12.53	4.0	no age record available	no age record available	no age record available	no age record available	4.0	0.32		
1327	Theria,Metatheria,Peramelemorphia,Peramelidae,Perameles	Perameles spp.		0	Long-nosed bandicoot	Peramelemorphia	0.32	617.0	Mass at adulthood filled using lineage; Age at female sexual maturity filled using lineage; 	11.61	3.0	no age record available	no age record available	no age record available	no age record available	3.0	0.26		
1328	Theria,Metatheria,Diprotodontia,Petauridae,Dactylopsila	Dactylopsila spp.		0	Striped possum	Diprotodontia	1.31	318.0	Mass at adulthood filled using lineage; Age at female sexual maturity filled using lineage; 	10.27	4.9	no age record available	no age record available	no age record available	no age record available	4.9	0.48		
1329	Theria,Metatheria,Diprotodontia,Phalangeridae,Spilocuscus	Spilocuscus spp.		0	Spotted cuscus	Diprotodontia	0.61	3500.0	Mass at adulthood filled using lineage; Age at female sexual maturity filled using lineage; 	16.04	11.0	no age record available	no age record available	no age record available	no age record available	11.0	0.69		
1330	Theria,Metatheria,Diprotodontia,Potoroidae,Bettongia	Bettongia spp.		0	Bettong	Diprotodontia	0.65	1431.25	Mass at adulthood filled using lineage; Age at female sexual maturity filled using lineage; 	13.58	6.0	no age record available	no age record available	no age record available	no age record available	6.0	0.44		
1331	Theria,Metatheria,Diprotodontia,Potoroidae,Potorous	Potorous spp.		0	Potoroo	Diprotodontia	1.58	1540.0	Mass at adulthood filled using lineage; Age at female sexual maturity filled using lineage; 	13.77	12.0	no age record available	no age record available	no age record available	no age record available	12.0	0.87		
1332	Theria,Eutheria,Boreoeutheria,Euarchontoglires,Primates,Haplorrhini,Simiiformes,Platyrrhini,Cebidae,Callitrichinae,Leontopithecus	Leontopithecus spp.		0	Lion tamarin	Primates	1.69	586.5	Mass at adulthood filled using lineage; Age at female sexual maturity filled using lineage; 	11.51	15.0	no age record available	no age record available	no age record available	no age record available	15.0	1.3		
1333	Theria,Eutheria,Boreoeutheria,Euarchontoglires,Primates,Haplorrhini,Simiiformes,Platyrrhini,Aotidae,Aotus	Aotus spp.		0	Night monkey	Primates	1.85	886.17	Mass at adulthood filled using lineage; Age at female sexual maturity filled using lineage; 	12.42	18.5	no age record available	no age record available	no age record available	no age record available	18.5	1.49		
1334	Theria,Eutheria,Boreoeutheria,Euarchontoglires,Primates,Haplorrhini,Simiiformes,Platyrrhini,Atelidae,Atelinae,Ateles	Ateles spp.		0	Spider monkey	Primates	4.28	6948.33	Mass at adulthood filled using lineage; Age at female sexual maturity filled using lineage; 	18.22	33.0	no age record available	no age record available	no age record available	no age record available	33.0	1.81		
1335	Theria,Eutheria,Boreoeutheria,Euarchontoglires,Primates,Haplorrhini,Simiiformes,Platyrrhini,Cebidae,Saimiriinae,Saimiri	Saimiri spp.		0	Squirrel monkey	Primates	3.55	776.17	Mass at adulthood filled using lineage; Age at female sexual maturity filled using lineage; 	12.12	15.3	no age record available	no age record available	no age record available	no age record available	15.3	1.26		
1336	Theria,Eutheria,Boreoeutheria,Euarchontoglires,Primates,Haplorrhini,Simiiformes,Catarrhini,Cercopithecoidea,Cercopithecidae,Colobinae,Trachypithecus	Trachypithecus spp.		0	Leaf monkey	Primates	3.98	8593.53	Mass at adulthood filled using lineage; Age at female sexual maturity filled using lineage; 	18.96	23.7	no age record available	no age record available	no age record available	no age record available	23.7	1.25		
1337	Theria,Eutheria,Boreoeutheria,Euarchontoglires,Primates,Strepsirrhini,Lemuriformes,Cheirogaleidae,Cheirogaleus	Cheirogaleus spp.		0	Dwarf lemur	Primates	1.0	387.5	Mass at adulthood filled using lineage; Age at female sexual maturity filled using lineage; Curated max low relative to order, likely underestimation;	10.65	8.3	no age record available	no age record available	no age record available	no age record available	8.3	0.78		
1338	Theria,Eutheria,Boreoeutheria,Euarchontoglires,Primates,Strepsirrhini,Lorisiformes,Lorisidae,Nycticebus	Nycticebus spp		0	Slow loris	Primates	1.58	890.5	Mass at adulthood filled using lineage; Age at female sexual maturity filled using lineage; 	12.43	14.0	no age record available	no age record available	no age record available	no age record available	14.0	1.13		
1339	Theria,Eutheria,Boreoeutheria,Euarchontoglires,Primates,Strepsirrhini,Lemuriformes,Lepilemuridae,Lepilemur	Lepilemur spp.		0	Sportive lemur	Primates	1.62	673.0	Mass at adulthood filled using lineage; Age at female sexual maturity filled using lineage; Curated max low relative to order, likely underestimation;	11.8	8.6	no age record available	no age record available	no age record available	no age record available	8.6	0.73		
1340	Theria,Eutheria,Boreoeutheria,Euarchontoglires,Glires,Rodentia,Hystricomorpha,Bathyergidae,Cryptomys	Cryptomys spp.		0	Common mole-rat	Rodentia	1.23	90.0	Mass at adulthood filled using lineage; Age at female sexual maturity filled using lineage; 	8.12	2.4	no age record available	no age record available	no age record available	no age record available	2.4	0.3		
1341	Theria,Eutheria,Boreoeutheria,Euarchontoglires,Glires,Rodentia,Castorimorpha,Castoridae,Castor	Castor spp.		0	Beaver	Rodentia	0.64	1810.85	Mass at adulthood filled using lineage; Age at female sexual maturity filled using lineage; 	14.19	24.0	no age record available	no age record available	no age record available	no age record available	24.0	1.69		
1342	Theria,Eutheria,Boreoeutheria,Euarchontoglires,Glires,Rodentia,Hystricomorpha,Caviidae,Cavia	Cavia spp.		0	Guinea pig	Rodentia	0.18	568.83	Mass at adulthood filled using lineage; Age at female sexual maturity filled using lineage; 	11.44	8.0	no age record available	no age record available	no age record available	no age record available	8.0	0.7		
1343	Theria,Eutheria,Boreoeutheria,Euarchontoglires,Glires,Rodentia,Hystricomorpha,Chinchillidae,Chinchilla	Chinchilla spp.		0	Chinchilla	Rodentia	0.66	721.25	Mass at adulthood filled using lineage; Age at female sexual maturity filled using lineage; 	11.96	20.0	no age record available	no age record available	no age record available	no age record available	20.0	1.67		
1344	Theria,Eutheria,Boreoeutheria,Euarchontoglires,Glires,Rodentia,Hystricomorpha,Ctenodactylidae,Ctenodactylus	Ctenodactylus spp.		0	Gundi	Rodentia	0.87	231.9	Mass at adulthood filled using lineage; Age at female sexual maturity filled using lineage; 	9.68	5.0	no age record available	no age record available	no age record available	no age record available	5.0	0.52		
1345	Theria,Eutheria,Boreoeutheria,Euarchontoglires,Glires,Rodentia,Hystricomorpha,Ctenomyidae,Ctenomys	Ctenomys spp.		0	Tuco-tuco	Rodentia	0.67	480.0	Mass at adulthood filled using lineage; Age at female sexual maturity filled using lineage; 	11.08	3.0	no age record available	no age record available	no age record available	no age record available	3.0	0.27		
1346	Theria,Eutheria,Boreoeutheria,Euarchontoglires,Glires,Rodentia,Hystricomorpha,Dasyproctidae,Myoprocta	Myoprocta spp.		0	Acouchi	Rodentia	0.83	775.0	Mass at adulthood filled using lineage; Age at female sexual maturity filled using lineage; 	12.12	10.2	no age record available	no age record available	no age record available	no age record available	10.2	0.84		
1347	Theria,Eutheria,Boreoeutheria,Euarchontoglires,Glires,Rodentia,Castorimorpha,Geomyidae,Geomys	Geomys spp.		0	Eastern pocket gopher	Rodentia	0.25	286.85	Mass at adulthood filled using lineage; Age at female sexual maturity filled using lineage; 	10.07	7.0	no age record available	no age record available	no age record available	no age record available	7.0	0.69		
1348	Theria,Eutheria,Boreoeutheria,Euarchontoglires,Glires,Rodentia,Castorimorpha,Geomyidae,Thomomys	Thomomys spp		0	Western pocket gopher	Rodentia	0.98	98.17	Mass at adulthood filled using lineage; Age at female sexual maturity filled using lineage; 	8.25	5.0	no age record available	no age record available	no age record available	no age record available	5.0	0.61		
1349	Theria,Eutheria,Boreoeutheria,Euarchontoglires,Glires,Rodentia,Castorimorpha,Geomyidae,Thomomys	Thomomys spp.		0	Western pocket gopher	Rodentia	0.98	98.17	Mass at adulthood filled using lineage; Age at female sexual maturity filled using lineage; 	8.25	4.0	no age record available	no age record available	no age record available	no age record available	4.0	0.48		
1350	Theria,Eutheria,Boreoeutheria,Euarchontoglires,Glires,Rodentia,Castorimorpha,Heteromyidae,Dipodomyinae,Dipodomys	Dipodomys spp.		0	Kangaroo rat	Rodentia	0.34	74.5	Mass at adulthood filled using lineage; Age at female sexual maturity filled using lineage; 	7.84	9.8	no age record available	no age record available	no age record available	no age record available	9.8	1.25		
1351	Theria,Eutheria,Boreoeutheria,Euarchontoglires,Glires,Rodentia,Castorimorpha,Heteromyidae,Perognathinae,Perognathus	Perognathus spp.		0	Pocket mouse	Rodentia	0.31	10.8	Mass at adulthood filled using lineage; Age at female sexual maturity filled using lineage; 	5.47	8.0	no age record available	no age record available	no age record available	no age record available	8.0	1.46		
1352	Theria,Eutheria,Boreoeutheria,Euarchontoglires,Glires,Rodentia,Hystricomorpha,Hystricidae,Hystrix	Hystrix pumila		0	Indonesian porcupine	Rodentia	0.94	2740.0	Age at female sexual maturity filled using lineage; 	15.33	9.5	no age record available	no age record available	no age record available	no age record available	9.5	0.62		
1353	Theria,Eutheria,Boreoeutheria,Euarchontoglires,Glires,Rodentia,Hystricomorpha,Hystricidae,Hystrix	Hystrix spp.		0	Porcupine	Rodentia	0.94	13156.67	Mass at adulthood filled using lineage; Age at female sexual maturity filled using lineage; 	20.52	20.0	no age record available	no age record available	no age record available	no age record available	20.0	0.97		
1354	Theria,Eutheria,Boreoeutheria,Euarchontoglires,Glires,Rodentia,Myomorpha,Muroidea,Muridae,Deomyinae,Acomys	Acomys spp.		0	Spiny mouse	Rodentia	0.19	46.02	Mass at adulthood filled using lineage; Age at female sexual maturity filled using lineage; 	7.17	4.0	no age record available	no age record available	no age record available	no age record available	4.0	0.56		
1355	Theria,Eutheria,Boreoeutheria,Euarchontoglires,Glires,Rodentia,Myomorpha,Muroidea,Muridae,Murinae,Arvicanthis	Arvicanthis spp.		0	Unstriped grass mouse	Rodentia	0.12	110.0	Mass at adulthood filled using lineage; Age at female sexual maturity filled using lineage; 	8.43	7.0	no age record available	no age record available	no age record available	no age record available	7.0	0.83		
1356	Theria,Eutheria,Boreoeutheria,Euarchontoglires,Glires,Rodentia,Myomorpha,Muroidea,Spalacidae,Rhizomyinae,Cannomys	Cannomys spp.		0	Bamboo rat	Rodentia	0.41	650.0	Mass at adulthood filled using lineage; Age at female sexual maturity filled using lineage; 	11.73	4.0	no age record available	no age record available	no age record available	no age record available	4.0	0.34		
1357	Theria,Eutheria,Boreoeutheria,Euarchontoglires,Glires,Rodentia,Myomorpha,Muroidea,Muridae,Murinae,Chiropodomys	Chiropodomys spp.		0	Pencil-tailed tree mouse	Rodentia	0.28	29.0	Mass at adulthood filled using lineage; Age at female sexual maturity filled using lineage; 	6.58	4.0	no age record available	no age record available	no age record available	no age record available	4.0	0.61		
1358	Theria,Eutheria,Boreoeutheria,Euarchontoglires,Glires,Rodentia,Myomorpha,Muroidea,Nesomyidae,Cricetomyinae,Cricetomys	Cricetomys spp.		0	African giant pouched rat	Rodentia	0.44	1400.0	Mass at adulthood filled using lineage; Age at female sexual maturity filled using lineage; 	13.53	7.8	no age record available	no age record available	no age record available	no age record available	7.8	0.58		
1359	Theria,Eutheria,Boreoeutheria,Euarchontoglires,Glires,Rodentia,Myomorpha,Muroidea,Nesomyidae,Dendromurinae,Dendromus	Dendromus spp.		0	African climbing mouse	Rodentia	0.66	10.2	Mass at adulthood filled using lineage; Age at female sexual maturity filled using lineage; 	5.42	4.0	no age record available	no age record available	no age record available	no age record available	4.0	0.74		
1360	Theria,Eutheria,Boreoeutheria,Euarchontoglires,Glires,Rodentia,Myomorpha,Muroidea,Cricetidae,Arvicolinae,Dicrostonyx	Dicrostonyx spp.		0	Collared lemming	Rodentia	0.2	68.67	Mass at adulthood filled using lineage; Age at female sexual maturity filled using lineage; 	7.72	3.3	no age record available	no age record available	no age record available	no age record available	3.3	0.43		
1361	Theria,Eutheria,Boreoeutheria,Euarchontoglires,Glires,Rodentia	Hybomys spp.		0	Back-striped mouse	Rodentia	0.62	1136.53	Mass at adulthood filled using lineage; Age at female sexual maturity filled using lineage; 	13.01	4.0	no age record available	no age record available	no age record available	no age record available	4.0	0.31		
1362	Theria,Eutheria,Boreoeutheria,Euarchontoglires,Glires,Rodentia,Myomorpha,Muroidea,Cricetidae,Arvicolinae,Lemmus	Lemmus spp.		0	True lemming	Rodentia	0.07	70.0	Mass at adulthood filled using lineage; Age at female sexual maturity filled using lineage; Curated max low relative to order, likely underestimation;	7.75	2.0	no age record available	no age record available	no age record available	no age record available	2.0	0.26		
1363	Theria,Eutheria,Boreoeutheria,Euarchontoglires,Glires,Rodentia	Leopoldamys spp.		0	Long-tailed giant rat	Rodentia	0.62	1136.53	Mass at adulthood filled using lineage; Age at female sexual maturity filled using lineage; Curated max low relative to order, likely underestimation;	13.01	2.0	no age record available	no age record available	no age record available	no age record available	2.0	0.15		
1364	Theria,Eutheria,Boreoeutheria,Euarchontoglires,Glires,Rodentia	Lophuromys spp.		0	Brush-furred mouse	Rodentia	0.62	1136.53	Mass at adulthood filled using lineage; Age at female sexual maturity filled using lineage; Curated max low relative to order, likely underestimation;	13.01	2.0	no age record available	no age record available	no age record available	no age record available	2.0	0.15		
1365	Theria,Eutheria,Boreoeutheria,Euarchontoglires,Glires,Rodentia,Myomorpha,Muroidea,Muridae,Murinae,Mastomys	Mastomys spp.		0	Multimammate mouse	Rodentia	0.38	37.8	Mass at adulthood filled using lineage; Age at female sexual maturity filled using lineage; 	6.91	4.0	no age record available	no age record available	no age record available	no age record available	4.0	0.58		
1366	Theria,Eutheria,Boreoeutheria,Euarchontoglires,Glires,Rodentia	Millardia gleadowi		0	Sand-colored rat	Rodentia	0.62	70.0	Age at female sexual maturity filled using lineage; 	7.75	4.0	no age record available	no age record available	no age record available	no age record available	4.0	0.52		
1367	Theria,Eutheria,Boreoeutheria,Euarchontoglires,Glires,Rodentia	Millardia spp.		0	Asian soft-furred rat	Rodentia	0.62	1136.53	Mass at adulthood filled using lineage; Age at female sexual maturity filled using lineage; 	13.01	4.0	no age record available	no age record available	no age record available	no age record available	4.0	0.31		
1368	Theria,Eutheria,Boreoeutheria,Euarchontoglires,Glires,Rodentia,Myomorpha,Muroidea,Spalacidae,Spalacinae,Nannospalax	Nannospalax spp.		0	Mediterranean blind mole-rat	Rodentia	0.41	160.0	Mass at adulthood filled using lineage; Age at female sexual maturity filled using lineage; 	9.04	4.5	no age record available	no age record available	no age record available	no age record available	4.5	0.5		
1369	Theria,Eutheria,Boreoeutheria,Euarchontoglires,Glires,Rodentia,Myomorpha,Muroidea,Muridae,Murinae,Notomys	Notomys spp.		0	Australian hopping mouse	Rodentia	0.2	42.0	Mass at adulthood filled using lineage; Age at female sexual maturity filled using lineage; 	7.05	6.0	no age record available	no age record available	no age record available	no age record available	6.0	0.85		
1370	Theria,Eutheria,Boreoeutheria,Euarchontoglires,Glires,Rodentia,Myomorpha,Muroidea,Muridae,Murinae,Phloeomys	Phloeomys spp.		0	Slender-tailed cloud rat	Rodentia	0.28	1747.0	Mass at adulthood filled using lineage; Age at female sexual maturity filled using lineage; 	14.1	13.6	no age record available	no age record available	no age record available	no age record available	13.6	0.96		
1371	Theria,Eutheria,Boreoeutheria,Euarchontoglires,Glires,Rodentia	Pithecheir spp.		0	Monkey-footed rat	Rodentia	0.62	1136.53	Mass at adulthood filled using lineage; Age at female sexual maturity filled using lineage; 	13.01	3.0	no age record available	no age record available	no age record available	no age record available	3.0	0.23		
1372	Theria,Eutheria,Boreoeutheria,Euarchontoglires,Glires,Rodentia,Myomorpha,Muroidea,Muridae,Murinae,Pseudomys	Pseudomys spp.		0	Australian native mouse	Rodentia	0.69	47.18	Mass at adulthood filled using lineage; Age at female sexual maturity filled using lineage; 	7.2	6.0	no age record available	no age record available	no age record available	no age record available	6.0	0.83		
1373	Theria,Eutheria,Boreoeutheria,Euarchontoglires,Glires,Rodentia,Myomorpha,Muroidea,Spalacidae,Rhizomyinae,Rhizomys	Rhizomys spp.		0	Bamboo rat	Rodentia	0.41	3000.0	Mass at adulthood filled using lineage; Age at female sexual maturity filled using lineage; 	15.59	4.0	no age record available	no age record available	no age record available	no age record available	4.0	0.26		
1374	Theria,Eutheria,Boreoeutheria,Euarchontoglires,Glires,Rodentia,Myomorpha,Muroidea,Nesomyidae,Cricetomyinae,Saccostomus	Saccostomus spp.		0	African pouched rat	Rodentia	0.12	47.4	Mass at adulthood filled using lineage; Age at female sexual maturity filled using lineage; 	7.21	3.0	no age record available	no age record available	no age record available	no age record available	3.0	0.42		
1375	Theria,Eutheria,Boreoeutheria,Euarchontoglires,Glires,Rodentia,Myomorpha,Muroidea,Cricetidae,Arvicolinae,Synaptomys	Synaptomys spp.		0	Bog lemming	Rodentia	0.18	27.0	Mass at adulthood filled using lineage; Age at female sexual maturity filled using lineage; 	6.49	2.4	no age record available	no age record available	no age record available	no age record available	2.4	0.37	2.4	
1376	Theria,Eutheria,Boreoeutheria,Euarchontoglires,Glires,Rodentia,Myomorpha,Muroidea,Spalacidae,Rhizomyinae,Tachyoryctes	Tachyoryctes spp.		0	African mole-rat	Rodentia	0.41	220.0	Mass at adulthood filled using lineage; Age at female sexual maturity filled using lineage; 	9.59	3.1	no age record available	no age record available	no age record available	no age record available	3.1	0.32		
1377	Theria,Eutheria,Boreoeutheria,Euarchontoglires,Glires,Rodentia,Sciuromorpha,Sciuridae,Callosciurinae,Funambulini,Funisciurus	Funisciurus congicus		0	Congo rope squirrel	Rodentia	0.5	106.0	Age at female sexual maturity filled using lineage; 	8.37	9.5	no age record available	no age record available	no age record available	no age record available	9.5	1.14		
1378	Theria,Eutheria,Boreoeutheria,Euarchontoglires,Glires,Rodentia,Sciuromorpha,Sciuridae,Xerinae,Marmotini,Spermophilus	Spermophilus spp.		0	Ground squirrel	Rodentia	0.86	176.5	Mass at adulthood filled using lineage; Age at female sexual maturity filled using lineage; 	9.2	11.0	no age record available	no age record available	no age record available	no age record available	11.0	1.2	11.0	
1379	Theria,Eutheria,Boreoeutheria,Euarchontoglires,Glires,Rodentia,Sciuromorpha,Sciuridae,Sciurinae,Tamiasciurini,Tamiasciurus	Tamiasciurus spp.		0	Red squirrel	Rodentia	0.94	200.0	Mass at adulthood filled using lineage; Age at female sexual maturity filled using lineage; 	9.42	10.0	no age record available	no age record available	no age record available	no age record available	10.0	1.06		
1380	Theria,Eutheria,Boreoeutheria,Euarchontoglires,Glires,Rodentia,Myomorpha,Muroidea,Spalacidae,Spalacinae,Spalax	Spalax spp.		0	Blind mole-rat	Rodentia	0.41	200.0	Mass at adulthood filled using lineage; Age at female sexual maturity filled using lineage; 	9.42	4.0	no age record available	no age record available	no age record available	no age record available	4.0	0.42		
1381	Theria,Eutheria,Boreoeutheria,Euarchontoglires,Glires,Rodentia,Myomorpha,Dipodoidea,Dipodidae,Sicistinae,Sicista	Sicista spp.		0	Birch mouse	Rodentia	1.0	8.0	Mass at adulthood filled using lineage; Age at female sexual maturity filled using lineage; 	5.18	3.3	no age record available	no age record available	no age record available	no age record available	3.3	0.64		
1382	Theria,Eutheria,Xenarthra,Cingulata,Chlamyphoridae,Tolypeutes	Tolypeutes spp.		0	Three-banded armadillo	Cingulata	0.88	1350.0	Mass at adulthood filled using lineage; Age at female sexual maturity filled using lineage; 	13.44	15.0	no age record available	no age record available	no age record available	no age record available	15.0	1.12		
1383	Theria,Eutheria,Xenarthra,Pilosa,Vermilingua,Myrmecophagidae,Tamandua	Tamandua spp.		0	Tamandua	Pilosa	1.0	4500.0	Mass at adulthood filled using lineage; Age at female sexual maturity filled using lineage; 	16.81	9.5	no age record available	no age record available	no age record available	no age record available	9.5	0.57		
1384	Theria,Eutheria,Boreoeutheria,Laurasiatheria,Artiodactyla,Ruminantia,Pecora,Cervidae,Cervinae,Axis	Axis calamianensis		0	Calamian deer	Artiodactyla	0.83	40500.0		25.29	17.2	no age record available	no age record available	no age record available	no age record available	17.2	0.68		
1385	Theria,Eutheria,Boreoeutheria,Laurasiatheria,Carnivora,Feliformia,Viverridae,Viverrinae,Viverra	Viverra civettina		0	Malabar civet	Carnivora	1.0	12061.0		20.19	15.4	no age record available	no age record available	no age record available	no age record available	15.4	0.76		
1386	Theria,Eutheria,Boreoeutheria,Laurasiatheria,Chiroptera	Scotorepens balstoni		0	Western broad-nosed bat	Chiroptera	1.07	11.7	Age at female sexual maturity filled using lineage; 	5.55	9.7	no age record available	no age record available	no age record available	no age record available	9.7	1.75		
1387	Theria,Eutheria,Boreoeutheria,Laurasiatheria,Chiroptera	Scotorepens orion		0	Orion broad-nosed bat	Chiroptera	1.07	11.77	Age at female sexual maturity filled using lineage; 	5.56	11.1	no age record available	no age record available	no age record available	no age record available	11.1	2.0		
1388	Theria,Eutheria,Boreoeutheria,Euarchontoglires,Glires,Rodentia,Hystricomorpha,Dasyproctidae,Dasyprocta	Dasyprocta cristata		0	Crested agouti	Rodentia	0.93	2650.0	Age at female sexual maturity filled using lineage; 	15.23	14.0	no age record available	no age record available	no age record available	no age record available	14.0	0.92		
1389	Theria,Eutheria,Boreoeutheria,Euarchontoglires,Glires,Rodentia,Hystricomorpha,Dasyproctidae,Dasyprocta	Dasyprocta mexicana		0	Mexican agouti	Rodentia	0.93	2700.0	Age at female sexual maturity filled using lineage; 	15.28	13.1	no age record available	no age record available	no age record available	no age record available	13.1	0.86		
1390	Theria,Eutheria,Boreoeutheria,Euarchontoglires,Glires,Rodentia,Hystricomorpha,Dasyproctidae,Dasyprocta	Dasyprocta prymnolopha		0	Black-rumped agouti	Rodentia	0.93	2900.0	Age at female sexual maturity filled using lineage; 	15.49	16.3	no age record available	no age record available	no age record available	no age record available	16.3	1.05		
1391	Theria,Eutheria,Boreoeutheria,Laurasiatheria,Perissodactyla,Equidae,Equus	Equus burchellii		0	Burchell's Zebra	Perissodactyla	2.46	280000.0		36.24	40.0	no age record available	no age record available	no age record available	no age record available	40.0	1.1		
